meas_num,meas_date,discharge,x,y,station_ft,elev_gage_datum_ft,elev_navd88_ft
134,2017-12-01,5110,1288778.159,675345.154,-20,141.05,145.38
134,2017-12-01,5110,1288760.733,675335.1122,0,132.93,137.26
134,2017-12-01,5110,1288760.437,675334.9415,0.34,133.05,137.38
134,2017-12-01,5110,1288760.289,675334.8561,0.51,133.24,137.57
134,2017-12-01,5110,1288759.775,675334.5599,1.1,132.85,137.18
134,2017-12-01,5110,1288759.697,675334.5147,1.19,132.91,137.24
134,2017-12-01,5110,1288759.418,675334.3541,1.51,133.29,137.62
134,2017-12-01,5110,1288759.313,675334.2938,1.63,132.92,137.25
134,2017-12-01,5110,1288759.122,675334.1833,1.85,132.91,137.24
134,2017-12-01,5110,1288758.93,675334.0729,2.07,132.9,137.23
134,2017-12-01,5110,1288758.912,675334.0628,2.09,132.98,137.31
134,2017-12-01,5110,1288758.912,675334.0628,2.09,132.97,137.3
134,2017-12-01,5110,1288758.886,675334.0478,2.12,132.92,137.25
134,2017-12-01,5110,1288758.869,675334.0377,2.14,132.78,137.11
134,2017-12-01,5110,1288758.686,675333.9323,2.35,133,137.33
134,2017-12-01,5110,1288758.52,675333.8369,2.54,132.9,137.23
134,2017-12-01,5110,1288758.407,675333.7716,2.67,133.21,137.54
134,2017-12-01,5110,1288757.98,675333.5256,3.16,132.76,137.09
134,2017-12-01,5110,1288757.954,675333.5105,3.19,132.87,137.2
134,2017-12-01,5110,1288757.362,675333.1691,3.87,132.75,137.08
134,2017-12-01,5110,1288757.065,675332.9984,4.21,133.41,137.74
134,2017-12-01,5110,1288757.039,675332.9833,4.24,132.64,136.97
134,2017-12-01,5110,1288756.656,675332.7624,4.68,132.79,137.12
134,2017-12-01,5110,1288756.464,675332.652,4.9,132.85,137.18
134,2017-12-01,5110,1288756.116,675332.4511,5.3,132.84,137.17
134,2017-12-01,5110,1288756.081,675332.431,5.34,132.81,137.14
134,2017-12-01,5110,1288756.037,675332.4059,5.39,133.35,137.68
134,2017-12-01,5110,1288755.837,675332.2905,5.62,132.78,137.11
134,2017-12-01,5110,1288755.619,675332.1649,5.87,132.75,137.08
134,2017-12-01,5110,1288755.532,675332.1147,5.97,132.92,137.25
134,2017-12-01,5110,1288755.358,675332.0143,6.17,132.79,137.12
134,2017-12-01,5110,1288755.288,675331.9741,6.25,132.79,137.12
134,2017-12-01,5110,1288755.053,675331.8386,6.52,132.82,137.15
134,2017-12-01,5110,1288754.983,675331.7984,6.6,133.36,137.69
134,2017-12-01,5110,1288754.905,675331.7532,6.69,132.89,137.22
134,2017-12-01,5110,1288754.774,675331.6779,6.84,132.88,137.21
134,2017-12-01,5110,1288754.6,675331.5775,7.04,132.9,137.23
134,2017-12-01,5110,1288754.556,675331.5524,7.09,132.91,137.24
134,2017-12-01,5110,1288754.539,675331.5423,7.11,132.97,137.3
134,2017-12-01,5110,1288754.539,675331.5423,7.11,132.72,137.05
134,2017-12-01,5110,1288754.53,675331.5373,7.12,133,137.33
134,2017-12-01,5110,1288754.504,675331.5223,7.15,132.83,137.16
134,2017-12-01,5110,1288754.486,675331.5122,7.17,132.94,137.27
134,2017-12-01,5110,1288754.434,675331.4821,7.23,133.08,137.41
134,2017-12-01,5110,1288754.425,675331.4771,7.24,132.85,137.18
134,2017-12-01,5110,1288754.417,675331.472,7.25,132.72,137.05
134,2017-12-01,5110,1288754.356,675331.4369,7.32,132.95,137.28
134,2017-12-01,5110,1288754.094,675331.2863,7.62,133.27,137.6
134,2017-12-01,5110,1288753.179,675330.7591,8.67,133.17,137.5
134,2017-12-01,5110,1288752.239,675330.2168,9.75,133.08,137.41
134,2017-12-01,5110,1288751.341,675329.6997,10.78,133.01,137.34
134,2017-12-01,5110,1288750.357,675329.1323,11.91,132.8,137.13
134,2017-12-01,5110,1288749.337,675328.5449,13.08,132.73,137.06
134,2017-12-01,5110,1288748.222,675327.9022,14.36,132.64,136.97
134,2017-12-01,5110,1288747.142,675327.2796,15.6,132.5,136.83
134,2017-12-01,5110,1288746.375,675326.8377,16.48,132.34,136.67
134,2017-12-01,5110,1288745.774,675326.4913,17.17,132.25,136.58
134,2017-12-01,5110,1288745.303,675326.2202,17.71,132.39,136.72
134,2017-12-01,5110,1288744.798,675325.929,18.29,132.13,136.46
134,2017-12-01,5110,1288743.979,675325.457,19.23,132.19,136.52
134,2017-12-01,5110,1288743.212,675325.0151,20.11,132.13,136.46
134,2017-12-01,5110,1288742.489,675324.5984,20.94,132.14,136.47
134,2017-12-01,5110,1288741.748,675324.1716,21.79,131.92,136.25
134,2017-12-01,5110,1288741.173,675323.8403,22.45,132.14,136.47
134,2017-12-01,5110,1288740.598,675323.5089,23.11,132.12,136.45
134,2017-12-01,5110,1288740.032,675323.1825,23.76,132,136.33
134,2017-12-01,5110,1288739.631,675322.9516,24.22,131.99,136.32
134,2017-12-01,5110,1288738.925,675322.5449,25.03,131.88,136.21
134,2017-12-01,5110,1288738.612,675322.3641,25.39,131.85,136.18
134,2017-12-01,5110,1288738.411,675322.2486,25.62,131.88,136.21
134,2017-12-01,5110,1288738.272,675322.1683,25.78,131.95,136.28
134,2017-12-01,5110,1288737.871,675321.9373,26.24,131.97,136.3
134,2017-12-01,5110,1288737.061,675321.4704,27.17,131.97,136.3
134,2017-12-01,5110,1288736.163,675320.9532,28.2,131.91,136.24
134,2017-12-01,5110,1288735.31,675320.4612,29.18,131.73,136.06
134,2017-12-01,5110,1288734.386,675319.929,30.24,131.67,136
134,2017-12-01,5110,1288733.48,675319.4068,31.28,131.56,135.89
134,2017-12-01,5110,1288732.548,675318.8695,32.35,131.61,135.94
134,2017-12-01,5110,1288732.095,675318.6085,32.87,131.51,135.84
134,2017-12-01,5110,1288731.65,675318.3524,33.38,131.08,135.41
134,2017-12-01,5110,1288731.145,675318.0612,33.96,131.24,135.57
134,2017-12-01,5110,1288730.753,675317.8352,34.41,131.47,135.8
134,2017-12-01,5110,1288730.474,675317.6746,34.73,131.39,135.72
134,2017-12-01,5110,1288730.213,675317.5239,35.03,131.47,135.8
134,2017-12-01,5110,1288730.012,675317.4085,35.26,131.33,135.66
134,2017-12-01,5110,1288729.742,675317.2528,35.57,131.35,135.68
134,2017-12-01,5110,1288729.359,675317.0319,36.01,131.32,135.65
134,2017-12-01,5110,1288729.028,675316.8411,36.39,131.5,135.83
134,2017-12-01,5110,1288728.331,675316.4394,37.19,131.47,135.8
134,2017-12-01,5110,1288727.512,675315.9675,38.13,131.39,135.72
134,2017-12-01,5110,1288726.597,675315.4403,39.18,131.28,135.61
134,2017-12-01,5110,1288725.438,675314.7725,40.51,131.4,135.73
134,2017-12-01,5110,1288724.41,675314.18,41.69,131.39,135.72
134,2017-12-01,5110,1288723.364,675313.5775,42.89,131.43,135.76
134,2017-12-01,5110,1288722.789,675313.2461,43.55,131.37,135.7
134,2017-12-01,5110,1288722.049,675312.8193,44.4,131.39,135.72
134,2017-12-01,5110,1288721.16,675312.3072,45.42,131.32,135.65
134,2017-12-01,5110,1288720.838,675312.1214,45.79,131.38,135.71
134,2017-12-01,5110,1288720.812,675312.1064,45.82,131.42,135.75
134,2017-12-01,5110,1288720.637,675312.006,46.02,131.36,135.69
134,2017-12-01,5110,1288720.515,675311.9357,46.16,131.43,135.76
134,2017-12-01,5110,1288719.879,675311.5691,46.89,131.38,135.71
134,2017-12-01,5110,1288718.66,675310.8662,48.29,131.11,135.44
134,2017-12-01,5110,1288717.501,675310.1984,49.62,131.36,135.69
134,2017-12-01,5110,1288716.473,675309.606,50.8,131.31,135.64
134,2017-12-01,5110,1288716.229,675309.4654,51.08,131.16,135.49
134,2017-12-01,5110,1288715.784,675309.2093,51.59,131.1,135.43
134,2017-12-01,5110,1288715.079,675308.8026,52.4,131.17,135.5
134,2017-12-01,5110,1288714.033,675308.2001,53.6,131.15,135.48
134,2017-12-01,5110,1288712.813,675307.4972,55,131.04,135.37
134,2017-12-01,5110,1288711.14,675306.5331,56.92,131.22,135.55
134,2017-12-01,5110,1288709.773,675305.7449,58.49,131.02,135.35
134,2017-12-01,5110,1288708.927,675305.2578,59.46,130.79,135.12
134,2017-12-01,5110,1288708.013,675304.7306,60.51,130.9,135.23
134,2017-12-01,5110,1288707.324,675304.334,61.3,130.86,135.19
134,2017-12-01,5110,1288706.662,675303.9524,62.06,130.92,135.25
134,2017-12-01,5110,1288705.974,675303.5557,62.85,130.94,135.27
134,2017-12-01,5110,1288704.911,675302.9432,64.07,131.07,135.4
134,2017-12-01,5110,1288704.092,675302.4712,65.01,131.06,135.39
134,2017-12-01,5110,1288703.116,675301.9089,66.13,131.16,135.49
134,2017-12-01,5110,1288702.14,675301.3465,67.25,131.13,135.46
134,2017-12-01,5110,1288701.103,675300.7491,68.44,131.28,135.61
134,2017-12-01,5110,1288700.258,675300.262,69.41,131.25,135.58
134,2017-12-01,5110,1288699.099,675299.5942,70.74,131.31,135.64
134,2017-12-01,5110,1288697.627,675298.7457,72.43,131.3,135.63
134,2017-12-01,5110,1288696.677,675298.1984,73.52,131.3,135.63
134,2017-12-01,5110,1288695.632,675297.5959,74.72,131.4,135.73
134,2017-12-01,5110,1288694.691,675297.0537,75.8,131.41,135.74
134,2017-12-01,5110,1288693.968,675296.6369,76.63,131.44,135.77
134,2017-12-01,5110,1288692.87,675296.0043,77.89,131.51,135.84
134,2017-12-01,5110,1288691.572,675295.2562,79.38,131.46,135.79
134,2017-12-01,5110,1288690.082,675294.3976,81.09,131.58,135.91
134,2017-12-01,5110,1288689.367,675293.9859,81.91,131.49,135.82
134,2017-12-01,5110,1288688.914,675293.7248,82.43,131.46,135.79
134,2017-12-01,5110,1288688.4,675293.4286,83.02,131.5,135.83
134,2017-12-01,5110,1288687.808,675293.0871,83.7,131.48,135.81
134,2017-12-01,5110,1288686.858,675292.5399,84.79,131.43,135.76
134,2017-12-01,5110,1288685.751,675291.9022,86.06,131.47,135.8
134,2017-12-01,5110,1288684.122,675290.9633,87.93,131.6,135.93
134,2017-12-01,5110,1288682.519,675290.0394,89.77,131.66,135.99
134,2017-12-01,5110,1288681.543,675289.4771,90.89,131.84,136.17
134,2017-12-01,5110,1288680.986,675289.1558,91.53,131.92,136.25
134,2017-12-01,5110,1288680.123,675288.6587,92.52,131.87,136.2
134,2017-12-01,5110,1288679.025,675288.026,93.78,132,136.33
134,2017-12-01,5110,1288677.518,675287.1574,95.51,131.94,136.27
134,2017-12-01,5110,1288676.446,675286.5399,96.74,132.04,136.37
134,2017-12-01,5110,1288675.331,675285.8972,98.02,132.18,136.51
134,2017-12-01,5110,1288674.312,675285.3097,99.19,132.11,136.44
134,2017-12-01,5110,1288673.432,675284.8026,100.2,132.19,136.52
134,2017-12-01,5110,1288672.447,675284.2353,101.33,132.18,136.51
134,2017-12-01,5110,1288671.384,675283.6227,102.55,132.15,136.48
134,2017-12-01,5110,1288670.356,675283.0302,103.73,132.18,136.51
134,2017-12-01,5110,1288669.528,675282.5532,104.68,132.06,136.39
134,2017-12-01,5110,1288668.108,675281.7348,106.31,132.08,136.41
134,2017-12-01,5110,1288666.618,675280.8763,108.02,132.03,136.36
134,2017-12-01,5110,1288664.545,675279.6813,110.4,131.97,136.3
134,2017-12-01,5110,1288662.732,675278.6369,112.48,132.03,136.36
134,2017-12-01,5110,1288661.042,675277.6629,114.42,131.98,136.31
134,2017-12-01,5110,1288659.875,675276.9901,115.76,132.02,136.35
134,2017-12-01,5110,1288658.306,675276.0863,117.56,132.09,136.42
134,2017-12-01,5110,1288656.337,675274.9516,119.82,132.19,136.52
134,2017-12-01,5110,1288654.926,675274.1382,121.44,132.09,136.42
134,2017-12-01,5110,1288654.325,675273.7917,122.13,132.26,136.59
134,2017-12-01,5110,1288653.697,675273.4302,122.85,132.32,136.65
134,2017-12-01,5110,1288652.634,675272.8177,124.07,132.33,136.66
134,2017-12-01,5110,1288651.406,675272.1097,125.48,132.42,136.75
134,2017-12-01,5110,1288649.907,675271.2461,127.2,132.6,136.93
134,2017-12-01,5110,1288648.321,675270.3323,129.02,132.92,137.25
134,2017-12-01,5110,1288646.954,675269.544,130.59,133.14,137.47
134,2017-12-01,5110,1288645.037,675268.4394,132.79,133.34,137.67
134,2017-12-01,5110,1288643.268,675267.4202,134.82,133.72,138.05
134,2017-12-01,5110,1288642.283,675266.8528,135.95,134.15,138.48
134,2017-12-01,5110,1288641.238,675266.2503,137.15,134.15,138.48
134,2017-12-01,5110,1288640.454,675265.7984,138.05,134.32,138.65
134,2017-12-01,5110,1288639.452,675265.221,139.2,134.35,138.68
134,2017-12-01,5110,1288638.241,675264.5231,140.59,134.59,138.92
134,2017-12-01,5110,1288637.134,675263.8855,141.86,134.69,139.02
134,2017-12-01,5110,1288635.54,675262.9666,143.69,134.76,139.09
134,2017-12-01,5110,1288634.163,675262.1733,145.27,134.89,139.22
134,2017-12-01,5110,1288632.9,675261.4453,146.72,135.04,139.37
134,2017-12-01,5110,1288631.576,675260.6821,148.24,135.02,139.35
134,2017-12-01,5110,1288629.833,675259.6779,150.24,134.95,139.28
134,2017-12-01,5110,1288628.421,675258.8646,151.86,135.11,139.44
134,2017-12-01,5110,1288627.123,675258.1164,153.35,135.09,139.42
134,2017-12-01,5110,1288626.095,675257.524,154.53,135.15,139.48
134,2017-12-01,5110,1288625.215,675257.0169,155.54,135.2,139.53
134,2017-12-01,5110,1288624.64,675256.6855,156.2,135.23,139.56
134,2017-12-01,5110,1288624.353,675256.5198,156.53,135.29,139.62
134,2017-12-01,5110,1288623.934,675256.2788,157.01,135.34,139.67
134,2017-12-01,5110,1288623.534,675256.0478,157.47,135.42,139.75
134,2017-12-01,5110,1288623.15,675255.8269,157.91,135.52,139.85
134,2017-12-01,5110,1288622.619,675255.5206,158.52,135.44,139.77
134,2017-12-01,5110,1288621.791,675255.0436,159.47,135.55,139.88
134,2017-12-01,5110,1288621.111,675254.652,160.25,135.81,140.14
134,2017-12-01,5110,1288620.353,675254.2152,161.12,135.82,140.15
134,2017-12-01,5110,1288619.752,675253.8687,161.81,136.09,140.42
134,2017-12-01,5110,1288619.047,675253.462,162.62,136.2,140.53
134,2017-12-01,5110,1288618.524,675253.1608,163.22,136.34,140.67
134,2017-12-01,5110,1288617.67,675252.6687,164.2,136.48,140.81
134,2017-12-01,5110,1288616.99,675252.2771,164.98,136.56,140.89
134,2017-12-01,5110,1288616.197,675251.8202,165.89,136.68,141.01
134,2017-12-01,5110,1288615.5,675251.4185,166.69,136.87,141.2
134,2017-12-01,5110,1288614.925,675251.0872,167.35,136.93,141.26
134,2017-12-01,5110,1288614.446,675250.811,167.9,137.06,141.39
134,2017-12-01,5110,1288614.15,675250.6403,168.24,137.1,141.43
134,2017-12-01,5110,1288614.019,675250.565,168.39,137.13,141.46
134,2017-12-01,5110,1288613.984,675250.5449,168.43,137.22,141.55
134,2017-12-01,5110,1288613.889,675250.4897,168.54,137.19,141.52
134,2017-12-01,5110,1288613.767,675250.4194,168.68,137.19,141.52
134,2017-12-01,5110,1288613.592,675250.319,168.88,137.09,141.42
134,2017-12-01,5110,1288613.47,675250.2487,169.02,137.12,141.45
134,2017-12-01,5110,1288613.314,675250.1583,169.2,137.04,141.37
134,2017-12-01,5110,1288613.287,675250.1432,169.23,137.06,141.39
134,2017-12-01,5110,1288613.235,675250.1131,169.29,137.04,141.37
134,2017-12-01,5110,1288613.183,675250.083,169.35,137.09,141.42
134,2017-12-01,5110,1288613.183,675250.083,169.35,137.09,141.42
134,2017-12-01,5110,1288613.104,675250.0378,169.44,137.09,141.42
134,2017-12-01,5110,1288613.087,675250.0277,169.46,137.13,141.46
134,2017-12-01,5110,1288613.07,675250.0177,169.48,137.02,141.35
134,2017-12-01,5110,1288613.07,675250.0177,169.48,137.09,141.42
134,2017-12-01,5110,1288612.939,675249.9424,169.63,137.06,141.39
134,2017-12-01,5110,1288612.895,675249.9173,169.68,137.04,141.37
134,2017-12-01,5110,1288612.669,675249.7867,169.94,137.08,141.41
134,2017-12-01,5110,1288612.477,675249.6763,170.16,137.14,141.47
134,2017-12-01,5110,1288612.172,675249.5005,170.51,137.21,141.54
134,2017-12-01,5110,1288577.33,675229.4219,210.5,141.05,145.38
137,2018-06-29,2160,1288774.517,675332.0941,-16,139.85,144.18
137,2018-06-29,2160,1288760.094,675324.9028,0,136.76,141.09
137,2018-06-29,2160,1288759.986,675324.8488,0.12,136.81,141.14
137,2018-06-29,2160,1288759.941,675324.8264,0.17,136.8,141.13
137,2018-06-29,2160,1288759.653,675324.6825,0.49,136.81,141.14
137,2018-06-29,2160,1288759.094,675324.4039,1.11,136.81,141.14
137,2018-06-29,2160,1288758.976,675324.3454,1.24,136.84,141.17
137,2018-06-29,2160,1288758.94,675324.3275,1.28,136.85,141.18
137,2018-06-29,2160,1288758.913,675324.314,1.31,136.84,141.17
137,2018-06-29,2160,1288758.805,675324.26,1.43,136.83,141.16
137,2018-06-29,2160,1288758.787,675324.251,1.45,136.85,141.18
137,2018-06-29,2160,1288758.742,675324.2286,1.5,136.86,141.19
137,2018-06-29,2160,1288758.67,675324.1926,1.58,136.81,141.14
137,2018-06-29,2160,1288758.562,675324.1387,1.7,136.85,141.18
137,2018-06-29,2160,1288758.508,675324.1117,1.76,136.84,141.17
137,2018-06-29,2160,1288758.454,675324.0847,1.82,136.8,141.13
137,2018-06-29,2160,1288758.318,675324.0173,1.97,136.81,141.14
137,2018-06-29,2160,1288758.21,675323.9634,2.09,136.84,141.17
137,2018-06-29,2160,1288758.21,675323.9634,2.09,136.82,141.15
137,2018-06-29,2160,1288758.129,675323.9229,2.18,136.83,141.16
137,2018-06-29,2160,1288758.066,675323.8915,2.25,136.84,141.17
137,2018-06-29,2160,1288757.967,675323.842,2.36,136.79,141.12
137,2018-06-29,2160,1288757.895,675323.8061,2.44,136.81,141.14
137,2018-06-29,2160,1288757.895,675323.8061,2.44,136.76,141.09
137,2018-06-29,2160,1288757.823,675323.7701,2.52,136.84,141.17
137,2018-06-29,2160,1288757.48,675323.5993,2.9,136.85,141.18
137,2018-06-29,2160,1288756.957,675323.3386,3.48,136.84,141.17
137,2018-06-29,2160,1288756.93,675323.3252,3.51,136.88,141.21
137,2018-06-29,2160,1288756.813,675323.2667,3.64,136.89,141.22
137,2018-06-29,2160,1288756.543,675323.1319,3.94,136.9,141.23
137,2018-06-29,2160,1288756.453,675323.087,4.04,136.9,141.23
137,2018-06-29,2160,1288756.227,675322.9746,4.29,136.9,141.23
137,2018-06-29,2160,1288755.912,675322.8173,4.64,136.89,141.22
137,2018-06-29,2160,1288755.659,675322.6914,4.92,136.91,141.24
137,2018-06-29,2160,1288755.524,675322.624,5.07,136.88,141.21
137,2018-06-29,2160,1288755.497,675322.6105,5.1,136.86,141.19
137,2018-06-29,2160,1288755.344,675322.5341,5.27,136.84,141.17
137,2018-06-29,2160,1288755.29,675322.5071,5.33,136.7,141.03
137,2018-06-29,2160,1288755.127,675322.4262,5.51,136.82,141.15
137,2018-06-29,2160,1288755.055,675322.3903,5.59,136.78,141.11
137,2018-06-29,2160,1288754.821,675322.2734,5.85,136.68,141.01
137,2018-06-29,2160,1288754.487,675322.1071,6.22,136.6,140.93
137,2018-06-29,2160,1288754.127,675321.9273,6.62,136.54,140.87
137,2018-06-29,2160,1288753.541,675321.6352,7.27,136.45,140.78
137,2018-06-29,2160,1288753.072,675321.4015,7.79,136.31,140.64
137,2018-06-29,2160,1288752.108,675320.9206,8.86,136.22,140.55
137,2018-06-29,2160,1288751.251,675320.4936,9.81,136.1,140.43
137,2018-06-29,2160,1288750.341,675320.0396,10.82,136,140.33
137,2018-06-29,2160,1288750.07,675319.9048,11.12,136.01,140.34
137,2018-06-29,2160,1288749.259,675319.5003,12.02,135.94,140.27
137,2018-06-29,2160,1288748.89,675319.316,12.43,135.85,140.18
137,2018-06-29,2160,1288748.43,675319.0868,12.94,135.8,140.13
137,2018-06-29,2160,1288748.096,675318.9205,13.31,135.7,140.03
137,2018-06-29,2160,1288747.754,675318.7497,13.69,135.63,139.96
137,2018-06-29,2160,1288747.393,675318.5699,14.09,135.63,139.96
137,2018-06-29,2160,1288747.321,675318.5339,14.17,135.54,139.87
137,2018-06-29,2160,1288747.141,675318.444,14.37,135.44,139.77
137,2018-06-29,2160,1288747.096,675318.4216,14.42,135.46,139.79
137,2018-06-29,2160,1288746.825,675318.2867,14.72,135.39,139.72
137,2018-06-29,2160,1288746.573,675318.1609,15,135.28,139.61
137,2018-06-29,2160,1288746.366,675318.0575,15.23,135.21,139.54
137,2018-06-29,2160,1288745.699,675317.7249,15.97,135.07,139.4
137,2018-06-29,2160,1288745.455,675317.6036,16.24,134.85,139.18
137,2018-06-29,2160,1288745.158,675317.4552,16.57,134.63,138.96
137,2018-06-29,2160,1288744.563,675317.1586,17.23,134.48,138.81
137,2018-06-29,2160,1288743.887,675316.8215,17.98,134.29,138.62
137,2018-06-29,2160,1288743.355,675316.5563,18.57,134.02,138.35
137,2018-06-29,2160,1288742.967,675316.363,19,133.83,138.16
137,2018-06-29,2160,1288742.318,675316.0394,19.72,133.58,137.91
137,2018-06-29,2160,1288741.363,675315.563,20.78,133.39,137.72
137,2018-06-29,2160,1288740.578,675315.172,21.65,133.16,137.49
137,2018-06-29,2160,1288739.884,675314.8259,22.42,133.02,137.35
137,2018-06-29,2160,1288739.019,675314.3944,23.38,132.93,137.26
137,2018-06-29,2160,1288737.811,675313.7921,24.72,132.88,137.21
137,2018-06-29,2160,1288737.099,675313.4371,25.51,132.9,137.23
137,2018-06-29,2160,1288735.882,675312.8303,26.86,132.9,137.23
137,2018-06-29,2160,1288735.206,675312.4932,27.61,132.91,137.24
137,2018-06-29,2160,1288734.503,675312.1426,28.39,132.86,137.19
137,2018-06-29,2160,1288734.088,675311.9359,28.85,133.01,137.34
137,2018-06-29,2160,1288733.863,675311.8235,29.1,133.09,137.42
137,2018-06-29,2160,1288733.845,675311.8145,29.12,133.15,137.48
137,2018-06-29,2160,1288733.34,675311.5628,29.68,133.18,137.51
137,2018-06-29,2160,1288733.079,675311.4325,29.97,133.26,137.59
137,2018-06-29,2160,1288732.718,675311.2527,30.37,133.21,137.54
137,2018-06-29,2160,1288732.177,675310.983,30.97,133.3,137.63
137,2018-06-29,2160,1288731.023,675310.4077,32.25,133.43,137.76
137,2018-06-29,2160,1288730.32,675310.0571,33.03,133.41,137.74
137,2018-06-29,2160,1288729.689,675309.7425,33.73,133.47,137.8
137,2018-06-29,2160,1288729.194,675309.4953,34.28,133.5,137.83
137,2018-06-29,2160,1288728.734,675309.2661,34.79,133.51,137.84
137,2018-06-29,2160,1288728.085,675308.9425,35.51,133.49,137.82
137,2018-06-29,2160,1288727.382,675308.5919,36.29,133.61,137.94
137,2018-06-29,2160,1288726.688,675308.2458,37.06,133.63,137.96
137,2018-06-29,2160,1288725.777,675307.7919,38.07,133.62,137.95
137,2018-06-29,2160,1288724.695,675307.2525,39.27,133.63,137.96
137,2018-06-29,2160,1288723.587,675306.6997,40.5,133.63,137.96
137,2018-06-29,2160,1288722.667,675306.2412,41.52,133.61,137.94
137,2018-06-29,2160,1288721.622,675305.7199,42.68,133.67,138
137,2018-06-29,2160,1288720.468,675305.1445,43.96,133.59,137.92
137,2018-06-29,2160,1288720.107,675304.9648,44.36,133.68,138.01
137,2018-06-29,2160,1288719.188,675304.5063,45.38,133.67,138
137,2018-06-29,2160,1288717.944,675303.8861,46.76,133.66,137.99
137,2018-06-29,2160,1288716.844,675303.3377,47.98,133.6,137.93
137,2018-06-29,2160,1288716.339,675303.086,48.54,133.63,137.96
137,2018-06-29,2160,1288715.708,675302.7714,49.24,133.78,138.11
137,2018-06-29,2160,1288714.636,675302.2366,50.43,133.8,138.13
137,2018-06-29,2160,1288713.617,675301.7287,51.56,133.83,138.16
137,2018-06-29,2160,1288712.634,675301.2388,52.65,133.89,138.22
137,2018-06-29,2160,1288712.121,675300.9826,53.22,133.9,138.23
137,2018-06-29,2160,1288711.165,675300.5061,54.28,133.84,138.17
137,2018-06-29,2160,1288710.318,675300.0836,55.22,133.92,138.25
137,2018-06-29,2160,1288709.443,675299.6477,56.19,134.08,138.41
137,2018-06-29,2160,1288708.416,675299.1353,57.33,134.04,138.37
137,2018-06-29,2160,1288707.235,675298.5465,58.64,134.14,138.47
137,2018-06-29,2160,1288705.82,675297.8408,60.21,134.17,138.5
137,2018-06-29,2160,1288704.486,675297.1756,61.69,134.3,138.63
137,2018-06-29,2160,1288703.242,675296.5554,63.07,134.3,138.63
137,2018-06-29,2160,1288702.584,675296.2273,63.8,134.35,138.68
137,2018-06-29,2160,1288701.673,675295.7733,64.81,134.32,138.65
137,2018-06-29,2160,1288700.781,675295.3284,65.8,134.37,138.7
137,2018-06-29,2160,1288700.087,675294.9823,66.57,134.47,138.8
137,2018-06-29,2160,1288699.068,675294.4744,67.7,134.45,138.78
137,2018-06-29,2160,1288697.472,675293.6789,69.47,134.57,138.9
137,2018-06-29,2160,1288696.616,675293.2519,70.42,134.54,138.87
137,2018-06-29,2160,1288695.778,675292.8339,71.35,134.62,138.95
137,2018-06-29,2160,1288695.066,675292.4788,72.14,134.65,138.98
137,2018-06-29,2160,1288694.218,675292.0563,73.08,134.64,138.97
137,2018-06-29,2160,1288693.182,675291.5394,74.23,134.71,139.04
137,2018-06-29,2160,1288692.208,675291.054,75.31,134.76,139.09
137,2018-06-29,2160,1288691.108,675290.5057,76.53,134.84,139.17
137,2018-06-29,2160,1288690.153,675290.0292,77.59,134.85,139.18
137,2018-06-29,2160,1288689.053,675289.4809,78.81,134.85,139.18
137,2018-06-29,2160,1288687.935,675288.9236,80.05,134.99,139.32
137,2018-06-29,2160,1288687.286,675288.6,80.77,134.94,139.27
137,2018-06-29,2160,1288686.403,675288.1595,81.75,134.97,139.3
137,2018-06-29,2160,1288685.817,675287.8673,82.4,135.07,139.4
137,2018-06-29,2160,1288684.744,675287.3325,83.59,135.14,139.47
137,2018-06-29,2160,1288683.636,675286.7797,84.82,135.21,139.54
137,2018-06-29,2160,1288682.59,675286.2583,85.98,135.24,139.57
137,2018-06-29,2160,1288681.472,675285.701,87.22,135.34,139.67
137,2018-06-29,2160,1288680.571,675285.2515,88.22,135.43,139.76
137,2018-06-29,2160,1288679.678,675284.8065,89.21,135.51,139.84
137,2018-06-29,2160,1288678.993,675284.4649,89.97,135.5,139.83
137,2018-06-29,2160,1288678.317,675284.1278,90.72,135.53,139.86
137,2018-06-29,2160,1288677.605,675283.7728,91.51,135.65,139.98
137,2018-06-29,2160,1288676.587,675283.2649,92.64,135.72,140.05
137,2018-06-29,2160,1288675.721,675282.8334,93.6,135.71,140.04
137,2018-06-29,2160,1288674.63,675282.2896,94.81,135.78,140.11
137,2018-06-29,2160,1288673.486,675281.7187,96.08,135.84,140.17
137,2018-06-29,2160,1288672.215,675281.085,97.49,135.85,140.18
137,2018-06-29,2160,1288670.935,675280.4468,98.91,136.02,140.35
137,2018-06-29,2160,1288669.646,675279.8041,100.34,136.04,140.37
137,2018-06-29,2160,1288668.546,675279.2557,101.56,136.06,140.39
137,2018-06-29,2160,1288667.203,675278.586,103.05,136.04,140.37
137,2018-06-29,2160,1288666.346,675278.159,104,136.07,140.4
137,2018-06-29,2160,1288665.688,675277.8309,104.73,136.13,140.46
137,2018-06-29,2160,1288665.003,675277.4893,105.49,136.15,140.48
137,2018-06-29,2160,1288664.174,675277.0758,106.41,136.1,140.43
137,2018-06-29,2160,1288663.237,675276.6084,107.45,136.1,140.43
137,2018-06-29,2160,1288662.317,675276.15,108.47,136.1,140.43
137,2018-06-29,2160,1288661.542,675275.7634,109.33,136.16,140.49
137,2018-06-29,2160,1288660.758,675275.3724,110.2,136.22,140.55
137,2018-06-29,2160,1288659.919,675274.9544,111.13,136.25,140.58
137,2018-06-29,2160,1288659.108,675274.5499,112.03,136.21,140.54
137,2018-06-29,2160,1288657.855,675273.9251,113.42,136.25,140.58
137,2018-06-29,2160,1288656.737,675273.3678,114.66,136.22,140.55
137,2018-06-29,2160,1288655.565,675272.7835,115.96,136.14,140.47
137,2018-06-29,2160,1288654.538,675272.2711,117.1,136.24,140.57
137,2018-06-29,2160,1288653.213,675271.6104,118.57,136.27,140.6
137,2018-06-29,2160,1288652.167,675271.089,119.73,136.31,140.64
137,2018-06-29,2160,1288651.329,675270.671,120.66,136.28,140.61
137,2018-06-29,2160,1288649.932,675269.9744,122.21,136.31,140.64
137,2018-06-29,2160,1288648.697,675269.3586,123.58,136.35,140.68
137,2018-06-29,2160,1288647.795,675268.9092,124.58,136.32,140.65
137,2018-06-29,2160,1288646.668,675268.3473,125.83,136.34,140.67
137,2018-06-29,2160,1288645.181,675267.6057,127.48,136.33,140.66
137,2018-06-29,2160,1288643.649,675266.8417,129.18,136.35,140.68
137,2018-06-29,2160,1288642.36,675266.1989,130.61,136.31,140.64
137,2018-06-29,2160,1288641.296,675265.6686,131.79,136.28,140.61
137,2018-06-29,2160,1288639.935,675264.9899,133.3,136.26,140.59
137,2018-06-29,2160,1288638.538,675264.2932,134.85,136.32,140.65
137,2018-06-29,2160,1288637.258,675263.655,136.27,136.36,140.69
137,2018-06-29,2160,1288635.978,675263.0168,137.69,136.36,140.69
137,2018-06-29,2160,1288634.562,675262.3111,139.26,136.28,140.61
137,2018-06-29,2160,1288633.336,675261.6998,140.62,136.29,140.62
137,2018-06-29,2160,1288631.966,675261.0167,142.14,136.34,140.67
137,2018-06-29,2160,1288630.893,675260.4818,143.33,136.36,140.69
137,2018-06-29,2160,1288629.839,675259.9559,144.5,136.43,140.76
137,2018-06-29,2160,1288628.586,675259.3312,145.89,136.54,140.87
137,2018-06-29,2160,1288627.549,675258.8143,147.04,136.57,140.9
137,2018-06-29,2160,1288626.558,675258.3199,148.14,136.75,141.08
137,2018-06-29,2160,1288625.458,675257.7716,149.36,136.81,141.14
137,2018-06-29,2160,1288624.511,675257.2996,150.41,136.95,141.28
137,2018-06-29,2160,1288623.331,675256.7109,151.72,137,141.33
137,2018-06-29,2160,1288622.168,675256.1311,153.01,137.1,141.43
137,2018-06-29,2160,1288620.924,675255.5108,154.39,137.24,141.57
137,2018-06-29,2160,1288619.644,675254.8726,155.81,137.29,141.62
137,2018-06-29,2160,1288619.013,675254.5579,156.51,137.35,141.68
137,2018-06-29,2160,1288618.03,675254.068,157.6,137.45,141.78
137,2018-06-29,2160,1288617.327,675253.7175,158.38,137.5,141.83
137,2018-06-29,2160,1288616.525,675253.3174,159.27,137.5,141.83
137,2018-06-29,2160,1288615.957,675253.0343,159.9,137.59,141.92
137,2018-06-29,2160,1288615.389,675252.7511,160.53,137.63,141.96
137,2018-06-29,2160,1288614.884,675252.4994,161.09,137.64,141.97
137,2018-06-29,2160,1288614.569,675252.3421,161.44,137.64,141.97
137,2018-06-29,2160,1288614.19,675252.1533,161.86,137.6,141.93
137,2018-06-29,2160,1288613.821,675251.9691,162.27,137.59,141.92
137,2018-06-29,2160,1288613.361,675251.7398,162.78,137.61,141.94
137,2018-06-29,2160,1288613.027,675251.5735,163.15,137.62,141.95
137,2018-06-29,2160,1288612.631,675251.3758,163.59,137.58,141.91
137,2018-06-29,2160,1288612.315,675251.2185,163.94,137.55,141.88
137,2018-06-29,2160,1288611.919,675251.0207,164.38,137.59,141.92
137,2018-06-29,2160,1288611.531,675250.8274,164.81,137.63,141.96
137,2018-06-29,2160,1288610.81,675250.4679,165.61,137.64,141.97
137,2018-06-29,2160,1288610.431,675250.2791,166.03,137.64,141.97
137,2018-06-29,2160,1288609.981,675250.0544,166.53,137.67,142
137,2018-06-29,2160,1288609.647,675249.8881,166.9,137.71,142.04
137,2018-06-29,2160,1288609.259,675249.6948,167.33,137.72,142.05
137,2018-06-29,2160,1288608.971,675249.551,167.65,137.72,142.05
137,2018-06-29,2160,1288608.52,675249.3262,168.15,137.74,142.07
137,2018-06-29,2160,1288608.277,675249.2049,168.42,137.74,142.07
137,2018-06-29,2160,1288607.907,675249.0206,168.83,137.76,142.09
137,2018-06-29,2160,1288607.646,675248.8903,169.12,137.79,142.12
137,2018-06-29,2160,1288607.249,675248.6925,169.56,137.84,142.17
137,2018-06-29,2160,1288606.97,675248.5532,169.87,137.76,142.09
137,2018-06-29,2160,1288606.735,675248.4363,170.13,137.86,142.19
137,2018-06-29,2160,1288606.501,675248.3195,170.39,137.88,142.21
137,2018-06-29,2160,1288606.312,675248.2251,170.6,137.86,142.19
137,2018-06-29,2160,1288606.213,675248.1756,170.71,137.91,142.24
137,2018-06-29,2160,1288605.951,675248.0453,171,137.88,142.21
137,2018-06-29,2160,1288605.69,675247.9149,171.29,137.9,142.23
137,2018-06-29,2160,1288605.428,675247.7846,171.58,137.91,142.24
137,2018-06-29,2160,1288605.293,675247.7172,171.73,137.94,142.27
137,2018-06-29,2160,1288605.077,675247.6093,171.97,137.94,142.27
137,2018-06-29,2160,1288604.815,675247.479,172.26,137.96,142.29
137,2018-06-29,2160,1288604.545,675247.3441,172.56,137.94,142.27
137,2018-06-29,2160,1288604.112,675247.1284,173.04,137.95,142.28
137,2018-06-29,2160,1288603.851,675246.998,173.33,137.98,142.31
137,2018-06-29,2160,1288603.607,675246.8767,173.6,137.96,142.29
137,2018-06-29,2160,1288603.346,675246.7463,173.89,137.98,142.31
137,2018-06-29,2160,1288603.157,675246.652,174.1,137.98,142.31
137,2018-06-29,2160,1288602.913,675246.5306,174.37,138,142.33
137,2018-06-29,2160,1288602.688,675246.4182,174.62,137.98,142.31
137,2018-06-29,2160,1288602.4,675246.2744,174.94,138,142.33
137,2018-06-29,2160,1288602.039,675246.0946,175.34,138,142.33
137,2018-06-29,2160,1288601.877,675246.0137,175.52,137.97,142.3
137,2018-06-29,2160,1288601.705,675245.9283,175.71,137.99,142.32
137,2018-06-29,2160,1288601.552,675245.8519,175.88,138,142.33
137,2018-06-29,2160,1288601.282,675245.7171,176.18,138.03,142.36
137,2018-06-29,2160,1288600.984,675245.5688,176.51,138.03,142.36
137,2018-06-29,2160,1288600.723,675245.4384,176.8,138.02,142.35
137,2018-06-29,2160,1288600.516,675245.335,177.03,138.05,142.38
137,2018-06-29,2160,1288600.227,675245.1912,177.35,138.06,142.39
137,2018-06-29,2160,1288600.056,675245.1058,177.54,138.09,142.42
137,2018-06-29,2160,1288599.812,675244.9845,177.81,138.09,142.42
137,2018-06-29,2160,1288599.614,675244.8856,178.03,138.08,142.41
137,2018-06-29,2160,1288599.551,675244.8541,178.1,138.13,142.46
137,2018-06-29,2160,1288599.362,675244.7597,178.31,138.14,142.47
137,2018-06-29,2160,1288599.2,675244.6788,178.49,138.13,142.46
137,2018-06-29,2160,1288599.037,675244.5979,178.67,138.11,142.44
137,2018-06-29,2160,1288598.983,675244.571,178.73,138.13,142.46
137,2018-06-29,2160,1288598.956,675244.5575,178.76,138.11,142.44
137,2018-06-29,2160,1288598.956,675244.5575,178.76,138.12,142.45
137,2018-06-29,2160,1288580.928,675235.5683,198.76,139.85,144.18
138,2018-08-07,1540,1288778.919,675317.8449,-10,139.4,143.73
138,2018-08-07,1540,1288769.818,675313.385,0,136.41,140.74
138,2018-08-07,1540,1288769.809,675313.3806,0.01,136.37,140.7
138,2018-08-07,1540,1288769.8,675313.3761,0.02,136.52,140.85
138,2018-08-07,1540,1288769.791,675313.3717,0.03,136.36,140.69
138,2018-08-07,1540,1288769.782,675313.3672,0.04,136.54,140.87
138,2018-08-07,1540,1288769.773,675313.3627,0.05,136.54,140.87
138,2018-08-07,1540,1288769.773,675313.3627,0.05,136.4,140.73
138,2018-08-07,1540,1288769.773,675313.3627,0.05,136.4,140.73
138,2018-08-07,1540,1288769.773,675313.3627,0.05,136.42,140.75
138,2018-08-07,1540,1288769.764,675313.3583,0.06,136.49,140.82
138,2018-08-07,1540,1288769.764,675313.3583,0.06,136.36,140.69
138,2018-08-07,1540,1288769.755,675313.3538,0.07,136.39,140.72
138,2018-08-07,1540,1288769.755,675313.3538,0.07,136.41,140.74
138,2018-08-07,1540,1288769.746,675313.3494,0.08,136.38,140.71
138,2018-08-07,1540,1288769.727,675313.3404,0.1,136.52,140.85
138,2018-08-07,1540,1288769.655,675313.3048,0.18,136.56,140.89
138,2018-08-07,1540,1288769.6,675313.278,0.24,136.56,140.89
138,2018-08-07,1540,1288769.518,675313.2379,0.33,136.56,140.89
138,2018-08-07,1540,1288769.391,675313.1754,0.47,136.53,140.86
138,2018-08-07,1540,1288769.227,675313.0951,0.65,136.57,140.9
138,2018-08-07,1540,1288769.054,675313.0104,0.84,136.54,140.87
138,2018-08-07,1540,1288768.899,675312.9346,1.01,136.54,140.87
138,2018-08-07,1540,1288768.663,675312.8186,1.27,136.47,140.8
138,2018-08-07,1540,1288768.417,675312.6982,1.54,136.54,140.87
138,2018-08-07,1540,1288768.126,675312.5555,1.86,136.49,140.82
138,2018-08-07,1540,1288767.68,675312.337,2.35,136.47,140.8
138,2018-08-07,1540,1288767.197,675312.1006,2.88,136.49,140.82
138,2018-08-07,1540,1288766.542,675311.7795,3.6,136.54,140.87
138,2018-08-07,1540,1288766.005,675311.5163,4.19,136.56,140.89
138,2018-08-07,1540,1288765.286,675311.164,4.98,136.62,140.95
138,2018-08-07,1540,1288764.722,675310.8875,5.6,136.66,140.99
138,2018-08-07,1540,1288764.121,675310.5931,6.26,136.7,141.03
138,2018-08-07,1540,1288763.703,675310.388,6.72,136.76,141.09
138,2018-08-07,1540,1288763.23,675310.1561,7.24,136.77,141.1
138,2018-08-07,1540,1288762.729,675309.9108,7.79,136.82,141.15
138,2018-08-07,1540,1288762.01,675309.5584,8.58,136.94,141.27
138,2018-08-07,1540,1288761.327,675309.2239,9.33,137.02,141.35
138,2018-08-07,1540,1288760.672,675308.9028,10.05,137.05,141.38
138,2018-08-07,1540,1288760.244,675308.6932,10.52,137.09,141.42
138,2018-08-07,1540,1288759.808,675308.4791,11,137.08,141.41
138,2018-08-07,1540,1288759.435,675308.2963,11.41,137.12,141.45
138,2018-08-07,1540,1288758.907,675308.0376,11.99,137.08,141.41
138,2018-08-07,1540,1288758.534,675307.8547,12.4,137.07,141.4
138,2018-08-07,1540,1288758.179,675307.6808,12.79,137.04,141.37
138,2018-08-07,1540,1288757.86,675307.5247,13.14,137.02,141.35
138,2018-08-07,1540,1288757.514,675307.3552,13.52,137.01,141.34
138,2018-08-07,1540,1288757.132,675307.1679,13.94,136.99,141.32
138,2018-08-07,1540,1288756.595,675306.9048,14.53,137.01,141.34
138,2018-08-07,1540,1288756.204,675306.713,14.96,136.98,141.31
138,2018-08-07,1540,1288755.667,675306.4499,15.55,136.98,141.31
138,2018-08-07,1540,1288755.303,675306.2715,15.95,137.01,141.34
138,2018-08-07,1540,1288754.921,675306.0842,16.37,136.99,141.32
138,2018-08-07,1540,1288754.602,675305.9281,16.72,136.98,141.31
138,2018-08-07,1540,1288754.174,675305.7184,17.19,136.94,141.27
138,2018-08-07,1540,1288753.865,675305.5668,17.53,136.95,141.28
138,2018-08-07,1540,1288753.483,675305.3795,17.95,136.93,141.26
138,2018-08-07,1540,1288753.091,675305.1877,18.38,136.88,141.21
138,2018-08-07,1540,1288752.518,675304.9067,19.01,136.87,141.2
138,2018-08-07,1540,1288752.045,675304.6748,19.53,136.82,141.15
138,2018-08-07,1540,1288751.517,675304.4161,20.11,136.81,141.14
138,2018-08-07,1540,1288751.025,675304.1753,20.65,136.79,141.12
138,2018-08-07,1540,1288750.507,675303.9211,21.22,136.81,141.14
138,2018-08-07,1540,1288749.988,675303.6669,21.79,136.95,141.28
138,2018-08-07,1540,1288749.46,675303.4082,22.37,137.06,141.39
138,2018-08-07,1540,1288748.996,675303.1807,22.88,137.2,141.53
138,2018-08-07,1540,1288748.313,675302.8463,23.63,137.25,141.58
138,2018-08-07,1540,1288747.849,675302.6188,24.14,137.31,141.64
138,2018-08-07,1540,1288747.321,675302.3601,24.72,137.37,141.7
138,2018-08-07,1540,1288746.857,675302.1327,25.23,137.37,141.7
138,2018-08-07,1540,1288746.366,675301.8918,25.77,137.31,141.64
138,2018-08-07,1540,1288745.92,675301.6733,26.26,137.22,141.55
138,2018-08-07,1540,1288745.456,675301.4458,26.77,137.19,141.52
138,2018-08-07,1540,1288744.982,675301.2139,27.29,137.07,141.4
138,2018-08-07,1540,1288744.527,675300.9909,27.79,136.85,141.18
138,2018-08-07,1540,1288744.072,675300.7679,28.29,136.83,141.16
138,2018-08-07,1540,1288743.435,675300.4557,28.99,136.77,141.1
138,2018-08-07,1540,1288742.953,675300.2194,29.52,136.62,140.95
138,2018-08-07,1540,1288742.416,675299.9562,30.11,136.53,140.86
138,2018-08-07,1540,1288741.588,675299.5504,31.02,136.4,140.73
138,2018-08-07,1540,1288740.487,675299.0107,32.23,136.19,140.52
138,2018-08-07,1540,1288739.568,675298.5603,33.24,135.94,140.27
138,2018-08-07,1540,1288738.639,675298.1054,34.26,135.51,139.84
138,2018-08-07,1540,1288737.675,675297.6326,35.32,135.14,139.47
138,2018-08-07,1540,1288736.855,675297.2312,36.22,134.62,138.95
138,2018-08-07,1540,1288736.073,675296.8477,37.08,134.23,138.56
138,2018-08-07,1540,1288735.399,675296.5176,37.82,133.86,138.19
138,2018-08-07,1540,1288734.626,675296.1385,38.67,133.54,137.87
138,2018-08-07,1540,1288734.089,675295.8754,39.26,133.34,137.67
138,2018-08-07,1540,1288733.597,675295.6346,39.8,133.19,137.52
138,2018-08-07,1540,1288733.033,675295.3581,40.42,133.12,137.45
138,2018-08-07,1540,1288732.587,675295.1395,40.91,133.09,137.42
138,2018-08-07,1540,1288732.141,675294.921,41.4,133.07,137.4
138,2018-08-07,1540,1288731.668,675294.6891,41.92,133.03,137.36
138,2018-08-07,1540,1288731.186,675294.4527,42.45,133.03,137.36
138,2018-08-07,1540,1288730.74,675294.2342,42.94,133.08,137.41
138,2018-08-07,1540,1288730.267,675294.0022,43.46,133.05,137.38
138,2018-08-07,1540,1288729.693,675293.7213,44.09,133.16,137.49
138,2018-08-07,1540,1288729.138,675293.4492,44.7,133.22,137.55
138,2018-08-07,1540,1288728.401,675293.088,45.51,133.22,137.55
138,2018-08-07,1540,1288727.336,675292.5662,46.68,133.24,137.57
138,2018-08-07,1540,1288726.371,675292.0934,47.74,133.36,137.69
138,2018-08-07,1540,1288725.461,675291.6474,48.74,133.32,137.65
138,2018-08-07,1540,1288724.296,675291.0765,50.02,133.38,137.71
138,2018-08-07,1540,1288723.377,675290.6261,51.03,133.31,137.64
138,2018-08-07,1540,1288722.312,675290.1043,52.2,133.27,137.6
138,2018-08-07,1540,1288721.011,675289.4665,53.63,133.2,137.53
138,2018-08-07,1540,1288720.037,675288.9893,54.7,133.11,137.44
138,2018-08-07,1540,1288719.118,675288.5388,55.71,133.07,137.4
138,2018-08-07,1540,1288717.98,675287.9814,56.96,133.05,137.38
138,2018-08-07,1540,1288716.879,675287.4417,58.17,133.13,137.46
138,2018-08-07,1540,1288716.078,675287.0492,59.05,133.09,137.42
138,2018-08-07,1540,1288715.414,675286.7237,59.78,133.19,137.52
138,2018-08-07,1540,1288714.731,675286.3892,60.53,133.12,137.45
138,2018-08-07,1540,1288713.74,675285.903,61.62,133.25,137.58
138,2018-08-07,1540,1288712.902,675285.4927,62.54,133.34,137.67
138,2018-08-07,1540,1288712.129,675285.1136,63.39,133.34,137.67
138,2018-08-07,1540,1288711.337,675284.7256,64.26,133.46,137.79
138,2018-08-07,1540,1288710.582,675284.3555,65.09,133.43,137.76
138,2018-08-07,1540,1288709.699,675283.9228,66.06,133.48,137.81
138,2018-08-07,1540,1288708.561,675283.3653,67.31,133.62,137.95
138,2018-08-07,1540,1288707.551,675282.8703,68.42,133.72,138.05
138,2018-08-07,1540,1288706.468,675282.3396,69.61,133.83,138.16
138,2018-08-07,1540,1288705.385,675281.8088,70.8,133.87,138.2
138,2018-08-07,1540,1288704.275,675281.2647,72.02,133.96,138.29
138,2018-08-07,1540,1288702.928,675280.6047,73.5,134.06,138.39
138,2018-08-07,1540,1288701.863,675280.0829,74.67,134.17,138.5
138,2018-08-07,1540,1288700.734,675279.5298,75.91,134.17,138.5
138,2018-08-07,1540,1288699.597,675278.9723,77.16,134.23,138.56
138,2018-08-07,1540,1288698.432,675278.4015,78.44,134.34,138.67
138,2018-08-07,1540,1288697.294,675277.844,79.69,134.42,138.75
138,2018-08-07,1540,1288696.157,675277.2865,80.94,134.48,138.81
138,2018-08-07,1540,1288694.983,675276.7112,82.23,134.58,138.91
138,2018-08-07,1540,1288693.891,675276.176,83.43,134.62,138.95
138,2018-08-07,1540,1288693.008,675275.7434,84.4,134.62,138.95
138,2018-08-07,1540,1288691.843,675275.1725,85.68,134.72,139.05
138,2018-08-07,1540,1288690.551,675274.5392,87.1,134.83,139.16
138,2018-08-07,1540,1288689.131,675273.8434,88.66,134.92,139.25
138,2018-08-07,1540,1288687.657,675273.1209,90.28,135,139.33
138,2018-08-07,1540,1288686.228,675272.4207,91.85,135.09,139.42
138,2018-08-07,1540,1288684.99,675271.8142,93.21,135.13,139.46
138,2018-08-07,1540,1288683.934,675271.2968,94.37,135.17,139.5
138,2018-08-07,1540,1288682.851,675270.7661,95.56,135.25,139.58
138,2018-08-07,1540,1288681.659,675270.1818,96.87,135.3,139.63
138,2018-08-07,1540,1288680.349,675269.5396,98.31,135.28,139.61
138,2018-08-07,1540,1288679.038,675268.8974,99.75,135.35,139.68
138,2018-08-07,1540,1288677.6,675268.1927,101.33,135.37,139.7
138,2018-08-07,1540,1288676.126,675267.4702,102.95,135.47,139.8
138,2018-08-07,1540,1288674.688,675266.7655,104.53,135.5,139.83
138,2018-08-07,1540,1288673.214,675266.043,106.15,135.6,139.93
138,2018-08-07,1540,1288671.63,675265.267,107.89,135.66,139.99
138,2018-08-07,1540,1288670.065,675264.4999,109.61,135.71,140.04
138,2018-08-07,1540,1288668.682,675263.822,111.13,135.74,140.07
138,2018-08-07,1540,1288667.671,675263.327,112.24,135.8,140.13
138,2018-08-07,1540,1288666.607,675262.8051,113.41,135.67,140
138,2018-08-07,1540,1288665.524,675262.2744,114.6,135.76,140.09
138,2018-08-07,1540,1288664.404,675261.7258,115.83,135.76,140.09
138,2018-08-07,1540,1288663.321,675261.1951,117.02,135.74,140.07
138,2018-08-07,1540,1288662.338,675260.7134,118.1,135.75,140.08
138,2018-08-07,1540,1288661.556,675260.3299,118.96,135.68,140.01
138,2018-08-07,1540,1288660.527,675259.8259,120.09,135.66,139.99
138,2018-08-07,1540,1288659.599,675259.371,121.11,135.65,139.98
138,2018-08-07,1540,1288658.361,675258.7645,122.47,135.67,140
138,2018-08-07,1540,1288656.75,675257.9751,124.24,135.61,139.94
138,2018-08-07,1540,1288655.121,675257.1767,126.03,135.65,139.98
138,2018-08-07,1540,1288653.392,675256.3294,127.93,135.44,139.77
138,2018-08-07,1540,1288651.645,675255.473,129.85,135.6,139.93
138,2018-08-07,1540,1288649.807,675254.5721,131.87,135.63,139.96
138,2018-08-07,1540,1288647.996,675253.6846,133.86,135.66,139.99
138,2018-08-07,1540,1288646.175,675252.7926,135.86,135.66,139.99
138,2018-08-07,1540,1288644.455,675251.9497,137.75,135.73,140.06
138,2018-08-07,1540,1288642.69,675251.0845,139.69,135.73,140.06
138,2018-08-07,1540,1288640.56,675250.0409,142.03,135.74,140.07
138,2018-08-07,1540,1288638.877,675249.2158,143.88,135.84,140.17
138,2018-08-07,1540,1288637.184,675248.3862,145.74,135.92,140.25
138,2018-08-07,1540,1288635.509,675247.5656,147.58,135.98,140.31
138,2018-08-07,1540,1288633.935,675246.7941,149.31,136.04,140.37
138,2018-08-07,1540,1288632.033,675245.8619,151.4,136.06,140.39
138,2018-08-07,1540,1288630.668,675245.1929,152.9,136.06,140.39
138,2018-08-07,1540,1288629.53,675244.6355,154.15,135.97,140.3
138,2018-08-07,1540,1288628.447,675244.1047,155.34,135.95,140.28
138,2018-08-07,1540,1288627.592,675243.6855,156.28,135.93,140.26
138,2018-08-07,1540,1288626.909,675243.351,157.03,135.96,140.29
138,2018-08-07,1540,1288626.445,675243.1235,157.54,135.99,140.32
138,2018-08-07,1540,1288626.09,675242.9496,157.93,136.04,140.37
138,2018-08-07,1540,1288625.544,675242.682,158.53,136.09,140.42
138,2018-08-07,1540,1288624.998,675242.4144,159.13,136.18,140.51
138,2018-08-07,1540,1288624.343,675242.0933,159.85,136.27,140.6
138,2018-08-07,1540,1288623.642,675241.7499,160.62,136.39,140.72
138,2018-08-07,1540,1288622.914,675241.3931,161.42,136.54,140.87
138,2018-08-07,1540,1288622.186,675241.0363,162.22,136.69,141.02
138,2018-08-07,1540,1288621.458,675240.6795,163.02,136.83,141.16
138,2018-08-07,1540,1288620.875,675240.3941,163.66,136.94,141.27
138,2018-08-07,1540,1288620.284,675240.1042,164.31,136.99,141.32
138,2018-08-07,1540,1288619.856,675239.8946,164.78,137.13,141.46
138,2018-08-07,1540,1288619.383,675239.6627,165.3,137.13,141.46
138,2018-08-07,1540,1288618.928,675239.4397,165.8,137.24,141.57
138,2018-08-07,1540,1288618.409,675239.1854,166.37,137.31,141.64
138,2018-08-07,1540,1288617.927,675238.9491,166.9,137.37,141.7
138,2018-08-07,1540,1288617.444,675238.7127,167.43,137.39,141.72
138,2018-08-07,1540,1288616.88,675238.4362,168.05,137.45,141.78
138,2018-08-07,1540,1288616.334,675238.1686,168.65,137.49,141.82
138,2018-08-07,1540,1288615.943,675237.9768,169.08,137.49,141.82
138,2018-08-07,1540,1288615.551,675237.785,169.51,137.55,141.88
138,2018-08-07,1540,1288615.187,675237.6066,169.91,137.54,141.87
138,2018-08-07,1540,1288614.787,675237.4104,170.35,137.59,141.92
138,2018-08-07,1540,1288614.432,675237.2365,170.74,137.58,141.91
138,2018-08-07,1540,1288614.059,675237.0536,171.15,137.58,141.91
138,2018-08-07,1540,1288613.74,675236.8975,171.5,137.57,141.9
138,2018-08-07,1540,1288613.44,675236.7503,171.83,137.58,141.91
138,2018-08-07,1540,1288613.185,675236.6254,172.11,137.59,141.92
138,2018-08-07,1540,1288612.967,675236.5184,172.35,137.61,141.94
138,2018-08-07,1540,1288612.776,675236.4248,172.56,137.61,141.94
138,2018-08-07,1540,1288612.575,675236.3266,172.78,137.59,141.92
138,2018-08-07,1540,1288612.402,675236.2419,172.97,137.59,141.92
138,2018-08-07,1540,1288612.202,675236.1438,173.19,137.56,141.89
138,2018-08-07,1540,1288611.993,675236.0412,173.42,137.57,141.9
138,2018-08-07,1540,1288611.793,675235.9431,173.64,137.56,141.89
138,2018-08-07,1540,1288611.602,675235.8494,173.85,137.59,141.92
138,2018-08-07,1540,1288611.392,675235.7468,174.08,137.61,141.94
138,2018-08-07,1540,1288611.219,675235.6621,174.27,137.6,141.93
138,2018-08-07,1540,1288610.992,675235.5506,174.52,137.58,141.91
138,2018-08-07,1540,1288610.828,675235.4703,174.7,137.61,141.94
138,2018-08-07,1540,1288610.664,675235.3901,174.88,137.58,141.91
138,2018-08-07,1540,1288610.519,675235.3187,175.04,137.54,141.87
138,2018-08-07,1540,1288610.364,675235.2429,175.21,137.59,141.92
138,2018-08-07,1540,1288610.227,675235.176,175.36,137.6,141.93
138,2018-08-07,1540,1288610.082,675235.1046,175.52,137.59,141.92
138,2018-08-07,1540,1288609.954,675235.0422,175.66,137.53,141.86
138,2018-08-07,1540,1288609.809,675234.9708,175.82,137.57,141.9
138,2018-08-07,1540,1288609.672,675234.9039,175.97,137.58,141.91
138,2018-08-07,1540,1288609.481,675234.8103,176.18,137.53,141.86
138,2018-08-07,1540,1288609.354,675234.7478,176.32,137.52,141.85
138,2018-08-07,1540,1288609.244,675234.6943,176.44,137.57,141.9
138,2018-08-07,1540,1288609.144,675234.6452,176.55,137.53,141.86
138,2018-08-07,1540,1288609.053,675234.6006,176.65,137.54,141.87
138,2018-08-07,1540,1288608.99,675234.5694,176.72,137.53,141.86
138,2018-08-07,1540,1288608.935,675234.5427,176.78,137.53,141.86
138,2018-08-07,1540,1288608.889,675234.5204,176.83,137.54,141.87
138,2018-08-07,1540,1288608.826,675234.4892,176.9,137.5,141.83
138,2018-08-07,1540,1288608.78,675234.4669,176.95,137.55,141.88
138,2018-08-07,1540,1288608.707,675234.4312,177.03,137.52,141.85
138,2018-08-07,1540,1288608.653,675234.4044,177.09,137.52,141.85
138,2018-08-07,1540,1288608.607,675234.3821,177.14,137.53,141.86
138,2018-08-07,1540,1288608.544,675234.3509,177.21,137.54,141.87
138,2018-08-07,1540,1288608.48,675234.3197,177.28,137.53,141.86
138,2018-08-07,1540,1288608.434,675234.2974,177.33,137.51,141.84
138,2018-08-07,1540,1288608.371,675234.2662,177.4,137.51,141.84
138,2018-08-07,1540,1288608.316,675234.2394,177.46,137.52,141.85
138,2018-08-07,1540,1288608.252,675234.2082,177.53,137.5,141.83
138,2018-08-07,1540,1288608.189,675234.177,177.6,137.49,141.82
138,2018-08-07,1540,1288608.125,675234.1457,177.67,137.54,141.87
138,2018-08-07,1540,1288589.923,675225.2259,197.67,139.4,143.73
139,2018-09-04,856,,,-30,138.88,143.21
139,2018-09-04,856,,,0,135.93,140.26
139,2018-09-04,856,,,0.22,137.57,141.9
139,2018-09-04,856,,,0.31,136.03,140.36
139,2018-09-04,856,,,0.47,137.54,141.87
139,2018-09-04,856,,,0.69,136.13,140.46
139,2018-09-04,856,,,0.94,137.56,141.89
139,2018-09-04,856,,,1.11,136.26,140.59
139,2018-09-04,856,,,1.12,137.48,141.81
139,2018-09-04,856,,,1.63,137.37,141.7
139,2018-09-04,856,,,1.63,136.37,140.7
139,2018-09-04,856,,,1.64,137.52,141.85
139,2018-09-04,856,,,2.1,137.24,141.57
139,2018-09-04,856,,,2.2,136.47,140.8
139,2018-09-04,856,,,2.43,137.43,141.76
139,2018-09-04,856,,,2.54,137.14,141.47
139,2018-09-04,856,,,2.75,136.61,140.94
139,2018-09-04,856,,,2.85,137.06,141.39
139,2018-09-04,856,,,3.07,137,141.33
139,2018-09-04,856,,,3.2,137.28,141.61
139,2018-09-04,856,,,3.25,136.97,141.3
139,2018-09-04,856,,,3.26,136.73,141.06
139,2018-09-04,856,,,3.62,136.92,141.25
139,2018-09-04,856,,,3.72,136.82,141.15
139,2018-09-04,856,,,3.92,137.14,141.47
139,2018-09-04,856,,,4.13,136.86,141.19
139,2018-09-04,856,,,4.2,136.87,141.2
139,2018-09-04,856,,,4.49,137.04,141.37
139,2018-09-04,856,,,4.55,136.87,141.2
139,2018-09-04,856,,,4.88,136.89,141.22
139,2018-09-04,856,,,4.92,136.96,141.29
139,2018-09-04,856,,,4.99,136.81,141.14
139,2018-09-04,856,,,5.11,136.91,141.24
139,2018-09-04,856,,,5.16,136.93,141.26
139,2018-09-04,856,,,5.27,136.9,141.23
139,2018-09-04,856,,,5.31,136.92,141.25
139,2018-09-04,856,,,5.36,136.91,141.24
139,2018-09-04,856,,,5.91,136.74,141.07
139,2018-09-04,856,,,6.93,136.63,140.96
139,2018-09-04,856,,,7.97,136.45,140.78
139,2018-09-04,856,,,8.82,136.16,140.49
139,2018-09-04,856,,,9.58,135.83,140.16
139,2018-09-04,856,,,10.22,135.52,139.85
139,2018-09-04,856,,,10.87,135.23,139.56
139,2018-09-04,856,,,11.58,134.95,139.28
139,2018-09-04,856,,,12.49,134.61,138.94
139,2018-09-04,856,,,13.49,134.23,138.56
139,2018-09-04,856,,,14.6,133.79,138.12
139,2018-09-04,856,,,15.77,133.39,137.72
139,2018-09-04,856,,,16.82,133.09,137.42
139,2018-09-04,856,,,17.94,132.94,137.27
139,2018-09-04,856,,,19.28,132.83,137.16
139,2018-09-04,856,,,20.7,132.82,137.15
139,2018-09-04,856,,,22.17,132.89,137.22
139,2018-09-04,856,,,23.64,132.91,137.24
139,2018-09-04,856,,,25.02,132.92,137.25
139,2018-09-04,856,,,26.38,132.95,137.28
139,2018-09-04,856,,,27.77,132.85,137.18
139,2018-09-04,856,,,29.27,132.79,137.12
139,2018-09-04,856,,,30.83,132.61,136.94
139,2018-09-04,856,,,32.45,132.51,136.84
139,2018-09-04,856,,,34.09,132.39,136.72
139,2018-09-04,856,,,35.68,132.36,136.69
139,2018-09-04,856,,,37.04,132.41,136.74
139,2018-09-04,856,,,38.29,132.54,136.87
139,2018-09-04,856,,,39.52,132.69,137.02
139,2018-09-04,856,,,40.73,132.88,137.21
139,2018-09-04,856,,,41.92,133.06,137.39
139,2018-09-04,856,,,43.2,133.2,137.53
139,2018-09-04,856,,,44.43,133.42,137.75
139,2018-09-04,856,,,45.86,133.59,137.92
139,2018-09-04,856,,,47.44,133.7,138.03
139,2018-09-04,856,,,48.98,133.85,138.18
139,2018-09-04,856,,,50.42,133.96,138.29
139,2018-09-04,856,,,51.88,134.08,138.41
139,2018-09-04,856,,,53.26,134.2,138.53
139,2018-09-04,856,,,54.69,134.29,138.62
139,2018-09-04,856,,,56.18,134.41,138.74
139,2018-09-04,856,,,57.68,134.52,138.85
139,2018-09-04,856,,,59.04,134.65,138.98
139,2018-09-04,856,,,60.21,134.75,139.08
139,2018-09-04,856,,,61.33,134.84,139.17
139,2018-09-04,856,,,62.59,134.91,139.24
139,2018-09-04,856,,,64.1,134.97,139.3
139,2018-09-04,856,,,65.57,135.05,139.38
139,2018-09-04,856,,,67.04,135.15,139.48
139,2018-09-04,856,,,68.59,135.19,139.52
139,2018-09-04,856,,,70.03,135.27,139.6
139,2018-09-04,856,,,71.34,135.3,139.63
139,2018-09-04,856,,,72.84,135.35,139.68
139,2018-09-04,856,,,74.44,135.4,139.73
139,2018-09-04,856,,,76,135.45,139.78
139,2018-09-04,856,,,77.43,135.49,139.82
139,2018-09-04,856,,,78.81,135.51,139.84
139,2018-09-04,856,,,80.1,135.53,139.86
139,2018-09-04,856,,,81.29,135.55,139.88
139,2018-09-04,856,,,82.41,135.59,139.92
139,2018-09-04,856,,,83.51,135.59,139.92
139,2018-09-04,856,,,84.51,135.61,139.94
139,2018-09-04,856,,,85.38,135.64,139.97
139,2018-09-04,856,,,86.36,135.63,139.96
139,2018-09-04,856,,,87.61,135.63,139.96
139,2018-09-04,856,,,88.79,135.6,139.93
139,2018-09-04,856,,,89.92,135.55,139.88
139,2018-09-04,856,,,91.11,135.52,139.85
139,2018-09-04,856,,,92.42,135.5,139.83
139,2018-09-04,856,,,93.68,135.51,139.84
139,2018-09-04,856,,,94.82,135.53,139.86
139,2018-09-04,856,,,95.76,135.51,139.84
139,2018-09-04,856,,,96.56,135.49,139.82
139,2018-09-04,856,,,97.32,135.48,139.81
139,2018-09-04,856,,,98.05,135.47,139.8
139,2018-09-04,856,,,98.68,135.49,139.82
139,2018-09-04,856,,,99.47,135.43,139.76
139,2018-09-04,856,,,100.67,135.41,139.74
139,2018-09-04,856,,,102.06,135.41,139.74
139,2018-09-04,856,,,103.4,135.4,139.73
139,2018-09-04,856,,,104.59,135.43,139.76
139,2018-09-04,856,,,105.56,135.44,139.77
139,2018-09-04,856,,,106.37,135.46,139.79
139,2018-09-04,856,,,107.14,135.49,139.82
139,2018-09-04,856,,,107.86,135.53,139.86
139,2018-09-04,856,,,108.6,135.58,139.91
139,2018-09-04,856,,,109.31,135.61,139.94
139,2018-09-04,856,,,110.01,135.63,139.96
139,2018-09-04,856,,,110.89,135.63,139.96
139,2018-09-04,856,,,112.11,135.64,139.97
139,2018-09-04,856,,,113.71,135.64,139.97
139,2018-09-04,856,,,115.3,135.7,140.03
139,2018-09-04,856,,,116.79,135.78,140.11
139,2018-09-04,856,,,117.98,135.83,140.16
139,2018-09-04,856,,,119.03,135.88,140.21
139,2018-09-04,856,,,120.29,135.91,140.24
139,2018-09-04,856,,,121.64,135.99,140.32
139,2018-09-04,856,,,123.17,136,140.33
139,2018-09-04,856,,,124.72,135.99,140.32
139,2018-09-04,856,,,126.26,135.98,140.31
139,2018-09-04,856,,,127.66,135.94,140.27
139,2018-09-04,856,,,128.91,135.94,140.27
139,2018-09-04,856,,,129.97,135.9,140.23
139,2018-09-04,856,,,130.93,135.86,140.19
139,2018-09-04,856,,,131.82,135.87,140.2
139,2018-09-04,856,,,132.75,135.91,140.24
139,2018-09-04,856,,,133.8,135.93,140.26
139,2018-09-04,856,,,134.68,135.98,140.31
139,2018-09-04,856,,,135.46,135.99,140.32
139,2018-09-04,856,,,136.18,136.05,140.38
139,2018-09-04,856,,,136.84,136.13,140.46
139,2018-09-04,856,,,137.39,136.2,140.53
139,2018-09-04,856,,,137.98,136.27,140.6
139,2018-09-04,856,,,138.57,136.35,140.68
139,2018-09-04,856,,,139.09,136.43,140.76
139,2018-09-04,856,,,139.56,136.55,140.88
139,2018-09-04,856,,,139.99,136.61,140.94
139,2018-09-04,856,,,140.42,136.7,141.03
139,2018-09-04,856,,,140.87,136.73,141.06
139,2018-09-04,856,,,141.34,136.84,141.17
139,2018-09-04,856,,,141.79,136.91,141.24
139,2018-09-04,856,,,142.25,137,141.33
139,2018-09-04,856,,,142.74,137.05,141.38
139,2018-09-04,856,,,143.25,137.11,141.44
139,2018-09-04,856,,,143.74,137.18,141.51
139,2018-09-04,856,,,144.24,137.22,141.55
139,2018-09-04,856,,,144.73,137.27,141.6
139,2018-09-04,856,,,145.24,137.32,141.65
139,2018-09-04,856,,,145.78,137.39,141.72
139,2018-09-04,856,,,146.24,137.38,141.71
139,2018-09-04,856,,,146.68,137.39,141.72
139,2018-09-04,856,,,147.09,137.41,141.74
139,2018-09-04,856,,,147.48,137.44,141.77
139,2018-09-04,856,,,147.85,137.47,141.8
139,2018-09-04,856,,,148.25,137.5,141.83
139,2018-09-04,856,,,148.64,137.51,141.84
139,2018-09-04,856,,,149,137.57,141.9
139,2018-09-04,856,,,149.33,137.62,141.95
139,2018-09-04,856,,,149.64,137.59,141.92
139,2018-09-04,856,,,149.91,137.63,141.96
139,2018-09-04,856,,,150.15,137.62,141.95
139,2018-09-04,856,,,150.35,137.64,141.97
139,2018-09-04,856,,,150.56,137.65,141.98
139,2018-09-04,856,,,150.78,137.67,142
139,2018-09-04,856,,,150.99,137.69,142.02
139,2018-09-04,856,,,151.2,137.68,142.01
139,2018-09-04,856,,,176.19,138.88,143.21
140,2018-10-10,1230,,,-15,139.24,143.57
140,2018-10-10,1230,,,0,136.22,140.55
140,2018-10-10,1230,,,0.02,136.21,140.54
140,2018-10-10,1230,,,0.02,136.21,140.54
140,2018-10-10,1230,,,0.02,136.2,140.53
140,2018-10-10,1230,,,0.03,136.18,140.51
140,2018-10-10,1230,,,0.03,136.19,140.52
140,2018-10-10,1230,,,0.03,136.21,140.54
140,2018-10-10,1230,,,0.03,136.2,140.53
140,2018-10-10,1230,,,0.04,136.19,140.52
140,2018-10-10,1230,,,0.07,136.17,140.5
140,2018-10-10,1230,,,0.1,136.18,140.51
140,2018-10-10,1230,,,0.12,136.18,140.51
140,2018-10-10,1230,,,0.14,136.18,140.51
140,2018-10-10,1230,,,0.16,136.17,140.5
140,2018-10-10,1230,,,0.19,136.18,140.51
140,2018-10-10,1230,,,0.24,136.17,140.5
140,2018-10-10,1230,,,0.29,136.18,140.51
140,2018-10-10,1230,,,0.37,136.18,140.51
140,2018-10-10,1230,,,0.46,136.2,140.53
140,2018-10-10,1230,,,0.64,136.23,140.56
140,2018-10-10,1230,,,0.8,136.23,140.56
140,2018-10-10,1230,,,0.99,136.25,140.58
140,2018-10-10,1230,,,1.26,136.27,140.6
140,2018-10-10,1230,,,1.58,136.28,140.61
140,2018-10-10,1230,,,1.99,136.29,140.62
140,2018-10-10,1230,,,2.44,136.26,140.59
140,2018-10-10,1230,,,2.95,136.26,140.59
140,2018-10-10,1230,,,3.54,136.24,140.57
140,2018-10-10,1230,,,4.26,136.22,140.55
140,2018-10-10,1230,,,5.03,136.16,140.49
140,2018-10-10,1230,,,5.83,136.11,140.44
140,2018-10-10,1230,,,6.7,136.05,140.38
140,2018-10-10,1230,,,7.52,136,140.33
140,2018-10-10,1230,,,8.3,135.97,140.3
140,2018-10-10,1230,,,9.19,135.88,140.21
140,2018-10-10,1230,,,10.11,135.76,140.09
140,2018-10-10,1230,,,11,135.66,139.99
140,2018-10-10,1230,,,11.96,135.53,139.86
140,2018-10-10,1230,,,12.95,135.39,139.72
140,2018-10-10,1230,,,13.89,135.26,139.59
140,2018-10-10,1230,,,14.81,135.17,139.5
140,2018-10-10,1230,,,15.72,135.04,139.37
140,2018-10-10,1230,,,16.65,134.88,139.21
140,2018-10-10,1230,,,17.68,134.68,139.01
140,2018-10-10,1230,,,18.83,134.44,138.77
140,2018-10-10,1230,,,20.05,134.2,138.53
140,2018-10-10,1230,,,21.22,133.99,138.32
140,2018-10-10,1230,,,22.26,133.81,138.14
140,2018-10-10,1230,,,23.29,133.69,138.02
140,2018-10-10,1230,,,24.45,133.53,137.86
140,2018-10-10,1230,,,25.69,133.37,137.7
140,2018-10-10,1230,,,26.95,133.22,137.55
140,2018-10-10,1230,,,28.25,133.09,137.42
140,2018-10-10,1230,,,29.51,133.04,137.37
140,2018-10-10,1230,,,30.81,133.08,137.41
140,2018-10-10,1230,,,32.21,133.17,137.5
140,2018-10-10,1230,,,33.57,133.27,137.6
140,2018-10-10,1230,,,34.95,133.37,137.7
140,2018-10-10,1230,,,36.33,133.43,137.76
140,2018-10-10,1230,,,37.57,133.52,137.85
140,2018-10-10,1230,,,38.73,133.51,137.84
140,2018-10-10,1230,,,39.75,133.47,137.8
140,2018-10-10,1230,,,40.75,133.49,137.82
140,2018-10-10,1230,,,41.85,133.47,137.8
140,2018-10-10,1230,,,42.74,133.48,137.81
140,2018-10-10,1230,,,43.48,133.54,137.87
140,2018-10-10,1230,,,44.19,133.55,137.88
140,2018-10-10,1230,,,44.89,133.58,137.91
140,2018-10-10,1230,,,45.63,133.57,137.9
140,2018-10-10,1230,,,46.58,133.55,137.88
140,2018-10-10,1230,,,47.61,133.58,137.91
140,2018-10-10,1230,,,48.74,133.58,137.91
140,2018-10-10,1230,,,49.93,133.56,137.89
140,2018-10-10,1230,,,51.22,133.58,137.91
140,2018-10-10,1230,,,52.64,133.57,137.9
140,2018-10-10,1230,,,53.98,133.59,137.92
140,2018-10-10,1230,,,55.46,133.57,137.9
140,2018-10-10,1230,,,56.88,133.57,137.9
140,2018-10-10,1230,,,58.35,133.6,137.93
140,2018-10-10,1230,,,59.86,133.71,138.04
140,2018-10-10,1230,,,61.43,133.81,138.14
140,2018-10-10,1230,,,62.99,133.88,138.21
140,2018-10-10,1230,,,64.62,133.97,138.3
140,2018-10-10,1230,,,66.25,134.07,138.4
140,2018-10-10,1230,,,67.92,134.1,138.43
140,2018-10-10,1230,,,69.55,134.19,138.52
140,2018-10-10,1230,,,71.13,134.25,138.58
140,2018-10-10,1230,,,72.84,134.33,138.66
140,2018-10-10,1230,,,74.67,134.4,138.73
140,2018-10-10,1230,,,76.5,134.5,138.83
140,2018-10-10,1230,,,78.44,134.59,138.92
140,2018-10-10,1230,,,80.31,134.7,139.03
140,2018-10-10,1230,,,82.24,134.82,139.15
140,2018-10-10,1230,,,84.23,134.93,139.26
140,2018-10-10,1230,,,86.2,135.16,139.49
140,2018-10-10,1230,,,88.18,135.36,139.69
140,2018-10-10,1230,,,90.1,135.45,139.78
140,2018-10-10,1230,,,92,135.48,139.81
140,2018-10-10,1230,,,93.7,135.55,139.88
140,2018-10-10,1230,,,95.4,135.62,139.95
140,2018-10-10,1230,,,97.07,135.72,140.05
140,2018-10-10,1230,,,98.68,135.79,140.12
140,2018-10-10,1230,,,100.27,135.83,140.16
140,2018-10-10,1230,,,102.06,135.89,140.22
140,2018-10-10,1230,,,103.84,135.94,140.27
140,2018-10-10,1230,,,105.7,136.01,140.34
140,2018-10-10,1230,,,107.44,136.06,140.39
140,2018-10-10,1230,,,109.41,136.03,140.36
140,2018-10-10,1230,,,111.26,136.05,140.38
140,2018-10-10,1230,,,113.12,136,140.33
140,2018-10-10,1230,,,114.75,135.99,140.32
140,2018-10-10,1230,,,116.38,135.97,140.3
140,2018-10-10,1230,,,117.87,136,140.33
140,2018-10-10,1230,,,119.3,136.01,140.34
140,2018-10-10,1230,,,120.58,136.05,140.38
140,2018-10-10,1230,,,121.78,136.07,140.4
140,2018-10-10,1230,,,122.94,136.15,140.48
140,2018-10-10,1230,,,124.14,136.15,140.48
140,2018-10-10,1230,,,125.39,136.22,140.55
140,2018-10-10,1230,,,126.7,136.22,140.55
140,2018-10-10,1230,,,128.15,136.24,140.57
140,2018-10-10,1230,,,129.92,136.26,140.59
140,2018-10-10,1230,,,131.76,136.32,140.65
140,2018-10-10,1230,,,133.63,136.27,140.6
140,2018-10-10,1230,,,135.53,136.25,140.58
140,2018-10-10,1230,,,137.48,136.25,140.58
140,2018-10-10,1230,,,139.37,136.29,140.62
140,2018-10-10,1230,,,141.25,136.33,140.66
140,2018-10-10,1230,,,142.99,136.45,140.78
140,2018-10-10,1230,,,144.71,136.52,140.85
140,2018-10-10,1230,,,146.25,136.56,140.89
140,2018-10-10,1230,,,147.46,136.64,140.97
140,2018-10-10,1230,,,148.41,136.67,141
140,2018-10-10,1230,,,149.21,136.69,141.02
140,2018-10-10,1230,,,149.89,136.7,141.03
140,2018-10-10,1230,,,150.48,136.74,141.07
140,2018-10-10,1230,,,150.99,136.77,141.1
140,2018-10-10,1230,,,151.41,136.84,141.17
140,2018-10-10,1230,,,151.8,136.91,141.24
140,2018-10-10,1230,,,152.15,136.96,141.29
140,2018-10-10,1230,,,152.58,137.02,141.35
140,2018-10-10,1230,,,153.06,137.09,141.42
140,2018-10-10,1230,,,153.54,137.15,141.48
140,2018-10-10,1230,,,154.08,137.21,141.54
140,2018-10-10,1230,,,154.61,137.24,141.57
140,2018-10-10,1230,,,155.14,137.26,141.59
140,2018-10-10,1230,,,155.63,137.31,141.64
140,2018-10-10,1230,,,156.08,137.37,141.7
140,2018-10-10,1230,,,156.48,137.36,141.69
140,2018-10-10,1230,,,156.86,137.38,141.71
140,2018-10-10,1230,,,157.24,137.43,141.76
140,2018-10-10,1230,,,157.56,137.43,141.76
140,2018-10-10,1230,,,157.89,137.44,141.77
140,2018-10-10,1230,,,158.16,137.46,141.79
140,2018-10-10,1230,,,158.41,137.46,141.79
140,2018-10-10,1230,,,158.68,137.48,141.81
140,2018-10-10,1230,,,158.97,137.48,141.81
140,2018-10-10,1230,,,159.31,137.51,141.84
140,2018-10-10,1230,,,159.63,137.5,141.83
140,2018-10-10,1230,,,159.91,137.56,141.89
140,2018-10-10,1230,,,160.16,137.53,141.86
140,2018-10-10,1230,,,160.41,137.53,141.86
140,2018-10-10,1230,,,160.69,137.52,141.85
140,2018-10-10,1230,,,160.95,137.54,141.87
140,2018-10-10,1230,,,161.21,137.52,141.85
140,2018-10-10,1230,,,161.51,137.54,141.87
140,2018-10-10,1230,,,161.83,137.53,141.86
140,2018-10-10,1230,,,162.12,137.54,141.87
140,2018-10-10,1230,,,162.37,137.54,141.87
140,2018-10-10,1230,,,162.63,137.56,141.89
140,2018-10-10,1230,,,162.88,137.55,141.88
140,2018-10-10,1230,,,163.07,137.59,141.92
140,2018-10-10,1230,,,163.27,137.58,141.91
140,2018-10-10,1230,,,163.52,137.57,141.9
140,2018-10-10,1230,,,163.76,137.57,141.9
140,2018-10-10,1230,,,163.97,137.57,141.9
140,2018-10-10,1230,,,164.16,137.57,141.9
140,2018-10-10,1230,,,164.33,137.57,141.9
140,2018-10-10,1230,,,164.53,137.6,141.93
140,2018-10-10,1230,,,164.72,137.6,141.93
140,2018-10-10,1230,,,164.89,137.63,141.96
140,2018-10-10,1230,,,165.06,137.6,141.93
140,2018-10-10,1230,,,165.23,137.61,141.94
140,2018-10-10,1230,,,165.36,137.61,141.94
140,2018-10-10,1230,,,165.49,137.64,141.97
140,2018-10-10,1230,,,165.63,137.62,141.95
140,2018-10-10,1230,,,165.79,137.61,141.94
140,2018-10-10,1230,,,165.93,137.61,141.94
140,2018-10-10,1230,,,166.05,137.62,141.95
140,2018-10-10,1230,,,166.18,137.65,141.98
140,2018-10-10,1230,,,166.39,137.66,141.99
140,2018-10-10,1230,,,196.38,139.24,143.57
142,2018-12-06,2330,1288784.38,675308.7399,-15,139.9,144.23
142,2018-12-06,2330,1288771.058,675301.7227,0,133.44,137.77
142,2018-12-06,2330,1288771.049,675301.718,0.01,133.46,137.79
142,2018-12-06,2330,1288771.041,675301.7134,0.02,133.44,137.77
142,2018-12-06,2330,1288771.041,675301.7134,0.02,133.47,137.8
142,2018-12-06,2330,1288771.032,675301.7087,0.03,133.46,137.79
142,2018-12-06,2330,1288771.005,675301.6947,0.06,133.42,137.75
142,2018-12-06,2330,1288770.996,675301.69,0.07,133.49,137.82
142,2018-12-06,2330,1288770.996,675301.69,0.07,133.44,137.77
142,2018-12-06,2330,1288770.97,675301.6759,0.1,133.43,137.76
142,2018-12-06,2330,1288770.961,675301.6713,0.11,133.47,137.8
142,2018-12-06,2330,1288770.961,675301.6713,0.11,133.46,137.79
142,2018-12-06,2330,1288770.961,675301.6713,0.11,133.41,137.74
142,2018-12-06,2330,1288770.943,675301.6619,0.13,133.45,137.78
142,2018-12-06,2330,1288770.907,675301.6432,0.17,133.43,137.76
142,2018-12-06,2330,1288770.907,675301.6432,0.17,133.48,137.81
142,2018-12-06,2330,1288770.898,675301.6385,0.18,133.49,137.82
142,2018-12-06,2330,1288770.863,675301.6198,0.22,133.43,137.76
142,2018-12-06,2330,1288770.854,675301.6151,0.23,133.47,137.8
142,2018-12-06,2330,1288770.845,675301.6104,0.24,133.48,137.81
142,2018-12-06,2330,1288770.836,675301.6058,0.25,133.4,137.73
142,2018-12-06,2330,1288770.836,675301.6058,0.25,133.49,137.82
142,2018-12-06,2330,1288770.819,675301.5964,0.27,133.4,137.73
142,2018-12-06,2330,1288770.819,675301.5964,0.27,133.5,137.83
142,2018-12-06,2330,1288770.81,675301.5917,0.28,133.52,137.85
142,2018-12-06,2330,1288770.801,675301.5871,0.29,133.44,137.77
142,2018-12-06,2330,1288770.783,675301.5777,0.31,133.4,137.73
142,2018-12-06,2330,1288770.774,675301.573,0.32,133.47,137.8
142,2018-12-06,2330,1288770.774,675301.573,0.32,133.44,137.77
142,2018-12-06,2330,1288770.765,675301.5683,0.33,133.49,137.82
142,2018-12-06,2330,1288770.739,675301.5543,0.36,133.45,137.78
142,2018-12-06,2330,1288770.73,675301.5496,0.37,133.45,137.78
142,2018-12-06,2330,1288770.703,675301.5356,0.4,133.49,137.82
142,2018-12-06,2330,1288770.659,675301.5122,0.45,133.47,137.8
142,2018-12-06,2330,1288770.49,675301.4233,0.64,133.6,137.93
142,2018-12-06,2330,1288770.339,675301.3438,0.81,133.58,137.91
142,2018-12-06,2330,1288770.197,675301.2689,0.97,133.67,138
142,2018-12-06,2330,1288770.028,675301.1801,1.16,133.74,138.07
142,2018-12-06,2330,1288769.85,675301.0865,1.36,133.86,138.19
142,2018-12-06,2330,1288769.62,675300.9649,1.62,133.88,138.21
142,2018-12-06,2330,1288769.344,675300.8198,1.93,133.86,138.19
142,2018-12-06,2330,1288769.016,675300.6468,2.3,133.9,138.23
142,2018-12-06,2330,1288768.625,675300.4409,2.74,133.94,138.27
142,2018-12-06,2330,1288768.136,675300.1836,3.29,134.04,138.37
142,2018-12-06,2330,1288767.612,675299.9076,3.88,134.06,138.39
142,2018-12-06,2330,1288767.008,675299.5895,4.56,134.18,138.51
142,2018-12-06,2330,1288766.396,675299.2667,5.25,134.22,138.55
142,2018-12-06,2330,1288765.827,675298.9673,5.89,134.16,138.49
142,2018-12-06,2330,1288765.303,675298.6913,6.48,134.3,138.63
142,2018-12-06,2330,1288764.824,675298.4387,7.02,134.25,138.58
142,2018-12-06,2330,1288764.389,675298.2095,7.51,134.34,138.67
142,2018-12-06,2330,1288763.918,675297.9615,8.04,134.34,138.67
142,2018-12-06,2330,1288763.447,675297.7136,8.57,134.43,138.76
142,2018-12-06,2330,1288762.968,675297.461,9.11,134.31,138.64
142,2018-12-06,2330,1288762.479,675297.2037,9.66,134.39,138.72
142,2018-12-06,2330,1288761.973,675296.937,10.23,134.41,138.74
142,2018-12-06,2330,1288761.467,675296.6704,10.8,134.46,138.79
142,2018-12-06,2330,1288760.756,675296.2961,11.6,134.45,138.78
142,2018-12-06,2330,1288760.214,675296.0108,12.21,134.45,138.78
142,2018-12-06,2330,1288759.664,675295.7207,12.83,134.52,138.85
142,2018-12-06,2330,1288759.095,675295.4213,13.47,134.53,138.86
142,2018-12-06,2330,1288758.527,675295.1219,14.11,134.49,138.82
142,2018-12-06,2330,1288757.745,675294.7102,14.99,134.51,138.84
142,2018-12-06,2330,1288757.159,675294.4015,15.65,134.54,138.87
142,2018-12-06,2330,1288756.617,675294.1161,16.26,134.5,138.83
142,2018-12-06,2330,1288756.058,675293.8214,16.89,134.55,138.88
142,2018-12-06,2330,1288755.525,675293.5407,17.49,134.45,138.78
142,2018-12-06,2330,1288755.045,675293.2881,18.03,134.53,138.86
142,2018-12-06,2330,1288754.575,675293.0402,18.56,134.46,138.79
142,2018-12-06,2330,1288754.006,675292.7408,19.2,134.4,138.73
142,2018-12-06,2330,1288753.58,675292.5162,19.68,134.35,138.68
142,2018-12-06,2330,1288753.189,675292.3104,20.12,134.28,138.61
142,2018-12-06,2330,1288752.772,675292.0905,20.59,134.19,138.52
142,2018-12-06,2330,1288752.399,675291.894,21.01,133.95,138.28
142,2018-12-06,2330,1288751.83,675291.5946,21.65,133.98,138.31
142,2018-12-06,2330,1288751.333,675291.3327,22.21,134,138.33
142,2018-12-06,2330,1288750.765,675291.0333,22.85,133.84,138.17
142,2018-12-06,2330,1288750.045,675290.6543,23.66,133.76,138.09
142,2018-12-06,2330,1288749.273,675290.2473,24.53,133.53,137.86
142,2018-12-06,2330,1288748.34,675289.7561,25.58,133.27,137.6
142,2018-12-06,2330,1288747.123,675289.1152,26.95,132.85,137.18
142,2018-12-06,2330,1288746.164,675288.61,28.03,132.52,136.85
142,2018-12-06,2330,1288745.196,675288.1001,29.12,132.4,136.73
142,2018-12-06,2330,1288744.193,675287.5715,30.25,132.37,136.7
142,2018-12-06,2330,1288743.269,675287.0849,31.29,132.39,136.72
142,2018-12-06,2330,1288742.434,675286.6452,32.23,132.34,136.67
142,2018-12-06,2330,1288741.537,675286.1727,33.24,132.45,136.78
142,2018-12-06,2330,1288740.693,675285.7283,34.19,132.61,136.94
142,2018-12-06,2330,1288739.539,675285.1201,35.49,132.6,136.93
142,2018-12-06,2330,1288738.58,675284.6149,36.57,132.64,136.97
142,2018-12-06,2330,1288737.692,675284.1471,37.57,132.79,137.12
142,2018-12-06,2330,1288736.768,675283.6606,38.61,132.77,137.1
142,2018-12-06,2330,1288735.64,675283.0664,39.88,132.76,137.09
142,2018-12-06,2330,1288733.571,675281.9764,42.21,132.86,137.19
142,2018-12-06,2330,1288732.922,675281.6349,42.94,132.88,137.21
142,2018-12-06,2330,1288732.336,675281.3262,43.6,132.9,137.23
142,2018-12-06,2330,1288731.803,675281.0455,44.2,132.85,137.18
142,2018-12-06,2330,1288731.244,675280.7508,44.83,132.82,137.15
142,2018-12-06,2330,1288730.64,675280.4327,45.51,132.71,137.04
142,2018-12-06,2330,1288729.974,675280.0818,46.26,132.61,136.94
142,2018-12-06,2330,1288729.246,675279.6982,47.08,132.46,136.79
142,2018-12-06,2330,1288728.517,675279.3146,47.9,132.36,136.69
142,2018-12-06,2330,1288727.745,675278.9076,48.77,132.23,136.56
142,2018-12-06,2330,1288727.052,675278.5427,49.55,132.12,136.45
142,2018-12-06,2330,1288726.297,675278.1451,50.4,132,136.33
142,2018-12-06,2330,1288725.471,675277.71,51.33,131.99,136.32
142,2018-12-06,2330,1288724.787,675277.3498,52.1,131.86,136.19
142,2018-12-06,2330,1288724.112,675276.9943,52.86,131.72,136.05
142,2018-12-06,2330,1288723.473,675276.6574,53.58,131.65,135.98
142,2018-12-06,2330,1288722.682,675276.2411,54.47,131.63,135.96
142,2018-12-06,2330,1288722.007,675275.8856,55.23,131.53,135.86
142,2018-12-06,2330,1288721.297,675275.5113,56.03,131.4,135.73
142,2018-12-06,2330,1288720.524,675275.1043,56.9,131.43,135.76
142,2018-12-06,2330,1288719.689,675274.6646,57.84,131.32,135.65
142,2018-12-06,2330,1288718.739,675274.164,58.91,131.25,135.58
142,2018-12-06,2330,1288717.611,675273.5699,60.18,131.19,135.52
142,2018-12-06,2330,1288716.767,675273.1255,61.13,131.18,135.51
142,2018-12-06,2330,1288716.057,675272.7512,61.93,131.16,135.49
142,2018-12-06,2330,1288715.195,675272.2974,62.9,131.16,135.49
142,2018-12-06,2330,1288714.627,675271.9981,63.54,131.12,135.45
142,2018-12-06,2330,1288714.307,675271.8296,63.9,131.16,135.49
142,2018-12-06,2330,1288713.917,675271.6238,64.34,131.14,135.47
142,2018-12-06,2330,1288713.623,675271.4694,64.67,131.16,135.49
142,2018-12-06,2330,1288713.286,675271.2917,65.05,131.21,135.54
142,2018-12-06,2330,1288712.771,675271.0203,65.63,131.17,135.5
142,2018-12-06,2330,1288712.398,675270.8238,66.05,131.19,135.52
142,2018-12-06,2330,1288712.078,675270.6554,66.41,131.22,135.55
142,2018-12-06,2330,1288711.732,675270.473,66.8,131.17,135.5
142,2018-12-06,2330,1288711.465,675270.3326,67.1,131.25,135.58
142,2018-12-06,2330,1288711.252,675270.2204,67.34,131.2,135.53
142,2018-12-06,2330,1288710.941,675270.0566,67.69,131.27,135.6
142,2018-12-06,2330,1288710.773,675269.9678,67.88,131.29,135.62
142,2018-12-06,2330,1288710.559,675269.8555,68.12,131.32,135.65
142,2018-12-06,2330,1288710.24,675269.6871,68.48,131.28,135.61
142,2018-12-06,2330,1288709.902,675269.5093,68.86,131.32,135.65
142,2018-12-06,2330,1288709.503,675269.2988,69.31,131.39,135.72
142,2018-12-06,2330,1288708.934,675268.9994,69.95,131.34,135.67
142,2018-12-06,2330,1288708.49,675268.7655,70.45,131.42,135.75
142,2018-12-06,2330,1288708.037,675268.5269,70.96,131.59,135.92
142,2018-12-06,2330,1288707.558,675268.2743,71.5,131.47,135.8
142,2018-12-06,2330,1288707.051,675268.0076,72.07,131.63,135.96
142,2018-12-06,2330,1288706.545,675267.741,72.64,131.64,135.97
142,2018-12-06,2330,1288706.145,675267.5305,73.09,131.73,136.06
142,2018-12-06,2330,1288705.63,675267.2591,73.67,131.73,136.06
142,2018-12-06,2330,1288705.133,675266.9972,74.23,131.88,136.21
142,2018-12-06,2330,1288704.245,675266.5293,75.23,131.9,136.23
142,2018-12-06,2330,1288703.454,675266.113,76.12,131.94,136.27
142,2018-12-06,2330,1288702.708,675265.72,76.96,132.09,136.42
142,2018-12-06,2330,1288701.971,675265.3318,77.79,132.19,136.52
142,2018-12-06,2330,1288701.092,675264.8686,78.78,132.14,136.47
142,2018-12-06,2330,1288700.435,675264.5224,79.52,132.29,136.62
142,2018-12-06,2330,1288699.866,675264.223,80.16,132.36,136.69
142,2018-12-06,2330,1288699.351,675263.9517,80.74,132.44,136.77
142,2018-12-06,2330,1288698.703,675263.6102,81.47,132.5,136.83
142,2018-12-06,2330,1288698.144,675263.3155,82.1,132.55,136.88
142,2018-12-06,2330,1288697.495,675262.974,82.83,132.47,136.8
142,2018-12-06,2330,1288696.714,675262.5623,83.71,132.63,136.96
142,2018-12-06,2330,1288696.021,675262.1974,84.49,132.64,136.97
142,2018-12-06,2330,1288695.222,675261.7764,85.39,132.57,136.9
142,2018-12-06,2330,1288694.484,675261.3881,86.22,132.72,137.05
142,2018-12-06,2330,1288693.747,675260.9998,87.05,132.81,137.14
142,2018-12-06,2330,1288693.241,675260.7332,87.62,132.8,137.13
142,2018-12-06,2330,1288692.797,675260.4993,88.12,132.75,137.08
142,2018-12-06,2330,1288692.38,675260.2794,88.59,132.72,137.05
142,2018-12-06,2330,1288691.811,675259.98,89.23,132.81,137.14
142,2018-12-06,2330,1288691.314,675259.718,89.79,132.78,137.11
142,2018-12-06,2330,1288690.843,675259.4701,90.32,132.72,137.05
142,2018-12-06,2330,1288690.346,675259.2081,90.88,132.74,137.07
142,2018-12-06,2330,1288689.795,675258.9181,91.5,132.87,137.2
142,2018-12-06,2330,1288689.182,675258.5953,92.19,132.76,137.09
142,2018-12-06,2330,1288688.481,675258.2257,92.98,132.72,137.05
142,2018-12-06,2330,1288687.895,675257.917,93.64,132.92,137.25
142,2018-12-06,2330,1288687.237,675257.5708,94.38,132.9,137.23
142,2018-12-06,2330,1288686.447,675257.1544,95.27,132.9,137.23
142,2018-12-06,2330,1288685.541,675256.6773,96.29,132.82,137.15
142,2018-12-06,2330,1288684.742,675256.2562,97.19,132.91,137.24
142,2018-12-06,2330,1288683.951,675255.8399,98.08,132.88,137.21
142,2018-12-06,2330,1288683.099,675255.3908,99.04,132.93,137.26
142,2018-12-06,2330,1288682.273,675254.9557,99.97,133.05,137.38
142,2018-12-06,2330,1288681.509,675254.5534,100.83,132.99,137.32
142,2018-12-06,2330,1288680.754,675254.1558,101.68,132.93,137.26
142,2018-12-06,2330,1288680.026,675253.7722,102.5,133.04,137.37
142,2018-12-06,2330,1288679.386,675253.4353,103.22,132.97,137.3
142,2018-12-06,2330,1288678.72,675253.0845,103.97,133.07,137.4
142,2018-12-06,2330,1288678.001,675252.7056,104.78,133.07,137.4
142,2018-12-06,2330,1288677.388,675252.3828,105.47,133.12,137.45
142,2018-12-06,2330,1288676.598,675251.9664,106.36,133.07,137.4
142,2018-12-06,2330,1288675.745,675251.5173,107.32,133.07,137.4
142,2018-12-06,2330,1288675.035,675251.1431,108.12,133.18,137.51
142,2018-12-06,2330,1288674.138,675250.6706,109.13,133.22,137.55
142,2018-12-06,2330,1288673.267,675250.2121,110.11,133.16,137.49
142,2018-12-06,2330,1288672.495,675249.8051,110.98,133.26,137.59
142,2018-12-06,2330,1288671.651,675249.3607,111.93,133.21,137.54
142,2018-12-06,2330,1288670.621,675248.818,113.09,133.38,137.71
142,2018-12-06,2330,1288669.795,675248.383,114.02,133.34,137.67
142,2018-12-06,2330,1288668.898,675247.9105,115.03,133.34,137.67
142,2018-12-06,2330,1288667.867,675247.3678,116.19,133.48,137.81
142,2018-12-06,2330,1288666.864,675246.8392,117.32,133.42,137.75
142,2018-12-06,2330,1288665.887,675246.3246,118.42,133.44,137.77
142,2018-12-06,2330,1288664.928,675245.8194,119.5,133.52,137.85
142,2018-12-06,2330,1288664.057,675245.3609,120.48,133.57,137.9
142,2018-12-06,2330,1288663.24,675244.9305,121.4,133.62,137.95
142,2018-12-06,2330,1288662.583,675244.5844,122.14,133.57,137.9
142,2018-12-06,2330,1288661.935,675244.2429,122.87,133.62,137.95
142,2018-12-06,2330,1288661.384,675243.9528,123.49,133.56,137.89
142,2018-12-06,2330,1288660.834,675243.6628,124.11,133.56,137.89
142,2018-12-06,2330,1288660.176,675243.3166,124.85,133.51,137.84
142,2018-12-06,2330,1288659.688,675243.0593,125.4,133.63,137.96
142,2018-12-06,2330,1288659.315,675242.8628,125.82,133.6,137.93
142,2018-12-06,2330,1288658.968,675242.6804,126.21,133.59,137.92
142,2018-12-06,2330,1288658.587,675242.4792,126.64,133.63,137.96
142,2018-12-06,2330,1288658.249,675242.3015,127.02,133.61,137.94
142,2018-12-06,2330,1288657.752,675242.0395,127.58,133.57,137.9
142,2018-12-06,2330,1288657.192,675241.7448,128.21,133.6,137.93
142,2018-12-06,2330,1288656.659,675241.4641,128.81,133.66,137.99
142,2018-12-06,2330,1288656.011,675241.1226,129.54,133.61,137.94
142,2018-12-06,2330,1288655.15,675240.6688,130.51,133.63,137.96
142,2018-12-06,2330,1288654.457,675240.3039,131.29,133.64,137.97
142,2018-12-06,2330,1288653.826,675239.9718,132,133.65,137.98
142,2018-12-06,2330,1288652.077,675239.0502,133.97,133.79,138.12
142,2018-12-06,2330,1288651.49,675238.7414,134.63,133.78,138.11
142,2018-12-06,2330,1288650.904,675238.4327,135.29,133.84,138.17
142,2018-12-06,2330,1288650.371,675238.152,135.89,133.78,138.11
142,2018-12-06,2330,1288649.741,675237.8198,136.6,133.88,138.21
142,2018-12-06,2330,1288649.11,675237.4877,137.31,133.82,138.15
142,2018-12-06,2330,1288648.569,675237.2023,137.92,133.98,138.31
142,2018-12-06,2330,1288648.08,675236.945,138.47,133.95,138.28
142,2018-12-06,2330,1288647.627,675236.7064,138.98,134.01,138.34
142,2018-12-06,2330,1288647.236,675236.5006,139.42,134.05,138.38
142,2018-12-06,2330,1288646.89,675236.3182,139.81,134.04,138.37
142,2018-12-06,2330,1288646.606,675236.1685,140.13,134.04,138.37
142,2018-12-06,2330,1288646.215,675235.9626,140.57,133.95,138.28
142,2018-12-06,2330,1288645.86,675235.7755,140.97,134.09,138.42
142,2018-12-06,2330,1288645.513,675235.593,141.36,134.11,138.44
142,2018-12-06,2330,1288645.114,675235.3825,141.81,134.12,138.45
142,2018-12-06,2330,1288644.732,675235.1814,142.24,134.16,138.49
142,2018-12-06,2330,1288644.261,675234.9334,142.77,134.09,138.42
142,2018-12-06,2330,1288643.737,675234.6574,143.36,134.12,138.45
142,2018-12-06,2330,1288643.08,675234.3112,144.1,134.29,138.62
142,2018-12-06,2330,1288642.441,675233.9744,144.82,134.28,138.61
142,2018-12-06,2330,1288641.677,675233.5721,145.68,134.19,138.52
142,2018-12-06,2330,1288640.904,675233.1651,146.55,134.41,138.74
142,2018-12-06,2330,1288639.776,675232.571,147.82,134.42,138.75
142,2018-12-06,2330,1288638.87,675232.0938,148.84,134.47,138.8
142,2018-12-06,2330,1288638.089,675231.6822,149.72,134.57,138.9
142,2018-12-06,2330,1288637.378,675231.3079,150.52,134.61,138.94
142,2018-12-06,2330,1288636.81,675231.0085,151.16,134.64,138.97
142,2018-12-06,2330,1288636.064,675230.6155,152,134.65,138.98
142,2018-12-06,2330,1288635.513,675230.3255,152.62,134.66,138.99
142,2018-12-06,2330,1288634.891,675229.998,153.32,134.71,139.04
142,2018-12-06,2330,1288634.03,675229.5443,154.29,134.77,139.1
142,2018-12-06,2330,1288633.346,675229.184,155.06,134.85,139.18
142,2018-12-06,2330,1288632.733,675228.8613,155.75,134.93,139.26
142,2018-12-06,2330,1288632.103,675228.5291,156.46,134.95,139.28
142,2018-12-06,2330,1288631.375,675228.1455,157.28,135.06,139.39
142,2018-12-06,2330,1288630.762,675227.8227,157.97,135.14,139.47
142,2018-12-06,2330,1288630.167,675227.5093,158.64,135.2,139.53
142,2018-12-06,2330,1288629.483,675227.1491,159.41,135.18,139.51
142,2018-12-06,2330,1288628.675,675226.7234,160.32,135.22,139.55
142,2018-12-06,2330,1288628.044,675226.3912,161.03,135.23,139.56
142,2018-12-06,2330,1288627.458,675226.0825,161.69,135.29,139.62
142,2018-12-06,2330,1288626.827,675225.7503,162.4,135.29,139.62
142,2018-12-06,2330,1288626.259,675225.4509,163.04,135.27,139.6
142,2018-12-06,2330,1288625.699,675225.1562,163.67,135.39,139.72
142,2018-12-06,2330,1288625.175,675224.8802,164.26,135.39,139.72
142,2018-12-06,2330,1288624.687,675224.6229,164.81,135.44,139.77
142,2018-12-06,2330,1288624.261,675224.3983,165.29,135.45,139.78
142,2018-12-06,2330,1288623.843,675224.1785,165.76,135.49,139.82
142,2018-12-06,2330,1288623.506,675224.0007,166.14,135.5,139.83
142,2018-12-06,2330,1288623.106,675223.7902,166.59,135.52,139.85
142,2018-12-06,2330,1288622.813,675223.6358,166.92,135.54,139.87
142,2018-12-06,2330,1288622.564,675223.5048,167.2,135.51,139.84
142,2018-12-06,2330,1288622.316,675223.3738,167.48,135.57,139.9
142,2018-12-06,2330,1288622.094,675223.2569,167.73,135.63,139.96
142,2018-12-06,2330,1288621.898,675223.154,167.95,135.6,139.93
142,2018-12-06,2330,1288621.738,675223.0698,168.13,135.62,139.95
142,2018-12-06,2330,1288621.561,675222.9762,168.33,135.6,139.93
142,2018-12-06,2330,1288621.401,675222.892,168.51,135.6,139.93
142,2018-12-06,2330,1288621.206,675222.7891,168.73,135.62,139.95
142,2018-12-06,2330,1288621.019,675222.6908,168.94,135.64,139.97
142,2018-12-06,2330,1288620.806,675222.5786,169.18,135.58,139.91
142,2018-12-06,2330,1288620.566,675222.4523,169.45,135.71,140.04
142,2018-12-06,2330,1288620.291,675222.3072,169.76,135.75,140.08
142,2018-12-06,2330,1288619.953,675222.1295,170.14,135.79,140.12
142,2018-12-06,2330,1288619.554,675221.919,170.59,135.84,140.17
142,2018-12-06,2330,1288618.994,675221.6242,171.22,135.86,140.19
142,2018-12-06,2330,1288618.55,675221.3903,171.72,135.98,140.31
142,2018-12-06,2330,1288617.999,675221.1003,172.34,136.01,140.34
142,2018-12-06,2330,1288617.573,675220.8757,172.82,136.03,140.36
142,2018-12-06,2330,1288617.173,675220.6652,173.27,136.11,140.44
142,2018-12-06,2330,1288616.756,675220.4454,173.74,136.19,140.52
142,2018-12-06,2330,1288616.268,675220.1881,174.29,136.26,140.59
142,2018-12-06,2330,1288615.859,675219.9729,174.75,136.32,140.65
142,2018-12-06,2330,1288615.468,675219.767,175.19,136.35,140.68
142,2018-12-06,2330,1288615.104,675219.5752,175.6,136.39,140.72
142,2018-12-06,2330,1288614.776,675219.4021,175.97,136.45,140.78
142,2018-12-06,2330,1288614.456,675219.2337,176.33,136.54,140.87
142,2018-12-06,2330,1288614.172,675219.084,176.65,136.54,140.87
142,2018-12-06,2330,1288613.896,675218.939,176.96,136.59,140.92
142,2018-12-06,2330,1288613.665,675218.8174,177.22,136.59,140.92
142,2018-12-06,2330,1288613.506,675218.7332,177.4,136.61,140.94
142,2018-12-06,2330,1288613.363,675218.6583,177.56,136.62,140.95
142,2018-12-06,2330,1288613.239,675218.5928,177.7,136.6,140.93
142,2018-12-06,2330,1288613.132,675218.5367,177.82,136.66,140.99
142,2018-12-06,2330,1288613.035,675218.4852,177.93,136.67,141
142,2018-12-06,2330,1288612.973,675218.4525,178,136.67,141
142,2018-12-06,2330,1288589.002,675205.8263,204.99,139.9,144.23
143,2019-01-30,1920,,,-20,139.47,143.8
143,2019-01-30,1920,,,0,136.95,141.28
143,2019-01-30,1920,,,0.13,136.96,141.29
143,2019-01-30,1920,,,0.3,136.96,141.29
143,2019-01-30,1920,,,0.48,136.97,141.3
143,2019-01-30,1920,,,0.72,136.96,141.29
143,2019-01-30,1920,,,0.99,136.89,141.22
143,2019-01-30,1920,,,1.21,136.85,141.18
143,2019-01-30,1920,,,1.29,136.75,141.08
143,2019-01-30,1920,,,1.32,136.71,141.04
143,2019-01-30,1920,,,1.33,136.67,141
143,2019-01-30,1920,,,1.33,136.73,141.06
143,2019-01-30,1920,,,1.34,136.8,141.13
143,2019-01-30,1920,,,1.36,136.66,140.99
143,2019-01-30,1920,,,1.41,136.76,141.09
143,2019-01-30,1920,,,1.52,136.65,140.98
143,2019-01-30,1920,,,2.2,136.56,140.89
143,2019-01-30,1920,,,2.87,136.45,140.78
143,2019-01-30,1920,,,3.67,136.37,140.7
143,2019-01-30,1920,,,4.59,136.31,140.64
143,2019-01-30,1920,,,5.6,136.22,140.55
143,2019-01-30,1920,,,6.64,136.13,140.46
143,2019-01-30,1920,,,7.8,135.93,140.26
143,2019-01-30,1920,,,8.87,135.67,140
143,2019-01-30,1920,,,10.08,135.35,139.68
143,2019-01-30,1920,,,11.23,134.95,139.28
143,2019-01-30,1920,,,12.4,134.43,138.76
143,2019-01-30,1920,,,13.66,133.95,138.28
143,2019-01-30,1920,,,15.14,133.54,137.87
143,2019-01-30,1920,,,17.02,133.03,137.36
143,2019-01-30,1920,,,19.17,132.82,137.15
143,2019-01-30,1920,,,21.31,132.66,136.99
143,2019-01-30,1920,,,23.32,132.67,137
143,2019-01-30,1920,,,25.32,132.71,137.04
143,2019-01-30,1920,,,27.34,132.81,137.14
143,2019-01-30,1920,,,29,132.94,137.27
143,2019-01-30,1920,,,30.07,132.94,137.27
143,2019-01-30,1920,,,31.07,132.97,137.3
143,2019-01-30,1920,,,31.13,133.13,137.46
143,2019-01-30,1920,,,31.17,133.16,137.49
143,2019-01-30,1920,,,31.56,133.18,137.51
143,2019-01-30,1920,,,31.58,133.05,137.38
143,2019-01-30,1920,,,31.71,132.97,137.3
143,2019-01-30,1920,,,31.86,132.99,137.32
143,2019-01-30,1920,,,32.02,133.26,137.59
143,2019-01-30,1920,,,32.4,133.32,137.65
143,2019-01-30,1920,,,33.06,133.33,137.66
143,2019-01-30,1920,,,34.3,133.28,137.61
143,2019-01-30,1920,,,36.02,133.15,137.48
143,2019-01-30,1920,,,37.72,133.11,137.44
143,2019-01-30,1920,,,39.53,132.99,137.32
143,2019-01-30,1920,,,41.35,132.85,137.18
143,2019-01-30,1920,,,43.16,132.71,137.04
143,2019-01-30,1920,,,45.22,132.72,137.05
143,2019-01-30,1920,,,46.71,132.77,137.1
143,2019-01-30,1920,,,48,132.88,137.21
143,2019-01-30,1920,,,48.95,132.99,137.32
143,2019-01-30,1920,,,49.79,133.1,137.43
143,2019-01-30,1920,,,50.79,133.21,137.54
143,2019-01-30,1920,,,51.98,133.41,137.74
143,2019-01-30,1920,,,53.4,133.59,137.92
143,2019-01-30,1920,,,54.77,133.67,138
143,2019-01-30,1920,,,56.31,133.85,138.18
143,2019-01-30,1920,,,57.78,133.92,138.25
143,2019-01-30,1920,,,59.24,134,138.33
143,2019-01-30,1920,,,60.57,134.08,138.41
143,2019-01-30,1920,,,61.98,134.14,138.47
143,2019-01-30,1920,,,63.35,134.19,138.52
143,2019-01-30,1920,,,64.58,134.25,138.58
143,2019-01-30,1920,,,65.53,134.25,138.58
143,2019-01-30,1920,,,66.52,134.3,138.63
143,2019-01-30,1920,,,67.66,134.32,138.65
143,2019-01-30,1920,,,68.65,134.35,138.68
143,2019-01-30,1920,,,69.57,134.41,138.74
143,2019-01-30,1920,,,70.45,134.45,138.78
143,2019-01-30,1920,,,71.6,134.45,138.78
143,2019-01-30,1920,,,72.79,134.49,138.82
143,2019-01-30,1920,,,74.15,134.52,138.85
143,2019-01-30,1920,,,75.58,134.51,138.84
143,2019-01-30,1920,,,76.78,134.51,138.84
143,2019-01-30,1920,,,77.94,134.53,138.86
143,2019-01-30,1920,,,79.26,134.51,138.84
143,2019-01-30,1920,,,80.31,134.49,138.82
143,2019-01-30,1920,,,81.44,134.46,138.79
143,2019-01-30,1920,,,82.28,134.47,138.8
143,2019-01-30,1920,,,83.16,134.45,138.78
143,2019-01-30,1920,,,84.11,134.4,138.73
143,2019-01-30,1920,,,85.24,134.41,138.74
143,2019-01-30,1920,,,86.71,134.41,138.74
143,2019-01-30,1920,,,88.09,134.41,138.74
143,2019-01-30,1920,,,89.38,134.45,138.78
143,2019-01-30,1920,,,90.66,134.48,138.81
143,2019-01-30,1920,,,91.88,134.55,138.88
143,2019-01-30,1920,,,92.86,134.62,138.95
143,2019-01-30,1920,,,93.75,134.64,138.97
143,2019-01-30,1920,,,94.68,134.73,139.06
143,2019-01-30,1920,,,96.2,134.75,139.08
143,2019-01-30,1920,,,97.74,134.84,139.17
143,2019-01-30,1920,,,99.1,134.93,139.26
143,2019-01-30,1920,,,100.57,135,139.33
143,2019-01-30,1920,,,102.08,135.04,139.37
143,2019-01-30,1920,,,103.47,135.13,139.46
143,2019-01-30,1920,,,104.89,135.16,139.49
143,2019-01-30,1920,,,106.16,135.16,139.49
143,2019-01-30,1920,,,107.67,135.16,139.49
143,2019-01-30,1920,,,109.07,135.17,139.5
143,2019-01-30,1920,,,110.51,135.21,139.54
143,2019-01-30,1920,,,111.85,135.19,139.52
143,2019-01-30,1920,,,113.1,135.27,139.6
143,2019-01-30,1920,,,114.33,135.3,139.63
143,2019-01-30,1920,,,115.63,135.35,139.68
143,2019-01-30,1920,,,117.06,135.32,139.65
143,2019-01-30,1920,,,118.48,135.31,139.64
143,2019-01-30,1920,,,120.1,135.35,139.68
143,2019-01-30,1920,,,122.42,135.35,139.68
143,2019-01-30,1920,,,124.73,135.34,139.67
143,2019-01-30,1920,,,126.74,135.35,139.68
143,2019-01-30,1920,,,128.32,135.36,139.69
143,2019-01-30,1920,,,129.68,135.36,139.69
143,2019-01-30,1920,,,130.96,135.41,139.74
143,2019-01-30,1920,,,132.41,135.37,139.7
143,2019-01-30,1920,,,133.9,135.41,139.74
143,2019-01-30,1920,,,135.39,135.35,139.68
143,2019-01-30,1920,,,137.06,135.31,139.64
143,2019-01-30,1920,,,138.82,135.24,139.57
143,2019-01-30,1920,,,140.57,135.13,139.46
143,2019-01-30,1920,,,142.01,135.13,139.46
143,2019-01-30,1920,,,143.59,135.15,139.48
143,2019-01-30,1920,,,144.99,135.32,139.65
143,2019-01-30,1920,,,146.01,135.36,139.69
143,2019-01-30,1920,,,147.06,135.49,139.82
143,2019-01-30,1920,,,148.13,135.53,139.86
143,2019-01-30,1920,,,148.88,135.57,139.9
143,2019-01-30,1920,,,149.62,135.6,139.93
143,2019-01-30,1920,,,150.53,135.65,139.98
143,2019-01-30,1920,,,151.32,135.71,140.04
143,2019-01-30,1920,,,151.86,135.76,140.09
143,2019-01-30,1920,,,152.33,135.77,140.1
143,2019-01-30,1920,,,152.89,135.77,140.1
143,2019-01-30,1920,,,153.49,135.86,140.19
143,2019-01-30,1920,,,154.16,135.88,140.21
143,2019-01-30,1920,,,154.84,136.03,140.36
143,2019-01-30,1920,,,155.41,136.14,140.47
143,2019-01-30,1920,,,155.91,136.21,140.54
143,2019-01-30,1920,,,156.28,136.32,140.65
143,2019-01-30,1920,,,156.71,136.34,140.67
143,2019-01-30,1920,,,157.17,136.38,140.71
143,2019-01-30,1920,,,157.56,136.46,140.79
143,2019-01-30,1920,,,157.84,136.46,140.79
143,2019-01-30,1920,,,157.84,136.47,140.8
143,2019-01-30,1920,,,192.84,139.47,143.8
144,2019-04-10,2620,1288776.772,675317.3925,-10,139.76,144.09
144,2019-04-10,2620,1288767.986,675312.5272,0,135.59,139.92
144,2019-04-10,2620,1288767.969,675312.5174,0.02,135.58,139.91
144,2019-04-10,2620,1288767.96,675312.5126,0.03,135.64,139.97
144,2019-04-10,2620,1288767.96,675312.5126,0.03,135.65,139.98
144,2019-04-10,2620,1288767.96,675312.5126,0.03,135.62,139.95
144,2019-04-10,2620,1288767.951,675312.5077,0.04,135.61,139.94
144,2019-04-10,2620,1288767.951,675312.5077,0.04,135.64,139.97
144,2019-04-10,2620,1288767.951,675312.5077,0.04,135.68,140.01
144,2019-04-10,2620,1288767.942,675312.5028,0.05,135.61,139.94
144,2019-04-10,2620,1288767.907,675312.4834,0.09,135.59,139.92
144,2019-04-10,2620,1288767.846,675312.4493,0.16,135.69,140.02
144,2019-04-10,2620,1288767.784,675312.4153,0.23,135.62,139.95
144,2019-04-10,2620,1288767.723,675312.3812,0.3,135.69,140.02
144,2019-04-10,2620,1288767.661,675312.3471,0.37,135.68,140.01
144,2019-04-10,2620,1288767.573,675312.2985,0.47,135.69,140.02
144,2019-04-10,2620,1288767.556,675312.2888,0.49,135.41,139.74
144,2019-04-10,2620,1288767.512,675312.2644,0.54,135.67,140
144,2019-04-10,2620,1288767.433,675312.2206,0.63,135.69,140.02
144,2019-04-10,2620,1288767.407,675312.206,0.66,135.71,140.04
144,2019-04-10,2620,1288767.301,675312.1477,0.78,135.72,140.05
144,2019-04-10,2620,1288767.301,675312.1477,0.78,135.71,140.04
144,2019-04-10,2620,1288767.248,675312.1185,0.84,135.43,139.76
144,2019-04-10,2620,1288766.809,675311.8752,1.34,135.39,139.72
144,2019-04-10,2620,1288766.291,675311.5881,1.93,135.4,139.73
144,2019-04-10,2620,1288765.711,675311.267,2.59,135.47,139.8
144,2019-04-10,2620,1288765.043,675310.8973,3.35,135.51,139.84
144,2019-04-10,2620,1288764.165,675310.4107,4.35,135.53,139.86
144,2019-04-10,2620,1288763.418,675309.9972,5.2,135.6,139.93
144,2019-04-10,2620,1288762.548,675309.5155,6.19,135.75,140.08
144,2019-04-10,2620,1288761.432,675308.8976,7.46,135.98,140.31
144,2019-04-10,2620,1288759.983,675308.0948,9.11,136.21,140.54
144,2019-04-10,2620,1288758.718,675307.3942,10.55,136.41,140.74
144,2019-04-10,2620,1288757.013,675306.4503,12.49,136.44,140.77
144,2019-04-10,2620,1288755.713,675305.7303,13.97,136.28,140.61
144,2019-04-10,2620,1288754.184,675304.8837,15.71,136.2,140.53
144,2019-04-10,2620,1288752.981,675304.2171,17.08,136.11,140.44
144,2019-04-10,2620,1288751.803,675303.5652,18.42,135.94,140.27
144,2019-04-10,2620,1288750.608,675302.9035,19.78,135.79,140.12
144,2019-04-10,2620,1288749.229,675302.1396,21.35,135.44,139.77
144,2019-04-10,2620,1288748.078,675301.5023,22.66,134.99,139.32
144,2019-04-10,2620,1288746.927,675300.8649,23.97,134.67,139
144,2019-04-10,2620,1288745.636,675300.1497,25.44,133.99,138.32
144,2019-04-10,2620,1288744.195,675299.3518,27.08,133.25,137.58
144,2019-04-10,2620,1288743.053,675298.7193,28.38,132.73,137.06
144,2019-04-10,2620,1288741.928,675298.0965,29.66,132.41,136.74
144,2019-04-10,2620,1288740.839,675297.4932,30.9,131.92,136.25
144,2019-04-10,2620,1288739.899,675296.9726,31.97,131.77,136.1
144,2019-04-10,2620,1288739.082,675296.5201,32.9,131.35,135.68
144,2019-04-10,2620,1288738.414,675296.1504,33.66,131.21,135.54
144,2019-04-10,2620,1288737.896,675295.8633,34.25,130.94,135.27
144,2019-04-10,2620,1288737.5,675295.6444,34.7,130.89,135.22
144,2019-04-10,2620,1288737.122,675295.4352,35.13,130.77,135.1
144,2019-04-10,2620,1288736.472,675295.0751,35.87,130.62,134.95
144,2019-04-10,2620,1288735.963,675294.7929,36.45,130.67,135
144,2019-04-10,2620,1288735.321,675294.4378,37.18,130.57,134.9
144,2019-04-10,2620,1288734.583,675294.0291,38.02,130.41,134.74
144,2019-04-10,2620,1288733.837,675293.6155,38.87,130.33,134.66
144,2019-04-10,2620,1288732.861,675293.0755,39.98,130.32,134.65
144,2019-04-10,2620,1288732.106,675292.657,40.84,130.35,134.68
144,2019-04-10,2620,1288731.403,675292.2678,41.64,130.36,134.69
144,2019-04-10,2620,1288730.691,675291.8737,42.45,130.35,134.68
144,2019-04-10,2620,1288730.059,675291.5234,43.17,130.48,134.81
144,2019-04-10,2620,1288729.259,675291.0807,44.08,130.58,134.91
144,2019-04-10,2620,1288728.6,675290.7158,44.83,130.74,135.07
144,2019-04-10,2620,1288727.906,675290.3314,45.62,130.81,135.14
144,2019-04-10,2620,1288727.072,675289.8692,46.57,131.11,135.44
144,2019-04-10,2620,1288722.846,675287.529,51.38,132.95,137.28
144,2019-04-10,2620,1288722.187,675287.1641,52.13,133.37,137.7
144,2019-04-10,2620,1288721.625,675286.8527,52.77,133.5,137.83
144,2019-04-10,2620,1288721.177,675286.6045,53.28,133.56,137.89
144,2019-04-10,2620,1288720.913,675286.4586,53.58,133.59,137.92
144,2019-04-10,2620,1288719.314,675285.5731,55.4,133.68,138.01
144,2019-04-10,2620,1288718.664,675285.213,56.14,133.78,138.11
144,2019-04-10,2620,1288717.68,675284.6681,57.26,133.64,137.97
144,2019-04-10,2620,1288716.678,675284.1135,58.4,133.53,137.86
144,2019-04-10,2620,1288715.686,675283.5637,59.53,133.39,137.72
144,2019-04-10,2620,1288714.587,675282.9555,60.78,133.16,137.49
144,2019-04-10,2620,1288713.63,675282.4252,61.87,132.98,137.31
144,2019-04-10,2620,1288713.12,675282.143,62.45,132.85,137.18
144,2019-04-10,2620,1288712.804,675281.9679,62.81,132.72,137.05
144,2019-04-10,2620,1288712.198,675281.6321,63.5,132.64,136.97
144,2019-04-10,2620,1288711.688,675281.35,64.08,132.58,136.91
144,2019-04-10,2620,1288711.082,675281.0142,64.77,132.64,136.97
144,2019-04-10,2620,1288710.151,675280.4985,65.83,132.62,136.95
144,2019-04-10,2620,1288709.887,675280.3526,66.13,132.76,137.09
144,2019-04-10,2620,1288709.483,675280.1288,66.59,132.8,137.13
144,2019-04-10,2620,1288708.868,675279.7882,67.29,133.08,137.41
144,2019-04-10,2620,1288704.844,675277.5598,71.87,134.02,138.35
144,2019-04-10,2620,1288704.053,675277.122,72.77,133.92,138.25
144,2019-04-10,2620,1288703.333,675276.723,73.59,133.86,138.19
144,2019-04-10,2620,1288701.602,675275.7645,75.56,133.98,138.31
144,2019-04-10,2620,1288701.04,675275.4531,76.2,133.99,138.32
144,2019-04-10,2620,1288700.609,675275.2147,76.69,134.01,138.34
144,2019-04-10,2620,1288698.457,675274.0227,79.14,134.03,138.36
144,2019-04-10,2620,1288697.649,675273.5751,80.06,133.97,138.3
144,2019-04-10,2620,1288696.963,675273.1956,80.84,133.97,138.3
144,2019-04-10,2620,1288696.243,675272.7967,81.66,134.02,138.35
144,2019-04-10,2620,1288695.461,675272.3636,82.55,134.11,138.44
144,2019-04-10,2620,1288693.256,675271.1424,85.06,134.16,138.49
144,2019-04-10,2620,1288691.411,675270.1207,87.16,134.25,138.58
144,2019-04-10,2620,1288689.548,675269.0893,89.28,134.32,138.65
144,2019-04-10,2620,1288683.855,675265.9365,95.76,134.3,138.63
144,2019-04-10,2620,1288683.073,675265.5035,96.65,134.28,138.61
144,2019-04-10,2620,1288682.195,675265.017,97.65,134.19,138.52
144,2019-04-10,2620,1288679.559,675263.5574,100.65,134.28,138.61
144,2019-04-10,2620,1288678.733,675263.1,101.59,134.25,138.58
144,2019-04-10,2620,1288677.793,675262.5794,102.66,134.32,138.65
144,2019-04-10,2620,1288676.827,675262.0442,103.76,134.38,138.71
144,2019-04-10,2620,1288675.843,675261.4993,104.88,134.39,138.72
144,2019-04-10,2620,1288674.718,675260.8765,106.16,134.39,138.72
144,2019-04-10,2620,1288673.734,675260.3316,107.28,134.6,138.93
144,2019-04-10,2620,1288672.812,675259.8208,108.33,134.49,138.82
144,2019-04-10,2620,1288671.652,675259.1785,109.65,134.5,138.83
144,2019-04-10,2620,1288670.633,675258.6142,110.81,134.48,138.81
144,2019-04-10,2620,1288667.242,675256.7361,114.67,134.59,138.92
144,2019-04-10,2620,1288666.178,675256.1474,115.88,134.69,139.02
144,2019-04-10,2620,1288664.887,675255.4322,117.35,134.67,139
144,2019-04-10,2620,1288663.227,675254.5127,119.24,134.72,139.05
144,2019-04-10,2620,1288661.847,675253.7488,120.81,134.87,139.2
144,2019-04-10,2620,1288660.749,675253.1406,122.06,134.95,139.28
144,2019-04-10,2620,1288659.677,675252.5471,123.28,134.94,139.27
144,2019-04-10,2620,1288658.157,675251.7053,125.01,134.97,139.3
144,2019-04-10,2620,1288656.839,675250.9755,126.51,134.9,139.23
144,2019-04-10,2620,1288653.325,675249.0294,130.51,134.95,139.28
144,2019-04-10,2620,1288652.157,675248.3823,131.84,134.96,139.29
144,2019-04-10,2620,1288649.424,675246.8692,134.95,134.87,139.2
144,2019-04-10,2620,1288645.84,675244.8841,139.03,134.95,139.28
144,2019-04-10,2620,1288644.75,675244.2808,140.27,134.94,139.27
144,2019-04-10,2620,1288643.687,675243.6921,141.48,135.05,139.38
144,2019-04-10,2620,1288642.721,675243.1569,142.58,134.98,139.31
144,2019-04-10,2620,1288641.869,675242.685,143.55,135.07,139.4
144,2019-04-10,2620,1288640.911,675242.1547,144.64,135.06,139.39
144,2019-04-10,2620,1288640.059,675241.6827,145.61,135.1,139.43
144,2019-04-10,2620,1288638.934,675241.0599,146.89,135.14,139.47
144,2019-04-10,2620,1288638.056,675240.5734,147.89,135.11,139.44
144,2019-04-10,2620,1288637.177,675240.0869,148.89,135.16,139.49
144,2019-04-10,2620,1288636.219,675239.5566,149.98,135.19,139.52
144,2019-04-10,2620,1288635.209,675238.997,151.13,135.22,139.55
144,2019-04-10,2620,1288634.19,675238.4327,152.29,135.29,139.62
144,2019-04-10,2620,1288633.259,675237.9169,153.35,135.3,139.63
144,2019-04-10,2620,1288632.292,675237.3817,154.45,135.33,139.66
144,2019-04-10,2620,1288631.256,675236.8076,155.63,135.34,139.67
144,2019-04-10,2620,1288630.298,675236.2773,156.72,135.49,139.82
144,2019-04-10,2620,1288629.463,675235.8151,157.67,135.38,139.71
144,2019-04-10,2620,1288628.664,675235.3723,158.58,135.37,139.7
144,2019-04-10,2620,1288627.618,675234.7934,159.77,135.38,139.71
144,2019-04-10,2620,1288626.652,675234.2582,160.87,135.46,139.79
144,2019-04-10,2620,1288625.44,675233.5868,162.25,135.53,139.86
144,2019-04-10,2620,1288624.473,675233.0516,163.35,135.64,139.97
144,2019-04-10,2620,1288623.63,675232.5845,164.31,135.65,139.98
144,2019-04-10,2620,1288622.83,675232.1418,165.22,135.74,140.07
144,2019-04-10,2620,1288622.039,675231.7039,166.12,135.65,139.98
144,2019-04-10,2620,1288621.152,675231.2125,167.13,135.86,140.19
144,2019-04-10,2620,1288620.247,675230.7113,168.16,135.65,139.98
144,2019-04-10,2620,1288619.298,675230.1859,169.24,135.86,140.19
144,2019-04-10,2620,1288618.112,675229.5291,170.59,135.93,140.26
144,2019-04-10,2620,1288617.181,675229.0133,171.65,136.01,140.34
144,2019-04-10,2620,1288616.241,675228.4927,172.72,136.06,140.39
144,2019-04-10,2620,1288615.257,675227.9478,173.84,136.14,140.47
144,2019-04-10,2620,1288614.405,675227.4759,174.81,136.29,140.62
144,2019-04-10,2620,1288613.632,675227.0477,175.69,136.38,140.71
144,2019-04-10,2620,1288612.92,675226.6536,176.5,136.45,140.78
144,2019-04-10,2620,1288612.235,675226.2741,177.28,136.58,140.91
144,2019-04-10,2620,1288611.681,675225.9676,177.91,136.62,140.95
144,2019-04-10,2620,1288611.224,675225.7146,178.43,136.71,141.04
144,2019-04-10,2620,1288610.688,675225.4178,179.04,136.74,141.07
144,2019-04-10,2620,1288610.249,675225.1746,179.54,136.78,141.11
144,2019-04-10,2620,1288609.59,675224.8097,180.29,136.89,141.22
144,2019-04-10,2620,1288609.063,675224.5177,180.89,136.98,141.31
144,2019-04-10,2620,1288608.466,675224.1869,181.57,137.05,141.38
144,2019-04-10,2620,1288607.868,675223.8561,182.25,137.13,141.46
144,2019-04-10,2620,1288607.49,675223.6468,182.68,137.16,141.49
144,2019-04-10,2620,1288607.157,675223.462,183.06,137.2,141.53
144,2019-04-10,2620,1288606.814,675223.2722,183.45,137.28,141.61
144,2019-04-10,2620,1288606.392,675223.0387,183.93,137.36,141.69
144,2019-04-10,2620,1288606.094,675222.8733,184.27,137.38,141.71
144,2019-04-10,2620,1288605.856,675222.7419,184.54,137.41,141.74
144,2019-04-10,2620,1288605.619,675222.6105,184.81,137.44,141.77
144,2019-04-10,2620,1288605.399,675222.4889,185.06,137.46,141.79
144,2019-04-10,2620,1288605.189,675222.3721,185.3,137.5,141.83
144,2019-04-10,2620,1288605.013,675222.2748,185.5,137.53,141.86
144,2019-04-10,2620,1288604.828,675222.1726,185.71,137.55,141.88
144,2019-04-10,2620,1288604.661,675222.0802,185.9,137.56,141.89
144,2019-04-10,2620,1288604.468,675221.9732,186.12,137.59,141.92
144,2019-04-10,2620,1288604.275,675221.8661,186.34,137.59,141.92
144,2019-04-10,2620,1288604.046,675221.7396,186.6,137.61,141.94
144,2019-04-10,2620,1288603.844,675221.6277,186.83,137.62,141.95
144,2019-04-10,2620,1288603.598,675221.4915,187.11,137.61,141.94
144,2019-04-10,2620,1288603.396,675221.3796,187.34,137.63,141.96
144,2019-04-10,2620,1288603.177,675221.258,187.59,137.67,142
144,2019-04-10,2620,1288602.966,675221.1412,187.83,137.66,141.99
144,2019-04-10,2620,1288602.764,675221.0293,188.06,137.68,142.01
144,2019-04-10,2620,1288602.588,675220.932,188.26,137.7,142.03
144,2019-04-10,2620,1288602.439,675220.8493,188.43,137.7,142.03
144,2019-04-10,2620,1288602.298,675220.7714,188.59,137.69,142.02
144,2019-04-10,2620,1288602.184,675220.7082,188.72,137.73,142.06
144,2019-04-10,2620,1288602.07,675220.6449,188.85,137.73,142.06
144,2019-04-10,2620,1288601.973,675220.5914,188.96,137.73,142.06
144,2019-04-10,2620,1288601.894,675220.5476,189.05,137.75,142.08
144,2019-04-10,2620,1288601.797,675220.4941,189.16,137.71,142.04
144,2019-04-10,2620,1288601.718,675220.4503,189.25,137.75,142.08
144,2019-04-10,2620,1288601.648,675220.4114,189.33,137.77,142.1
144,2019-04-10,2620,1288601.551,675220.3579,189.44,137.74,142.07
144,2019-04-10,2620,1288601.428,675220.2897,189.58,137.74,142.07
144,2019-04-10,2620,1288601.341,675220.2411,189.68,137.74,142.07
144,2019-04-10,2620,1288601.235,675220.1827,189.8,137.73,142.06
144,2019-04-10,2620,1288601.112,675220.1146,189.94,137.76,142.09
144,2019-04-10,2620,1288601.015,675220.0611,190.05,137.8,142.13
144,2019-04-10,2620,1288600.919,675220.0076,190.16,137.79,142.12
144,2019-04-10,2620,1288583.356,675210.2817,210.15,139.76,144.09
145,2019-05-20,2730,,,-30,139.84,144.17
145,2019-05-20,2730,,,0,136.05,140.38
145,2019-05-20,2730,,,0.03,136.12,140.45
145,2019-05-20,2730,,,0.04,136.17,140.5
145,2019-05-20,2730,,,0.05,136.07,140.4
145,2019-05-20,2730,,,0.09,136.05,140.38
145,2019-05-20,2730,,,0.19,136.17,140.5
145,2019-05-20,2730,,,0.3,136.13,140.46
145,2019-05-20,2730,,,0.41,136.17,140.5
145,2019-05-20,2730,,,0.46,136.22,140.55
145,2019-05-20,2730,,,0.46,136.16,140.49
145,2019-05-20,2730,,,0.48,136.17,140.5
145,2019-05-20,2730,,,0.49,136.13,140.46
145,2019-05-20,2730,,,0.49,136.16,140.49
145,2019-05-20,2730,,,0.54,136.17,140.5
145,2019-05-20,2730,,,0.65,136.23,140.56
145,2019-05-20,2730,,,1.29,136.04,140.37
145,2019-05-20,2730,,,2.18,135.95,140.28
145,2019-05-20,2730,,,3.39,135.8,140.13
145,2019-05-20,2730,,,5.06,135.52,139.85
145,2019-05-20,2730,,,6.84,135.04,139.37
145,2019-05-20,2730,,,8.62,134.45,138.78
145,2019-05-20,2730,,,10.38,134.04,138.37
145,2019-05-20,2730,,,12,133.64,137.97
145,2019-05-20,2730,,,13.66,133.36,137.69
145,2019-05-20,2730,,,14.71,133.12,137.45
145,2019-05-20,2730,,,15.01,132.99,137.32
145,2019-05-20,2730,,,15.65,133.02,137.35
145,2019-05-20,2730,,,16.73,132.91,137.24
145,2019-05-20,2730,,,18.02,132.77,137.1
145,2019-05-20,2730,,,19.33,132.69,137.02
145,2019-05-20,2730,,,20.13,132.6,136.93
145,2019-05-20,2730,,,20.59,132.52,136.85
145,2019-05-20,2730,,,21.73,132.39,136.72
145,2019-05-20,2730,,,23.09,132.35,136.68
145,2019-05-20,2730,,,24.24,132.43,136.76
145,2019-05-20,2730,,,25.12,132.55,136.88
145,2019-05-20,2730,,,25.74,132.63,136.96
145,2019-05-20,2730,,,26.2,132.63,136.96
145,2019-05-20,2730,,,26.56,132.71,137.04
145,2019-05-20,2730,,,26.83,132.72,137.05
145,2019-05-20,2730,,,27.16,132.76,137.09
145,2019-05-20,2730,,,27.55,132.85,137.18
145,2019-05-20,2730,,,27.99,132.98,137.31
145,2019-05-20,2730,,,28.34,133.33,137.66
145,2019-05-20,2730,,,28.66,133.5,137.83
145,2019-05-20,2730,,,29.26,133.64,137.97
145,2019-05-20,2730,,,30.06,133.93,138.26
145,2019-05-20,2730,,,30.97,133.97,138.3
145,2019-05-20,2730,,,31.92,133.99,138.32
145,2019-05-20,2730,,,32.86,133.82,138.15
145,2019-05-20,2730,,,34.56,133.65,137.98
145,2019-05-20,2730,,,36.8,133.43,137.76
145,2019-05-20,2730,,,39.01,133.2,137.53
145,2019-05-20,2730,,,40.91,133.04,137.37
145,2019-05-20,2730,,,42.36,132.82,137.15
145,2019-05-20,2730,,,42.37,132.84,137.17
145,2019-05-20,2730,,,42.37,132.95,137.28
145,2019-05-20,2730,,,42.96,132.88,137.21
145,2019-05-20,2730,,,43.36,132.82,137.15
145,2019-05-20,2730,,,43.85,132.83,137.16
145,2019-05-20,2730,,,43.85,132.84,137.17
145,2019-05-20,2730,,,48.41,132.9,137.23
145,2019-05-20,2730,,,49.73,132.95,137.28
145,2019-05-20,2730,,,49.73,133.07,137.4
145,2019-05-20,2730,,,51.22,133.04,137.37
145,2019-05-20,2730,,,51.22,133.08,137.41
145,2019-05-20,2730,,,53.88,133.2,137.53
145,2019-05-20,2730,,,53.88,133.25,137.58
145,2019-05-20,2730,,,57.73,133.35,137.68
145,2019-05-20,2730,,,58.98,133.52,137.85
145,2019-05-20,2730,,,60.73,133.65,137.98
145,2019-05-20,2730,,,63.05,133.72,138.05
145,2019-05-20,2730,,,64.6,133.8,138.13
145,2019-05-20,2730,,,66.25,133.93,138.26
145,2019-05-20,2730,,,67.88,134.03,138.36
145,2019-05-20,2730,,,70,134.21,138.54
145,2019-05-20,2730,,,71.31,134.16,138.49
145,2019-05-20,2730,,,72.66,134.24,138.57
145,2019-05-20,2730,,,74.66,134.43,138.76
145,2019-05-20,2730,,,76.56,134.47,138.8
145,2019-05-20,2730,,,77.93,134.55,138.88
145,2019-05-20,2730,,,79.22,134.5,138.83
145,2019-05-20,2730,,,80.48,134.52,138.85
145,2019-05-20,2730,,,81.95,134.51,138.84
145,2019-05-20,2730,,,81.95,134.53,138.86
145,2019-05-20,2730,,,85.19,134.53,138.86
145,2019-05-20,2730,,,87.3,134.58,138.91
145,2019-05-20,2730,,,89.21,134.56,138.89
145,2019-05-20,2730,,,91.01,134.57,138.9
145,2019-05-20,2730,,,91.82,134.61,138.94
145,2019-05-20,2730,,,93.3,134.65,138.98
145,2019-05-20,2730,,,95.8,134.66,138.99
145,2019-05-20,2730,,,97.78,134.72,139.05
145,2019-05-20,2730,,,99.23,134.73,139.06
145,2019-05-20,2730,,,100.43,134.72,139.05
145,2019-05-20,2730,,,102.23,134.71,139.04
145,2019-05-20,2730,,,104.2,134.79,139.12
145,2019-05-20,2730,,,106.39,134.76,139.09
145,2019-05-20,2730,,,107.76,134.79,139.12
145,2019-05-20,2730,,,109.11,134.79,139.12
145,2019-05-20,2730,,,111.12,134.82,139.15
145,2019-05-20,2730,,,113.64,134.82,139.15
145,2019-05-20,2730,,,115.25,134.87,139.2
145,2019-05-20,2730,,,116.06,134.89,139.22
145,2019-05-20,2730,,,117.76,134.92,139.25
145,2019-05-20,2730,,,119.86,134.91,139.24
145,2019-05-20,2730,,,121.52,134.87,139.2
145,2019-05-20,2730,,,122.74,134.9,139.23
145,2019-05-20,2730,,,124.28,134.88,139.21
145,2019-05-20,2730,,,126.03,134.89,139.22
145,2019-05-20,2730,,,128.15,134.94,139.27
145,2019-05-20,2730,,,130.42,135.02,139.35
145,2019-05-20,2730,,,132.61,135.1,139.43
145,2019-05-20,2730,,,134.94,135.09,139.42
145,2019-05-20,2730,,,137.08,135.11,139.44
145,2019-05-20,2730,,,138.89,135.18,139.51
145,2019-05-20,2730,,,140.76,135.26,139.59
145,2019-05-20,2730,,,142.37,135.34,139.67
145,2019-05-20,2730,,,144.31,135.44,139.77
145,2019-05-20,2730,,,146.46,135.52,139.85
145,2019-05-20,2730,,,148.22,135.57,139.9
145,2019-05-20,2730,,,149.61,135.69,140.02
145,2019-05-20,2730,,,150.72,135.8,140.13
145,2019-05-20,2730,,,151.84,135.88,140.21
145,2019-05-20,2730,,,153.18,136.05,140.38
145,2019-05-20,2730,,,154.87,136.17,140.5
145,2019-05-20,2730,,,156.58,136.34,140.67
145,2019-05-20,2730,,,158.18,136.48,140.81
145,2019-05-20,2730,,,159.59,136.63,140.96
145,2019-05-20,2730,,,160.9,136.76,141.09
145,2019-05-20,2730,,,162.17,136.88,141.21
145,2019-05-20,2730,,,163.69,136.95,141.28
145,2019-05-20,2730,,,165.29,137.08,141.41
145,2019-05-20,2730,,,166.89,137.19,141.52
145,2019-05-20,2730,,,168.44,137.35,141.68
145,2019-05-20,2730,,,169.99,137.41,141.74
145,2019-05-20,2730,,,171.5,137.5,141.83
145,2019-05-20,2730,,,172.98,137.58,141.91
145,2019-05-20,2730,,,174.48,137.69,142.02
145,2019-05-20,2730,,,175.9,137.76,142.09
145,2019-05-20,2730,,,177.28,137.8,142.13
145,2019-05-20,2730,,,178.43,137.86,142.19
145,2019-05-20,2730,,,179.29,137.89,142.22
145,2019-05-20,2730,,,179.87,137.93,142.26
145,2019-05-20,2730,,,180.39,137.96,142.29
145,2019-05-20,2730,,,180.88,137.99,142.32
145,2019-05-20,2730,,,181.33,138.02,142.35
145,2019-05-20,2730,,,181.92,138.02,142.35
145,2019-05-20,2730,,,182.47,138,142.33
145,2019-05-20,2730,,,183.08,137.98,142.31
145,2019-05-20,2730,,,183.72,138.01,142.34
145,2019-05-20,2730,,,184.3,138.05,142.38
145,2019-05-20,2730,,,184.86,138.03,142.36
145,2019-05-20,2730,,,185.37,138.03,142.36
145,2019-05-20,2730,,,185.81,138.02,142.35
145,2019-05-20,2730,,,186.08,138.04,142.37
145,2019-05-20,2730,,,186.24,138.04,142.37
145,2019-05-20,2730,,,206.24,139.84,144.17
147,2019-09-09,1300,,,-25,138.92,143.25
147,2019-09-09,1300,,,0,135.36,139.69
147,2019-09-09,1300,,,0.08,135.37,139.7
147,2019-09-09,1300,,,0.1,135.38,139.71
147,2019-09-09,1300,,,0.14,135.37,139.7
147,2019-09-09,1300,,,0.19,135.41,139.74
147,2019-09-09,1300,,,0.24,135.41,139.74
147,2019-09-09,1300,,,0.24,135.36,139.69
147,2019-09-09,1300,,,0.32,135.42,139.75
147,2019-09-09,1300,,,0.34,135.4,139.73
147,2019-09-09,1300,,,0.47,135.42,139.75
147,2019-09-09,1300,,,0.62,135.45,139.78
147,2019-09-09,1300,,,0.7,135.45,139.78
147,2019-09-09,1300,,,0.81,135.48,139.81
147,2019-09-09,1300,,,0.88,135.49,139.82
147,2019-09-09,1300,,,0.88,135.18,139.51
147,2019-09-09,1300,,,1.66,135,139.33
147,2019-09-09,1300,,,2.6,134.88,139.21
147,2019-09-09,1300,,,3.72,134.65,138.98
147,2019-09-09,1300,,,4.92,134.52,138.85
147,2019-09-09,1300,,,6.18,134.45,138.78
147,2019-09-09,1300,,,7.39,134.35,138.68
147,2019-09-09,1300,,,8.56,134.25,138.58
147,2019-09-09,1300,,,9.63,134.12,138.45
147,2019-09-09,1300,,,10.73,134.01,138.34
147,2019-09-09,1300,,,12.03,133.84,138.17
147,2019-09-09,1300,,,13.44,133.61,137.94
147,2019-09-09,1300,,,14.75,133.39,137.72
147,2019-09-09,1300,,,15.89,133.19,137.52
147,2019-09-09,1300,,,16.98,133.02,137.35
147,2019-09-09,1300,,,18.05,132.81,137.14
147,2019-09-09,1300,,,19.2,132.77,137.1
147,2019-09-09,1300,,,20.35,132.72,137.05
147,2019-09-09,1300,,,21.67,132.86,137.19
147,2019-09-09,1300,,,22.87,133.07,137.4
147,2019-09-09,1300,,,24.03,133.28,137.61
147,2019-09-09,1300,,,25.15,133.54,137.87
147,2019-09-09,1300,,,26.22,133.79,138.12
147,2019-09-09,1300,,,27.48,134.03,138.36
147,2019-09-09,1300,,,28.83,134.24,138.57
147,2019-09-09,1300,,,30.13,134.46,138.79
147,2019-09-09,1300,,,31.47,134.63,138.96
147,2019-09-09,1300,,,32.94,134.68,139.01
147,2019-09-09,1300,,,34.5,134.63,138.96
147,2019-09-09,1300,,,36.24,134.47,138.8
147,2019-09-09,1300,,,37.93,134.24,138.57
147,2019-09-09,1300,,,39.69,133.89,138.22
147,2019-09-09,1300,,,41.24,133.58,137.91
147,2019-09-09,1300,,,42.51,133.35,137.68
147,2019-09-09,1300,,,43.82,133.2,137.53
147,2019-09-09,1300,,,45,133.12,137.45
147,2019-09-09,1300,,,46,133.02,137.35
147,2019-09-09,1300,,,47.18,132.95,137.28
147,2019-09-09,1300,,,48.7,132.95,137.28
147,2019-09-09,1300,,,50.4,132.98,137.31
147,2019-09-09,1300,,,52.22,133.05,137.38
147,2019-09-09,1300,,,54.03,133.23,137.56
147,2019-09-09,1300,,,55.81,133.36,137.69
147,2019-09-09,1300,,,57.65,133.53,137.86
147,2019-09-09,1300,,,59.48,133.67,138
147,2019-09-09,1300,,,61.13,133.79,138.12
147,2019-09-09,1300,,,62.7,133.91,138.24
147,2019-09-09,1300,,,64.48,134.01,138.34
147,2019-09-09,1300,,,66.41,134.13,138.46
147,2019-09-09,1300,,,68.22,134.22,138.55
147,2019-09-09,1300,,,70.06,134.33,138.66
147,2019-09-09,1300,,,71.92,134.38,138.71
147,2019-09-09,1300,,,73.75,134.4,138.73
147,2019-09-09,1300,,,75.54,134.47,138.8
147,2019-09-09,1300,,,77.36,134.48,138.81
147,2019-09-09,1300,,,79.25,134.46,138.79
147,2019-09-09,1300,,,81.25,134.44,138.77
147,2019-09-09,1300,,,82.92,134.49,138.82
147,2019-09-09,1300,,,84.33,134.51,138.84
147,2019-09-09,1300,,,85.74,134.54,138.87
147,2019-09-09,1300,,,87.09,134.58,138.91
147,2019-09-09,1300,,,88.5,134.57,138.9
147,2019-09-09,1300,,,90.09,134.58,138.91
147,2019-09-09,1300,,,91.86,134.57,138.9
147,2019-09-09,1300,,,93.67,134.57,138.9
147,2019-09-09,1300,,,95.63,134.56,138.89
147,2019-09-09,1300,,,97.7,134.55,138.88
147,2019-09-09,1300,,,99.94,134.51,138.84
147,2019-09-09,1300,,,102.1,134.52,138.85
147,2019-09-09,1300,,,104.46,134.53,138.86
147,2019-09-09,1300,,,106.75,134.56,138.89
147,2019-09-09,1300,,,108.86,134.59,138.92
147,2019-09-09,1300,,,110.99,134.68,139.01
147,2019-09-09,1300,,,113.13,134.71,139.04
147,2019-09-09,1300,,,115.1,134.72,139.05
147,2019-09-09,1300,,,117.24,134.73,139.06
147,2019-09-09,1300,,,119.54,134.76,139.09
147,2019-09-09,1300,,,121.7,134.77,139.1
147,2019-09-09,1300,,,123.94,134.79,139.12
147,2019-09-09,1300,,,125.89,134.81,139.14
147,2019-09-09,1300,,,127.9,134.88,139.21
147,2019-09-09,1300,,,130.07,134.93,139.26
147,2019-09-09,1300,,,132,134.94,139.27
147,2019-09-09,1300,,,133.65,134.96,139.29
147,2019-09-09,1300,,,135.18,134.98,139.31
147,2019-09-09,1300,,,136.63,135.02,139.35
147,2019-09-09,1300,,,137.92,135.13,139.46
147,2019-09-09,1300,,,138.97,135.21,139.54
147,2019-09-09,1300,,,139.96,135.24,139.57
147,2019-09-09,1300,,,140.92,135.29,139.62
147,2019-09-09,1300,,,141.87,135.37,139.7
147,2019-09-09,1300,,,142.71,135.43,139.76
147,2019-09-09,1300,,,143.61,135.54,139.87
147,2019-09-09,1300,,,144.45,135.59,139.92
147,2019-09-09,1300,,,145.33,135.62,139.95
147,2019-09-09,1300,,,146.28,135.69,140.02
147,2019-09-09,1300,,,147.25,135.73,140.06
147,2019-09-09,1300,,,148.3,135.82,140.15
147,2019-09-09,1300,,,149.39,135.87,140.2
147,2019-09-09,1300,,,150.44,135.99,140.32
147,2019-09-09,1300,,,151.37,136.08,140.41
147,2019-09-09,1300,,,152.19,136.18,140.51
147,2019-09-09,1300,,,152.89,136.3,140.63
147,2019-09-09,1300,,,153.57,136.35,140.68
147,2019-09-09,1300,,,154.16,136.45,140.78
147,2019-09-09,1300,,,154.75,136.51,140.84
147,2019-09-09,1300,,,155.34,136.52,140.85
147,2019-09-09,1300,,,155.88,136.56,140.89
147,2019-09-09,1300,,,156.4,136.6,140.93
147,2019-09-09,1300,,,156.82,136.65,140.98
147,2019-09-09,1300,,,157.2,136.67,141
147,2019-09-09,1300,,,157.5,136.75,141.08
147,2019-09-09,1300,,,157.76,136.76,141.09
147,2019-09-09,1300,,,157.98,136.78,141.11
147,2019-09-09,1300,,,158.17,136.81,141.14
147,2019-09-09,1300,,,158.34,136.82,141.15
147,2019-09-09,1300,,,158.49,136.88,141.21
147,2019-09-09,1300,,,158.64,136.91,141.24
147,2019-09-09,1300,,,158.78,136.93,141.26
147,2019-09-09,1300,,,158.9,136.94,141.27
147,2019-09-09,1300,,,159.07,136.98,141.31
147,2019-09-09,1300,,,159.2,137.01,141.34
147,2019-09-09,1300,,,159.33,137.02,141.35
147,2019-09-09,1300,,,159.45,137.03,141.36
147,2019-09-09,1300,,,159.55,137.05,141.38
147,2019-09-09,1300,,,159.67,137.05,141.38
147,2019-09-09,1300,,,159.77,137.08,141.41
147,2019-09-09,1300,,,159.84,137.09,141.42
147,2019-09-09,1300,,,159.9,137.12,141.45
147,2019-09-09,1300,,,159.96,137.11,141.44
147,2019-09-09,1300,,,160.06,137.07,141.4
147,2019-09-09,1300,,,160.12,137.1,141.43
147,2019-09-09,1300,,,160.19,137.12,141.45
147,2019-09-09,1300,,,160.3,137.11,141.44
147,2019-09-09,1300,,,160.39,137.12,141.45
147,2019-09-09,1300,,,185.38,138.92,143.25
148,2019-11-04,1440,,,-20,139.12,143.45
148,2019-11-04,1440,,,0,132.5,136.83
148,2019-11-04,1440,,,0.15,132.2,136.53
148,2019-11-04,1440,,,0.39,132.49,136.82
148,2019-11-04,1440,,,0.55,132.18,136.51
148,2019-11-04,1440,,,0.76,132.21,136.54
148,2019-11-04,1440,,,0.85,132.48,136.81
148,2019-11-04,1440,,,1.34,132.22,136.55
148,2019-11-04,1440,,,1.37,132.2,136.53
148,2019-11-04,1440,,,1.39,132.43,136.76
148,2019-11-04,1440,,,1.93,132.42,136.75
148,2019-11-04,1440,,,1.97,132.22,136.55
148,2019-11-04,1440,,,2.3,132.25,136.58
148,2019-11-04,1440,,,2.41,132.38,136.71
148,2019-11-04,1440,,,2.54,132.22,136.55
148,2019-11-04,1440,,,2.9,132.37,136.7
148,2019-11-04,1440,,,3.15,132.18,136.51
148,2019-11-04,1440,,,3.35,132.35,136.68
148,2019-11-04,1440,,,3.51,132.33,136.66
148,2019-11-04,1440,,,3.66,132.21,136.54
148,2019-11-04,1440,,,3.73,132.31,136.64
148,2019-11-04,1440,,,4.01,132.23,136.56
148,2019-11-04,1440,,,4.01,132.28,136.61
148,2019-11-04,1440,,,4.12,132.21,136.54
148,2019-11-04,1440,,,4.98,132.45,136.78
148,2019-11-04,1440,,,6.75,132.7,137.03
148,2019-11-04,1440,,,8.73,133.05,137.38
148,2019-11-04,1440,,,10.73,133.47,137.8
148,2019-11-04,1440,,,12.64,133.92,138.25
148,2019-11-04,1440,,,14.47,134.42,138.75
148,2019-11-04,1440,,,16.21,134.87,139.2
148,2019-11-04,1440,,,17.88,135.2,139.53
148,2019-11-04,1440,,,19.42,135.14,139.47
148,2019-11-04,1440,,,21.01,134.82,139.15
148,2019-11-04,1440,,,22.56,134.17,138.5
148,2019-11-04,1440,,,24.1,133.39,137.72
148,2019-11-04,1440,,,25.7,132.6,136.93
148,2019-11-04,1440,,,27.39,131.79,136.12
148,2019-11-04,1440,,,28.86,130.88,135.21
148,2019-11-04,1440,,,30.17,130.15,134.48
148,2019-11-04,1440,,,31.41,129.52,133.85
148,2019-11-04,1440,,,32.38,129.1,133.43
148,2019-11-04,1440,,,33.02,128.89,133.22
148,2019-11-04,1440,,,33.34,128.8,133.13
148,2019-11-04,1440,,,33.52,128.73,133.06
148,2019-11-04,1440,,,33.72,128.72,133.05
148,2019-11-04,1440,,,33.98,128.74,133.07
148,2019-11-04,1440,,,34.35,128.68,133.01
148,2019-11-04,1440,,,34.99,128.73,133.06
148,2019-11-04,1440,,,35.9,128.76,133.09
148,2019-11-04,1440,,,36.92,128.82,133.15
148,2019-11-04,1440,,,38.17,129.82,134.15
148,2019-11-04,1440,,,39.65,129.27,133.6
148,2019-11-04,1440,,,41.07,129.63,133.96
148,2019-11-04,1440,,,42.55,130.22,134.55
148,2019-11-04,1440,,,44.02,130.83,135.16
148,2019-11-04,1440,,,45.61,131.62,135.95
148,2019-11-04,1440,,,47.1,132.39,136.72
148,2019-11-04,1440,,,48.58,132.88,137.21
148,2019-11-04,1440,,,50.27,133.13,137.46
148,2019-11-04,1440,,,52.27,133.06,137.39
148,2019-11-04,1440,,,54.19,133.03,137.36
148,2019-11-04,1440,,,55.77,133.02,137.35
148,2019-11-04,1440,,,56.77,133.04,137.37
148,2019-11-04,1440,,,57.4,133.04,137.37
148,2019-11-04,1440,,,58.1,133.03,137.36
148,2019-11-04,1440,,,58.86,133.01,137.34
148,2019-11-04,1440,,,59.43,133.04,137.37
148,2019-11-04,1440,,,59.73,133.07,137.4
148,2019-11-04,1440,,,60.31,133.09,137.42
148,2019-11-04,1440,,,62.29,133.22,137.55
148,2019-11-04,1440,,,64.72,133.3,137.63
148,2019-11-04,1440,,,66.58,133.28,137.61
148,2019-11-04,1440,,,66.97,133.28,137.61
148,2019-11-04,1440,,,67.08,133.27,137.6
148,2019-11-04,1440,,,67.11,133.27,137.6
148,2019-11-04,1440,,,67.31,133.27,137.6
148,2019-11-04,1440,,,67.64,133.25,137.58
148,2019-11-04,1440,,,68.57,133.22,137.55
148,2019-11-04,1440,,,69.35,133.23,137.56
148,2019-11-04,1440,,,70.28,133.18,137.51
148,2019-11-04,1440,,,71.44,133.11,137.44
148,2019-11-04,1440,,,72.54,133.03,137.36
148,2019-11-04,1440,,,73.47,133.02,137.35
148,2019-11-04,1440,,,74.89,132.97,137.3
148,2019-11-04,1440,,,76.55,132.92,137.25
148,2019-11-04,1440,,,78.38,132.82,137.15
148,2019-11-04,1440,,,80.21,132.78,137.11
148,2019-11-04,1440,,,81.97,132.7,137.03
148,2019-11-04,1440,,,83.44,132.64,136.97
148,2019-11-04,1440,,,84.83,132.65,136.98
148,2019-11-04,1440,,,86.22,132.65,136.98
148,2019-11-04,1440,,,87.42,132.67,137
148,2019-11-04,1440,,,88.39,132.68,137.01
148,2019-11-04,1440,,,89.38,132.74,137.07
148,2019-11-04,1440,,,90.46,132.76,137.09
148,2019-11-04,1440,,,91.63,132.78,137.11
148,2019-11-04,1440,,,92.92,132.81,137.14
148,2019-11-04,1440,,,94.27,132.84,137.17
148,2019-11-04,1440,,,95.79,132.84,137.17
148,2019-11-04,1440,,,97.47,132.88,137.21
148,2019-11-04,1440,,,99.21,132.89,137.22
148,2019-11-04,1440,,,100.63,132.98,137.31
148,2019-11-04,1440,,,101.7,133.03,137.36
148,2019-11-04,1440,,,102.95,133.08,137.41
148,2019-11-04,1440,,,104.3,133.11,137.44
148,2019-11-04,1440,,,105.47,133.17,137.5
148,2019-11-04,1440,,,106.5,133.21,137.54
148,2019-11-04,1440,,,107.59,133.21,137.54
148,2019-11-04,1440,,,108.78,133.23,137.56
148,2019-11-04,1440,,,109.86,133.25,137.58
148,2019-11-04,1440,,,110.36,133.21,137.54
148,2019-11-04,1440,,,110.57,133.22,137.55
148,2019-11-04,1440,,,110.92,133.19,137.52
148,2019-11-04,1440,,,111.75,133.2,137.53
148,2019-11-04,1440,,,112.65,133.16,137.49
148,2019-11-04,1440,,,113.68,133.19,137.52
148,2019-11-04,1440,,,114.69,133.24,137.57
148,2019-11-04,1440,,,115.69,133.25,137.58
148,2019-11-04,1440,,,116.88,133.24,137.57
148,2019-11-04,1440,,,118.15,133.21,137.54
148,2019-11-04,1440,,,119.3,133.21,137.54
148,2019-11-04,1440,,,120.01,133.21,137.54
148,2019-11-04,1440,,,121.07,133.24,137.57
148,2019-11-04,1440,,,122.69,133.26,137.59
148,2019-11-04,1440,,,124.05,133.27,137.6
148,2019-11-04,1440,,,125.34,133.25,137.58
148,2019-11-04,1440,,,126.58,133.29,137.62
148,2019-11-04,1440,,,127.8,133.25,137.58
148,2019-11-04,1440,,,128.95,133.26,137.59
148,2019-11-04,1440,,,130.22,133.27,137.6
148,2019-11-04,1440,,,131.49,133.3,137.63
148,2019-11-04,1440,,,132.77,133.33,137.66
148,2019-11-04,1440,,,134.02,133.43,137.76
148,2019-11-04,1440,,,135.27,133.47,137.8
148,2019-11-04,1440,,,136.73,133.47,137.8
148,2019-11-04,1440,,,138.15,133.46,137.79
148,2019-11-04,1440,,,139.53,133.46,137.79
148,2019-11-04,1440,,,140.86,133.46,137.79
148,2019-11-04,1440,,,142.16,133.45,137.78
148,2019-11-04,1440,,,143.55,133.43,137.76
148,2019-11-04,1440,,,145.02,133.42,137.75
148,2019-11-04,1440,,,146.45,133.44,137.77
148,2019-11-04,1440,,,147.73,133.41,137.74
148,2019-11-04,1440,,,148.85,133.41,137.74
148,2019-11-04,1440,,,149.94,133.47,137.8
148,2019-11-04,1440,,,151.09,133.48,137.81
148,2019-11-04,1440,,,152.32,133.52,137.85
148,2019-11-04,1440,,,153.7,133.68,138.01
148,2019-11-04,1440,,,155.04,133.74,138.07
148,2019-11-04,1440,,,156.29,133.78,138.11
148,2019-11-04,1440,,,157.47,133.82,138.15
148,2019-11-04,1440,,,158.63,133.84,138.17
148,2019-11-04,1440,,,159.64,133.78,138.11
148,2019-11-04,1440,,,160.65,133.78,138.11
148,2019-11-04,1440,,,161.7,133.79,138.12
148,2019-11-04,1440,,,162.96,133.82,138.15
148,2019-11-04,1440,,,164.19,133.83,138.16
148,2019-11-04,1440,,,165.35,133.85,138.18
148,2019-11-04,1440,,,166.31,133.91,138.24
148,2019-11-04,1440,,,167.02,133.99,138.32
148,2019-11-04,1440,,,167.66,134.01,138.34
148,2019-11-04,1440,,,168.22,134.08,138.41
148,2019-11-04,1440,,,168.62,134.17,138.5
148,2019-11-04,1440,,,168.94,134.23,138.56
148,2019-11-04,1440,,,169.19,134.3,138.63
148,2019-11-04,1440,,,169.44,134.35,138.68
148,2019-11-04,1440,,,189.43,139.12,143.45
149,2019-12-11,1640,,,-8,139.07,143.4
149,2019-12-11,1640,,,0,133,137.33
149,2019-12-11,1640,,,0.06,132.53,136.86
149,2019-12-11,1640,,,0.1,132.5,136.83
149,2019-12-11,1640,,,0.1,132.6,136.93
149,2019-12-11,1640,,,0.1,132.73,137.06
149,2019-12-11,1640,,,0.35,132.58,136.91
149,2019-12-11,1640,,,0.35,132.34,136.67
149,2019-12-11,1640,,,0.39,132.91,137.24
149,2019-12-11,1640,,,0.58,132.8,137.13
149,2019-12-11,1640,,,0.65,132.59,136.92
149,2019-12-11,1640,,,0.85,132.52,136.85
149,2019-12-11,1640,,,0.86,132.53,136.86
149,2019-12-11,1640,,,2.8,132.63,136.96
149,2019-12-11,1640,,,4.8,132.62,136.95
149,2019-12-11,1640,,,7.2,133.04,137.37
149,2019-12-11,1640,,,10.17,133.67,138
149,2019-12-11,1640,,,13.57,133.92,138.25
149,2019-12-11,1640,,,16.81,134.39,138.72
149,2019-12-11,1640,,,19.71,134.97,139.3
149,2019-12-11,1640,,,22.02,135.41,139.74
149,2019-12-11,1640,,,24.18,135.72,140.05
149,2019-12-11,1640,,,26.06,135.86,140.19
149,2019-12-11,1640,,,27.64,135.92,140.25
149,2019-12-11,1640,,,29.14,135.83,140.16
149,2019-12-11,1640,,,30.89,135.6,139.93
149,2019-12-11,1640,,,32.67,135.31,139.64
149,2019-12-11,1640,,,34.21,135.04,139.37
149,2019-12-11,1640,,,35.83,134.64,138.97
149,2019-12-11,1640,,,37.6,134.34,138.67
149,2019-12-11,1640,,,39.21,136.21,140.54
149,2019-12-11,1640,,,39.22,136.27,140.6
149,2019-12-11,1640,,,39.26,135.46,139.79
149,2019-12-11,1640,,,40.06,136.2,140.53
149,2019-12-11,1640,,,41.26,135.76,140.09
149,2019-12-11,1640,,,42.05,132.19,136.52
149,2019-12-11,1640,,,43.11,130.22,134.55
149,2019-12-11,1640,,,43.66,130.04,134.37
149,2019-12-11,1640,,,44.03,129.86,134.19
149,2019-12-11,1640,,,44.33,131.37,135.7
149,2019-12-11,1640,,,44.85,129.61,133.94
149,2019-12-11,1640,,,45.7,129.5,133.83
149,2019-12-11,1640,,,46.82,129.5,133.83
149,2019-12-11,1640,,,48.22,129.69,134.02
149,2019-12-11,1640,,,50.22,129.98,134.31
149,2019-12-11,1640,,,52.85,130.47,134.8
149,2019-12-11,1640,,,55.43,131.41,135.74
149,2019-12-11,1640,,,57.85,132.19,136.52
149,2019-12-11,1640,,,60.78,132.83,137.16
149,2019-12-11,1640,,,63.75,133.07,137.4
149,2019-12-11,1640,,,66.55,132.78,137.11
149,2019-12-11,1640,,,68.94,132.56,136.89
149,2019-12-11,1640,,,70.49,132.52,136.85
149,2019-12-11,1640,,,71.7,132.35,136.68
149,2019-12-11,1640,,,73.17,132.21,136.54
149,2019-12-11,1640,,,74.41,132.12,136.45
149,2019-12-11,1640,,,75.19,132.11,136.44
149,2019-12-11,1640,,,75.95,132.17,136.5
149,2019-12-11,1640,,,76.98,132.25,136.58
149,2019-12-11,1640,,,78.24,132.43,136.76
149,2019-12-11,1640,,,79.45,132.61,136.94
149,2019-12-11,1640,,,81.32,132.82,137.15
149,2019-12-11,1640,,,83.45,133.02,137.35
149,2019-12-11,1640,,,85.7,133.11,137.44
149,2019-12-11,1640,,,87.94,133.3,137.63
149,2019-12-11,1640,,,89.84,133.38,137.71
149,2019-12-11,1640,,,91.74,133.49,137.82
149,2019-12-11,1640,,,93.52,133.58,137.91
149,2019-12-11,1640,,,95.67,133.75,138.08
149,2019-12-11,1640,,,97.75,133.88,138.21
149,2019-12-11,1640,,,99.97,133.97,138.3
149,2019-12-11,1640,,,102.05,133.99,138.32
149,2019-12-11,1640,,,103.68,134.08,138.41
149,2019-12-11,1640,,,105.15,134.18,138.51
149,2019-12-11,1640,,,106.73,134.16,138.49
149,2019-12-11,1640,,,108.79,134.23,138.56
149,2019-12-11,1640,,,111.05,134.25,138.58
149,2019-12-11,1640,,,113.2,134.3,138.63
149,2019-12-11,1640,,,115.41,134.32,138.65
149,2019-12-11,1640,,,117.7,134.33,138.66
149,2019-12-11,1640,,,120.13,134.34,138.67
149,2019-12-11,1640,,,122.06,134.25,138.58
149,2019-12-11,1640,,,124.16,134.15,138.48
149,2019-12-11,1640,,,126.04,134.1,138.43
149,2019-12-11,1640,,,128.36,133.95,138.28
149,2019-12-11,1640,,,130.72,133.85,138.18
149,2019-12-11,1640,,,133,133.72,138.05
149,2019-12-11,1640,,,135.09,133.64,137.97
149,2019-12-11,1640,,,137.22,133.59,137.92
149,2019-12-11,1640,,,139.65,133.61,137.94
149,2019-12-11,1640,,,141.63,133.57,137.9
149,2019-12-11,1640,,,143.29,133.51,137.84
149,2019-12-11,1640,,,145.63,133.44,137.77
149,2019-12-11,1640,,,147.8,133.49,137.82
149,2019-12-11,1640,,,150.02,133.57,137.9
149,2019-12-11,1640,,,152.09,133.65,137.98
149,2019-12-11,1640,,,154.06,133.75,138.08
149,2019-12-11,1640,,,156.33,133.84,138.17
149,2019-12-11,1640,,,158.71,133.85,138.18
149,2019-12-11,1640,,,160.74,133.9,138.23
149,2019-12-11,1640,,,162.52,134.01,138.34
149,2019-12-11,1640,,,164.13,134.15,138.48
149,2019-12-11,1640,,,165.35,134.35,138.68
149,2019-12-11,1640,,,166.09,134.46,138.79
149,2019-12-11,1640,,,166.52,134.55,138.88
149,2019-12-11,1640,,,166.72,134.6,138.93
149,2019-12-11,1640,,,166.78,134.61,138.94
149,2019-12-11,1640,,,166.81,134.61,138.94
149,2019-12-11,1640,,,167.22,134.6,138.93
149,2019-12-11,1640,,,168.09,134.65,138.98
149,2019-12-11,1640,,,169.34,134.76,139.09
149,2019-12-11,1640,,,170.68,134.85,139.18
149,2019-12-11,1640,,,172.03,134.96,139.29
149,2019-12-11,1640,,,173.35,135.06,139.39
149,2019-12-11,1640,,,174.38,135.13,139.46
149,2019-12-11,1640,,,175.14,135.18,139.51
149,2019-12-11,1640,,,175.55,135.23,139.56
149,2019-12-11,1640,,,175.64,135.22,139.55
149,2019-12-11,1640,,,175.64,135.24,139.57
149,2019-12-11,1640,,,175.77,135.23,139.56
149,2019-12-11,1640,,,175.78,135.24,139.57
149,2019-12-11,1640,,,175.81,135.23,139.56
149,2019-12-11,1640,,,175.85,135.25,139.58
149,2019-12-11,1640,,,175.94,135.25,139.58
149,2019-12-11,1640,,,176.19,135.26,139.59
149,2019-12-11,1640,,,176.43,135.27,139.6
149,2019-12-11,1640,,,176.69,135.31,139.64
149,2019-12-11,1640,,,176.98,135.36,139.69
149,2019-12-11,1640,,,177.2,135.38,139.71
149,2019-12-11,1640,,,177.36,135.41,139.74
149,2019-12-11,1640,,,177.46,135.42,139.75
149,2019-12-11,1640,,,197.45,139.07,143.4
150,2020-02-05,5330,,,-20,141.26,145.59
150,2020-02-05,5330,,,0,130.87,135.2
150,2020-02-05,5330,,,0.05,130.88,135.21
150,2020-02-05,5330,,,0.1,130.85,135.18
150,2020-02-05,5330,,,0.13,130.94,135.27
150,2020-02-05,5330,,,0.15,131.48,135.81
150,2020-02-05,5330,,,0.23,130.77,135.1
150,2020-02-05,5330,,,0.25,130.79,135.12
150,2020-02-05,5330,,,0.25,130.88,135.21
150,2020-02-05,5330,,,0.29,130.74,135.07
150,2020-02-05,5330,,,0.3,130.59,134.92
150,2020-02-05,5330,,,0.36,130.71,135.04
150,2020-02-05,5330,,,0.51,131.02,135.35
150,2020-02-05,5330,,,0.57,131.47,135.8
150,2020-02-05,5330,,,0.79,131.07,135.4
150,2020-02-05,5330,,,0.88,131.84,136.17
150,2020-02-05,5330,,,1.02,131.11,135.44
150,2020-02-05,5330,,,1.16,131.18,135.51
150,2020-02-05,5330,,,1.3,131.09,135.42
150,2020-02-05,5330,,,1.3,131.24,135.57
150,2020-02-05,5330,,,1.44,131.22,135.55
150,2020-02-05,5330,,,1.46,131.29,135.62
150,2020-02-05,5330,,,1.52,131.21,135.54
150,2020-02-05,5330,,,1.53,131.16,135.49
150,2020-02-05,5330,,,1.55,131.19,135.52
150,2020-02-05,5330,,,1.59,132.14,136.47
150,2020-02-05,5330,,,1.69,131.29,135.62
150,2020-02-05,5330,,,1.83,131.38,135.71
150,2020-02-05,5330,,,1.98,130.94,135.27
150,2020-02-05,5330,,,1.99,131.41,135.74
150,2020-02-05,5330,,,2.24,131.52,135.85
150,2020-02-05,5330,,,2.28,132.36,136.69
150,2020-02-05,5330,,,2.53,131.55,135.88
150,2020-02-05,5330,,,2.76,132.43,136.76
150,2020-02-05,5330,,,2.78,130.62,134.95
150,2020-02-05,5330,,,3.04,132.43,136.76
150,2020-02-05,5330,,,3.09,131.67,136
150,2020-02-05,5330,,,3.47,131.83,136.16
150,2020-02-05,5330,,,3.56,130.39,134.72
150,2020-02-05,5330,,,3.72,132.45,136.78
150,2020-02-05,5330,,,3.86,131.97,136.3
150,2020-02-05,5330,,,4.24,129.85,134.18
150,2020-02-05,5330,,,4.33,132.57,136.9
150,2020-02-05,5330,,,4.36,132.05,136.38
150,2020-02-05,5330,,,4.69,132.11,136.44
150,2020-02-05,5330,,,4.77,132.7,137.03
150,2020-02-05,5330,,,5.01,132.5,136.83
150,2020-02-05,5330,,,5.03,132.62,136.95
150,2020-02-05,5330,,,5.04,132.62,136.95
150,2020-02-05,5330,,,5.05,132.63,136.96
150,2020-02-05,5330,,,5.11,132.22,136.55
150,2020-02-05,5330,,,5.11,132.7,137.03
150,2020-02-05,5330,,,5.13,129.28,133.61
150,2020-02-05,5330,,,5.13,132.76,137.09
150,2020-02-05,5330,,,5.14,132.56,136.89
150,2020-02-05,5330,,,5.18,132.68,137.01
150,2020-02-05,5330,,,5.22,132.58,136.91
150,2020-02-05,5330,,,5.23,132.6,136.93
150,2020-02-05,5330,,,5.25,132.58,136.91
150,2020-02-05,5330,,,5.26,132.69,137.02
150,2020-02-05,5330,,,5.27,132.63,136.96
150,2020-02-05,5330,,,5.3,132.69,137.02
150,2020-02-05,5330,,,5.33,132.68,137.01
150,2020-02-05,5330,,,5.34,132.71,137.04
150,2020-02-05,5330,,,5.36,132.69,137.02
150,2020-02-05,5330,,,5.36,132.67,137
150,2020-02-05,5330,,,5.38,132.66,136.99
150,2020-02-05,5330,,,5.38,132.68,137.01
150,2020-02-05,5330,,,5.42,132.2,136.53
150,2020-02-05,5330,,,5.49,132.59,136.92
150,2020-02-05,5330,,,5.53,132.56,136.89
150,2020-02-05,5330,,,5.54,132.65,136.98
150,2020-02-05,5330,,,5.55,132.52,136.85
150,2020-02-05,5330,,,5.57,132.57,136.9
150,2020-02-05,5330,,,5.59,132.71,137.04
150,2020-02-05,5330,,,5.6,132.53,136.86
150,2020-02-05,5330,,,5.6,132.53,136.86
150,2020-02-05,5330,,,5.61,132.56,136.89
150,2020-02-05,5330,,,5.62,132.46,136.79
150,2020-02-05,5330,,,5.62,132.56,136.89
150,2020-02-05,5330,,,5.62,132.37,136.7
150,2020-02-05,5330,,,5.68,132.57,136.9
150,2020-02-05,5330,,,5.68,132.55,136.88
150,2020-02-05,5330,,,5.75,132.43,136.76
150,2020-02-05,5330,,,5.78,132.59,136.92
150,2020-02-05,5330,,,5.86,132.66,136.99
150,2020-02-05,5330,,,5.89,132.62,136.95
150,2020-02-05,5330,,,6.07,128.93,133.26
150,2020-02-05,5330,,,6.94,128.57,132.9
150,2020-02-05,5330,,,8.02,128.66,132.99
150,2020-02-05,5330,,,9.11,128.81,133.14
150,2020-02-05,5330,,,10.16,127.74,132.07
150,2020-02-05,5330,,,11.49,127.91,132.24
150,2020-02-05,5330,,,12.77,127.7,132.03
150,2020-02-05,5330,,,14.22,127.6,131.93
150,2020-02-05,5330,,,15.64,127.69,132.02
150,2020-02-05,5330,,,17.08,127.44,131.77
150,2020-02-05,5330,,,18.53,127.62,131.95
150,2020-02-05,5330,,,20.21,126.68,131.01
150,2020-02-05,5330,,,21.71,126.73,131.06
150,2020-02-05,5330,,,22.88,126.4,130.73
150,2020-02-05,5330,,,23.55,126.38,130.71
150,2020-02-05,5330,,,24.1,126.52,130.85
150,2020-02-05,5330,,,24.77,126.65,130.98
150,2020-02-05,5330,,,25.91,126.63,130.96
150,2020-02-05,5330,,,27.73,126.51,130.84
150,2020-02-05,5330,,,30.16,126.79,131.12
150,2020-02-05,5330,,,32.38,126.66,130.99
150,2020-02-05,5330,,,34.37,127.44,131.77
150,2020-02-05,5330,,,36.22,127.39,131.72
150,2020-02-05,5330,,,37.76,127.62,131.95
150,2020-02-05,5330,,,38.97,127.82,132.15
150,2020-02-05,5330,,,40.26,128.14,132.47
150,2020-02-05,5330,,,40.99,128.2,132.53
150,2020-02-05,5330,,,41.53,128.27,132.6
150,2020-02-05,5330,,,41.95,128.38,132.71
150,2020-02-05,5330,,,42.23,128.28,132.61
150,2020-02-05,5330,,,42.63,128.23,132.56
150,2020-02-05,5330,,,43.49,128.39,132.72
150,2020-02-05,5330,,,44.03,128.78,133.11
150,2020-02-05,5330,,,44.78,128.99,133.32
150,2020-02-05,5330,,,45.54,128.33,132.66
150,2020-02-05,5330,,,46.68,129.14,133.47
150,2020-02-05,5330,,,47.91,128.85,133.18
150,2020-02-05,5330,,,49.37,128.88,133.21
150,2020-02-05,5330,,,51,129.56,133.89
150,2020-02-05,5330,,,52.36,129.05,133.38
150,2020-02-05,5330,,,53.87,129.09,133.42
150,2020-02-05,5330,,,55.24,129.18,133.51
150,2020-02-05,5330,,,56.5,129.33,133.66
150,2020-02-05,5330,,,57.69,129.55,133.88
150,2020-02-05,5330,,,59.03,129.41,133.74
150,2020-02-05,5330,,,60.81,129.53,133.86
150,2020-02-05,5330,,,62.59,129.8,134.13
150,2020-02-05,5330,,,64.7,129.81,134.14
150,2020-02-05,5330,,,66.68,129.9,134.23
150,2020-02-05,5330,,,68.52,129.94,134.27
150,2020-02-05,5330,,,70.17,129.99,134.32
150,2020-02-05,5330,,,71.36,130.13,134.46
150,2020-02-05,5330,,,73.08,130.05,134.38
150,2020-02-05,5330,,,74.98,130.13,134.46
150,2020-02-05,5330,,,76.56,129.96,134.29
150,2020-02-05,5330,,,77.43,130.25,134.58
150,2020-02-05,5330,,,78.29,130.27,134.6
150,2020-02-05,5330,,,79.66,130.06,134.39
150,2020-02-05,5330,,,81.5,130.24,134.57
150,2020-02-05,5330,,,83.31,130.13,134.46
150,2020-02-05,5330,,,84.95,130.35,134.68
150,2020-02-05,5330,,,86.38,130.42,134.75
150,2020-02-05,5330,,,88.01,130.37,134.7
150,2020-02-05,5330,,,89.91,130.48,134.81
150,2020-02-05,5330,,,91.73,130.45,134.78
150,2020-02-05,5330,,,93.11,130.59,134.92
150,2020-02-05,5330,,,93.7,130.62,134.95
150,2020-02-05,5330,,,94.28,130.7,135.03
150,2020-02-05,5330,,,95.43,130.73,135.06
150,2020-02-05,5330,,,97.54,130.78,135.11
150,2020-02-05,5330,,,99.94,130.97,135.3
150,2020-02-05,5330,,,101.64,130.82,135.15
150,2020-02-05,5330,,,102.95,131.19,135.52
150,2020-02-05,5330,,,104.49,131.08,135.41
150,2020-02-05,5330,,,105.99,131.17,135.5
150,2020-02-05,5330,,,107.37,131.33,135.66
150,2020-02-05,5330,,,108.89,131.41,135.74
150,2020-02-05,5330,,,110.34,131.59,135.92
150,2020-02-05,5330,,,110.99,131.58,135.91
150,2020-02-05,5330,,,112.08,131.65,135.98
150,2020-02-05,5330,,,113.39,131.66,135.99
150,2020-02-05,5330,,,114.8,131.82,136.15
150,2020-02-05,5330,,,116.46,131.84,136.17
150,2020-02-05,5330,,,118.64,131.91,136.24
150,2020-02-05,5330,,,120.96,131.96,136.29
150,2020-02-05,5330,,,123.52,132.2,136.53
150,2020-02-05,5330,,,126.16,132.46,136.79
150,2020-02-05,5330,,,128.23,132.71,137.04
150,2020-02-05,5330,,,129.63,132.88,137.21
150,2020-02-05,5330,,,130.58,132.89,137.22
150,2020-02-05,5330,,,131.21,132.88,137.21
150,2020-02-05,5330,,,131.96,132.95,137.28
150,2020-02-05,5330,,,132.8,133.02,137.35
150,2020-02-05,5330,,,133.83,133.03,137.36
150,2020-02-05,5330,,,135.33,133.13,137.46
150,2020-02-05,5330,,,136.79,133.25,137.58
150,2020-02-05,5330,,,138.28,133.43,137.76
150,2020-02-05,5330,,,139.52,133.52,137.85
150,2020-02-05,5330,,,140.56,133.51,137.84
150,2020-02-05,5330,,,141.57,133.66,137.99
150,2020-02-05,5330,,,142.57,133.65,137.98
150,2020-02-05,5330,,,143.57,133.67,138
150,2020-02-05,5330,,,144.5,133.84,138.17
150,2020-02-05,5330,,,145.56,133.89,138.22
150,2020-02-05,5330,,,146.67,133.88,138.21
150,2020-02-05,5330,,,147.66,133.97,138.3
150,2020-02-05,5330,,,148.6,134.05,138.38
150,2020-02-05,5330,,,149.44,133.95,138.28
150,2020-02-05,5330,,,150.23,134.08,138.41
150,2020-02-05,5330,,,150.89,134.14,138.47
150,2020-02-05,5330,,,151.62,134.16,138.49
150,2020-02-05,5330,,,152.21,134.23,138.56
150,2020-02-05,5330,,,152.67,134.25,138.58
150,2020-02-05,5330,,,153.12,134.32,138.65
150,2020-02-05,5330,,,153.51,134.27,138.6
150,2020-02-05,5330,,,153.86,134.35,138.68
150,2020-02-05,5330,,,154.15,134.34,138.67
150,2020-02-05,5330,,,154.5,134.46,138.79
150,2020-02-05,5330,,,154.67,134.4,138.73
150,2020-02-05,5330,,,154.82,134.43,138.76
150,2020-02-05,5330,,,154.91,134.44,138.77
150,2020-02-05,5330,,,155.05,134.44,138.77
150,2020-02-05,5330,,,155.16,134.47,138.8
150,2020-02-05,5330,,,155.35,134.45,138.78
150,2020-02-05,5330,,,155.63,134.5,138.83
150,2020-02-05,5330,,,155.89,134.57,138.9
150,2020-02-05,5330,,,156.32,134.61,138.94
150,2020-02-05,5330,,,156.74,134.65,138.98
150,2020-02-05,5330,,,157.1,134.77,139.1
150,2020-02-05,5330,,,157.52,134.74,139.07
150,2020-02-05,5330,,,157.89,134.85,139.18
150,2020-02-05,5330,,,158.22,134.92,139.25
150,2020-02-05,5330,,,158.58,134.98,139.31
150,2020-02-05,5330,,,158.92,135.06,139.39
150,2020-02-05,5330,,,159.33,135.15,139.48
150,2020-02-05,5330,,,159.69,135.19,139.52
150,2020-02-05,5330,,,160.01,135.24,139.57
150,2020-02-05,5330,,,160.33,135.36,139.69
150,2020-02-05,5330,,,160.65,135.27,139.6
150,2020-02-05,5330,,,160.93,135.37,139.7
150,2020-02-05,5330,,,161.54,135.41,139.74
150,2020-02-05,5330,,,161.83,135.46,139.79
150,2020-02-05,5330,,,161.87,135.54,139.87
150,2020-02-05,5330,,,161.91,135.54,139.87
150,2020-02-05,5330,,,161.94,135.59,139.92
150,2020-02-05,5330,,,162.07,135.6,139.93
150,2020-02-05,5330,,,162.14,135.51,139.84
150,2020-02-05,5330,,,162.14,135.62,139.95
150,2020-02-05,5330,,,162.26,135.58,139.91
150,2020-02-05,5330,,,162.3,135.61,139.94
150,2020-02-05,5330,,,162.42,135.57,139.9
150,2020-02-05,5330,,,162.46,135.58,139.91
150,2020-02-05,5330,,,162.47,135.59,139.92
150,2020-02-05,5330,,,162.49,135.5,139.83
150,2020-02-05,5330,,,162.55,135.61,139.94
150,2020-02-05,5330,,,197.54,141.26,145.59
151,2020-03-27,1490,,,-15,139.39,143.72
151,2020-03-27,1490,,,0,134.25,138.58
151,2020-03-27,1490,,,0.08,134.26,138.59
151,2020-03-27,1490,,,0.1,134.26,138.59
151,2020-03-27,1490,,,0.1,134.26,138.59
151,2020-03-27,1490,,,0.12,134.26,138.59
151,2020-03-27,1490,,,0.16,134.27,138.6
151,2020-03-27,1490,,,0.18,134.28,138.61
151,2020-03-27,1490,,,0.21,134.27,138.6
151,2020-03-27,1490,,,0.25,134.28,138.61
151,2020-03-27,1490,,,0.26,134.28,138.61
151,2020-03-27,1490,,,0.27,134.26,138.59
151,2020-03-27,1490,,,0.27,134.28,138.61
151,2020-03-27,1490,,,0.29,134.26,138.59
151,2020-03-27,1490,,,0.3,134.28,138.61
151,2020-03-27,1490,,,0.3,134.26,138.59
151,2020-03-27,1490,,,0.43,134.26,138.59
151,2020-03-27,1490,,,0.83,134.29,138.62
151,2020-03-27,1490,,,1.61,134.4,138.73
151,2020-03-27,1490,,,2.8,134.6,138.93
151,2020-03-27,1490,,,4.47,134.82,139.15
151,2020-03-27,1490,,,6.45,134.86,139.19
151,2020-03-27,1490,,,8.68,134.57,138.9
151,2020-03-27,1490,,,10.95,134.04,138.37
151,2020-03-27,1490,,,13.12,133.33,137.66
151,2020-03-27,1490,,,15.07,132.52,136.85
151,2020-03-27,1490,,,16.67,131.67,136
151,2020-03-27,1490,,,17.92,130.92,135.25
151,2020-03-27,1490,,,19.03,130.42,134.75
151,2020-03-27,1490,,,20.09,129.92,134.25
151,2020-03-27,1490,,,21.25,129.42,133.75
151,2020-03-27,1490,,,22.39,128.87,133.2
151,2020-03-27,1490,,,23.52,128.39,132.72
151,2020-03-27,1490,,,24.54,127.97,132.3
151,2020-03-27,1490,,,25.63,127.58,131.91
151,2020-03-27,1490,,,26.76,127.42,131.75
151,2020-03-27,1490,,,27.94,127.17,131.5
151,2020-03-27,1490,,,29.26,126.92,131.25
151,2020-03-27,1490,,,30.99,126.7,131.03
151,2020-03-27,1490,,,33.04,126.47,130.8
151,2020-03-27,1490,,,34.92,126.44,130.77
151,2020-03-27,1490,,,36.9,126.45,130.78
151,2020-03-27,1490,,,39.07,126.62,130.95
151,2020-03-27,1490,,,40.75,126.91,131.24
151,2020-03-27,1490,,,42.29,127.37,131.7
151,2020-03-27,1490,,,43.78,127.78,132.11
151,2020-03-27,1490,,,45.49,128.19,132.52
151,2020-03-27,1490,,,47.75,128.69,133.02
151,2020-03-27,1490,,,50.31,129.08,133.41
151,2020-03-27,1490,,,52.71,129.46,133.79
151,2020-03-27,1490,,,55.22,129.75,134.08
151,2020-03-27,1490,,,57.82,130.07,134.4
151,2020-03-27,1490,,,60.38,130.39,134.72
151,2020-03-27,1490,,,62.8,130.65,134.98
151,2020-03-27,1490,,,64.86,130.83,135.16
151,2020-03-27,1490,,,66.75,130.96,135.29
151,2020-03-27,1490,,,68.6,131.03,135.36
151,2020-03-27,1490,,,70.59,131.1,135.43
151,2020-03-27,1490,,,72.63,131.19,135.52
151,2020-03-27,1490,,,74.51,131.26,135.59
151,2020-03-27,1490,,,76.32,131.29,135.62
151,2020-03-27,1490,,,78.06,131.33,135.66
151,2020-03-27,1490,,,79.73,131.35,135.68
151,2020-03-27,1490,,,81.28,131.37,135.7
151,2020-03-27,1490,,,82.92,131.32,135.65
151,2020-03-27,1490,,,84.78,131.3,135.63
151,2020-03-27,1490,,,86.84,131.29,135.62
151,2020-03-27,1490,,,88.84,131.27,135.6
151,2020-03-27,1490,,,90.64,131.22,135.55
151,2020-03-27,1490,,,92.56,131.23,135.56
151,2020-03-27,1490,,,94.57,131.17,135.5
151,2020-03-27,1490,,,96.47,131.14,135.47
151,2020-03-27,1490,,,98.21,131.16,135.49
151,2020-03-27,1490,,,99.7,131.15,135.48
151,2020-03-27,1490,,,100.99,131.14,135.47
151,2020-03-27,1490,,,102.2,131.11,135.44
151,2020-03-27,1490,,,103.5,131.08,135.41
151,2020-03-27,1490,,,104.89,131.05,135.38
151,2020-03-27,1490,,,106.32,131.01,135.34
151,2020-03-27,1490,,,107.69,130.97,135.3
151,2020-03-27,1490,,,108.95,130.97,135.3
151,2020-03-27,1490,,,110.2,130.96,135.29
151,2020-03-27,1490,,,111.5,130.97,135.3
151,2020-03-27,1490,,,112.97,131.01,135.34
151,2020-03-27,1490,,,114.67,131.03,135.36
151,2020-03-27,1490,,,116.66,131.06,135.39
151,2020-03-27,1490,,,119.06,131.11,135.44
151,2020-03-27,1490,,,121.68,131.17,135.5
151,2020-03-27,1490,,,124.59,131.23,135.56
151,2020-03-27,1490,,,127.45,131.26,135.59
151,2020-03-27,1490,,,130.41,131.33,135.66
151,2020-03-27,1490,,,133.19,131.47,135.8
151,2020-03-27,1490,,,135.84,131.61,135.94
151,2020-03-27,1490,,,138.51,131.79,136.12
151,2020-03-27,1490,,,141.1,132.02,136.35
151,2020-03-27,1490,,,143.5,132.19,136.52
151,2020-03-27,1490,,,145.63,132.42,136.75
151,2020-03-27,1490,,,147.54,132.58,136.91
151,2020-03-27,1490,,,149.26,132.77,137.1
151,2020-03-27,1490,,,150.83,132.97,137.3
151,2020-03-27,1490,,,152.18,133.18,137.51
151,2020-03-27,1490,,,153.23,133.4,137.73
151,2020-03-27,1490,,,154.13,133.47,137.8
151,2020-03-27,1490,,,154.91,133.59,137.92
151,2020-03-27,1490,,,155.61,133.67,138
151,2020-03-27,1490,,,156.29,133.79,138.12
151,2020-03-27,1490,,,156.93,133.85,138.18
151,2020-03-27,1490,,,157.5,133.95,138.28
151,2020-03-27,1490,,,158.03,134.03,138.36
151,2020-03-27,1490,,,158.49,134.11,138.44
151,2020-03-27,1490,,,158.9,134.16,138.49
151,2020-03-27,1490,,,159.21,134.24,138.57
151,2020-03-27,1490,,,159.52,134.29,138.62
151,2020-03-27,1490,,,159.78,134.35,138.68
151,2020-03-27,1490,,,159.99,134.41,138.74
151,2020-03-27,1490,,,160.19,134.49,138.82
151,2020-03-27,1490,,,160.26,134.53,138.86
151,2020-03-27,1490,,,160.33,134.58,138.91
151,2020-03-27,1490,,,160.37,134.54,138.87
151,2020-03-27,1490,,,160.42,134.6,138.93
151,2020-03-27,1490,,,160.5,134.62,138.95
151,2020-03-27,1490,,,160.51,134.57,138.9
151,2020-03-27,1490,,,160.56,134.62,138.95
151,2020-03-27,1490,,,160.57,134.62,138.95
151,2020-03-27,1490,,,160.58,134.61,138.94
151,2020-03-27,1490,,,160.59,134.64,138.97
151,2020-03-27,1490,,,190.59,139.39,143.72
152,2020-05-14,5520,,,-30,140.73,145.06
152,2020-05-14,5520,,,0,127.29,131.62
152,2020-05-14,5520,,,0.07,127.3,131.63
152,2020-05-14,5520,,,0.09,127.67,132
152,2020-05-14,5520,,,0.15,127.3,131.63
152,2020-05-14,5520,,,0.15,127.27,131.6
152,2020-05-14,5520,,,0.26,127.24,131.57
152,2020-05-14,5520,,,0.27,127.27,131.6
152,2020-05-14,5520,,,0.34,127.32,131.65
152,2020-05-14,5520,,,0.37,127.35,131.68
152,2020-05-14,5520,,,0.74,127.38,131.71
152,2020-05-14,5520,,,0.75,127.29,131.62
152,2020-05-14,5520,,,0.83,127.41,131.74
152,2020-05-14,5520,,,1,127.28,131.61
152,2020-05-14,5520,,,1.13,127.47,131.8
152,2020-05-14,5520,,,1.15,127.4,131.73
152,2020-05-14,5520,,,1.44,127.59,131.92
152,2020-05-14,5520,,,1.45,127.54,131.87
152,2020-05-14,5520,,,1.52,127.27,131.6
152,2020-05-14,5520,,,1.57,127.44,131.77
152,2020-05-14,5520,,,1.63,127.81,132.14
152,2020-05-14,5520,,,1.86,127.58,131.91
152,2020-05-14,5520,,,1.86,127.53,131.86
152,2020-05-14,5520,,,2.12,127.58,131.91
152,2020-05-14,5520,,,2.16,127.57,131.9
152,2020-05-14,5520,,,2.3,127.37,131.7
152,2020-05-14,5520,,,2.85,127.38,131.71
152,2020-05-14,5520,,,3.2,127.42,131.75
152,2020-05-14,5520,,,3.21,127.93,132.26
152,2020-05-14,5520,,,4.12,127.65,131.98
152,2020-05-14,5520,,,4.51,127.38,131.71
152,2020-05-14,5520,,,4.7,128.12,132.45
152,2020-05-14,5520,,,5.14,127.83,132.16
152,2020-05-14,5520,,,5.34,127.29,131.62
152,2020-05-14,5520,,,6.04,127.26,131.59
152,2020-05-14,5520,,,6.16,128.33,132.66
152,2020-05-14,5520,,,6.16,127.94,132.27
152,2020-05-14,5520,,,6.62,127.38,131.71
152,2020-05-14,5520,,,6.97,128.07,132.4
152,2020-05-14,5520,,,7.01,127.43,131.76
152,2020-05-14,5520,,,7.17,128.51,132.84
152,2020-05-14,5520,,,7.81,128.33,132.66
152,2020-05-14,5520,,,8.06,127.53,131.86
152,2020-05-14,5520,,,8.07,128.48,132.81
152,2020-05-14,5520,,,8.38,128.48,132.81
152,2020-05-14,5520,,,8.69,128.63,132.96
152,2020-05-14,5520,,,8.9,128.44,132.77
152,2020-05-14,5520,,,8.99,127.74,132.07
152,2020-05-14,5520,,,9.2,128.53,132.86
152,2020-05-14,5520,,,9.22,128.68,133.01
152,2020-05-14,5520,,,9.44,128.67,133
152,2020-05-14,5520,,,9.56,128.75,133.08
152,2020-05-14,5520,,,9.63,128.59,132.92
152,2020-05-14,5520,,,9.83,128.68,133.01
152,2020-05-14,5520,,,9.85,128.73,133.06
152,2020-05-14,5520,,,9.98,128.77,133.1
152,2020-05-14,5520,,,10,128.79,133.12
152,2020-05-14,5520,,,10.08,128.78,133.11
152,2020-05-14,5520,,,10.09,128.73,133.06
152,2020-05-14,5520,,,10.68,127.84,132.17
152,2020-05-14,5520,,,11.96,128.13,132.46
152,2020-05-14,5520,,,13.25,128.45,132.78
152,2020-05-14,5520,,,14.85,128.5,132.83
152,2020-05-14,5520,,,16.63,128.59,132.92
152,2020-05-14,5520,,,17.84,128.87,133.2
152,2020-05-14,5520,,,19.28,129.1,133.43
152,2020-05-14,5520,,,19.91,129.13,133.46
152,2020-05-14,5520,,,20.53,129.07,133.4
152,2020-05-14,5520,,,21.06,128.94,133.27
152,2020-05-14,5520,,,21.64,129.09,133.42
152,2020-05-14,5520,,,21.92,129.27,133.6
152,2020-05-14,5520,,,22.42,129.43,133.76
152,2020-05-14,5520,,,22.43,129.25,133.58
152,2020-05-14,5520,,,22.48,129.28,133.61
152,2020-05-14,5520,,,22.64,129.4,133.73
152,2020-05-14,5520,,,22.75,129.42,133.75
152,2020-05-14,5520,,,23.12,129.44,133.77
152,2020-05-14,5520,,,23.92,129.44,133.77
152,2020-05-14,5520,,,24.65,129.53,133.86
152,2020-05-14,5520,,,25.67,129.58,133.91
152,2020-05-14,5520,,,26.74,129.74,134.07
152,2020-05-14,5520,,,27.7,129.84,134.17
152,2020-05-14,5520,,,28.52,129.96,134.29
152,2020-05-14,5520,,,29.73,130.08,134.41
152,2020-05-14,5520,,,30.43,130.19,134.52
152,2020-05-14,5520,,,30.99,130.37,134.7
152,2020-05-14,5520,,,31.44,130.26,134.59
152,2020-05-14,5520,,,32.12,130.34,134.67
152,2020-05-14,5520,,,33,130.49,134.82
152,2020-05-14,5520,,,33.82,130.7,135.03
152,2020-05-14,5520,,,34.81,130.62,134.95
152,2020-05-14,5520,,,36.02,130.68,135.01
152,2020-05-14,5520,,,37.01,130.79,135.12
152,2020-05-14,5520,,,37.36,130.96,135.29
152,2020-05-14,5520,,,37.75,130.98,135.31
152,2020-05-14,5520,,,38.49,130.91,135.24
152,2020-05-14,5520,,,39.21,131.07,135.4
152,2020-05-14,5520,,,39.85,131.13,135.46
152,2020-05-14,5520,,,40.37,131.21,135.54
152,2020-05-14,5520,,,41.28,131.19,135.52
152,2020-05-14,5520,,,41.92,131.15,135.48
152,2020-05-14,5520,,,42.72,131.25,135.58
152,2020-05-14,5520,,,43.44,131.33,135.66
152,2020-05-14,5520,,,44.06,131.39,135.72
152,2020-05-14,5520,,,44.18,131.44,135.77
152,2020-05-14,5520,,,44.78,131.54,135.87
152,2020-05-14,5520,,,45.71,131.57,135.9
152,2020-05-14,5520,,,46.99,131.7,136.03
152,2020-05-14,5520,,,48.37,131.66,135.99
152,2020-05-14,5520,,,49.87,131.75,136.08
152,2020-05-14,5520,,,50.97,131.79,136.12
152,2020-05-14,5520,,,51.77,131.83,136.16
152,2020-05-14,5520,,,52.62,131.81,136.14
152,2020-05-14,5520,,,53.97,131.82,136.15
152,2020-05-14,5520,,,55.63,131.82,136.15
152,2020-05-14,5520,,,57.4,131.87,136.2
152,2020-05-14,5520,,,58.58,131.91,136.24
152,2020-05-14,5520,,,59.47,131.96,136.29
152,2020-05-14,5520,,,60.17,131.98,136.31
152,2020-05-14,5520,,,60.85,132.02,136.35
152,2020-05-14,5520,,,61.48,132,136.33
152,2020-05-14,5520,,,62.16,132.03,136.36
152,2020-05-14,5520,,,62.96,132.04,136.37
152,2020-05-14,5520,,,64.15,132.07,136.4
152,2020-05-14,5520,,,65.35,132.14,136.47
152,2020-05-14,5520,,,66.48,132.16,136.49
152,2020-05-14,5520,,,67.54,132.2,136.53
152,2020-05-14,5520,,,68.64,132.26,136.59
152,2020-05-14,5520,,,69.56,132.32,136.65
152,2020-05-14,5520,,,70.53,132.27,136.6
152,2020-05-14,5520,,,71.42,132.3,136.63
152,2020-05-14,5520,,,72.23,132.35,136.68
152,2020-05-14,5520,,,72.85,132.44,136.77
152,2020-05-14,5520,,,73.62,132.46,136.79
152,2020-05-14,5520,,,74.34,132.46,136.79
152,2020-05-14,5520,,,75.23,132.48,136.81
152,2020-05-14,5520,,,76.47,132.48,136.81
152,2020-05-14,5520,,,77.76,132.44,136.77
152,2020-05-14,5520,,,78.82,132.46,136.79
152,2020-05-14,5520,,,79.48,132.56,136.89
152,2020-05-14,5520,,,80.18,132.66,136.99
152,2020-05-14,5520,,,81.03,132.65,136.98
152,2020-05-14,5520,,,81.94,132.63,136.96
152,2020-05-14,5520,,,83.27,132.57,136.9
152,2020-05-14,5520,,,84.57,132.56,136.89
152,2020-05-14,5520,,,86,132.53,136.86
152,2020-05-14,5520,,,87.25,132.5,136.83
152,2020-05-14,5520,,,88.53,132.45,136.78
152,2020-05-14,5520,,,89.38,132.43,136.76
152,2020-05-14,5520,,,90.01,132.43,136.76
152,2020-05-14,5520,,,90.57,132.44,136.77
152,2020-05-14,5520,,,91.09,132.4,136.73
152,2020-05-14,5520,,,91.67,132.44,136.77
152,2020-05-14,5520,,,92.41,132.43,136.76
152,2020-05-14,5520,,,93.01,132.48,136.81
152,2020-05-14,5520,,,93.48,132.47,136.8
152,2020-05-14,5520,,,94,132.47,136.8
152,2020-05-14,5520,,,94.58,132.45,136.78
152,2020-05-14,5520,,,94.94,132.52,136.85
152,2020-05-14,5520,,,95.28,132.47,136.8
152,2020-05-14,5520,,,95.3,132.6,136.93
152,2020-05-14,5520,,,95.81,132.54,136.87
152,2020-05-14,5520,,,96.94,132.5,136.83
152,2020-05-14,5520,,,98.24,132.5,136.83
152,2020-05-14,5520,,,99.36,132.57,136.9
152,2020-05-14,5520,,,100.25,132.61,136.94
152,2020-05-14,5520,,,101,132.7,137.03
152,2020-05-14,5520,,,101.8,132.66,136.99
152,2020-05-14,5520,,,102.7,132.74,137.07
152,2020-05-14,5520,,,103.57,132.65,136.98
152,2020-05-14,5520,,,104.21,132.71,137.04
152,2020-05-14,5520,,,104.66,132.79,137.12
152,2020-05-14,5520,,,105.24,132.71,137.04
152,2020-05-14,5520,,,105.95,132.69,137.02
152,2020-05-14,5520,,,106.42,132.74,137.07
152,2020-05-14,5520,,,107.26,132.74,137.07
152,2020-05-14,5520,,,108.03,132.8,137.13
152,2020-05-14,5520,,,108.94,132.74,137.07
152,2020-05-14,5520,,,109.72,132.82,137.15
152,2020-05-14,5520,,,110.42,132.8,137.13
152,2020-05-14,5520,,,111,132.82,137.15
152,2020-05-14,5520,,,111.74,132.74,137.07
152,2020-05-14,5520,,,112.31,132.89,137.22
152,2020-05-14,5520,,,112.75,132.95,137.28
152,2020-05-14,5520,,,113.18,132.85,137.18
152,2020-05-14,5520,,,113.76,132.91,137.24
152,2020-05-14,5520,,,114.15,132.89,137.22
152,2020-05-14,5520,,,114.65,132.87,137.2
152,2020-05-14,5520,,,115.12,132.89,137.22
152,2020-05-14,5520,,,115.56,132.94,137.27
152,2020-05-14,5520,,,116.05,132.9,137.23
152,2020-05-14,5520,,,116.53,132.92,137.25
152,2020-05-14,5520,,,116.86,132.95,137.28
152,2020-05-14,5520,,,117.25,132.99,137.32
152,2020-05-14,5520,,,117.57,133.07,137.4
152,2020-05-14,5520,,,117.77,133.08,137.41
152,2020-05-14,5520,,,118.09,133.05,137.38
152,2020-05-14,5520,,,118.72,133.05,137.38
152,2020-05-14,5520,,,119.29,133.14,137.47
152,2020-05-14,5520,,,120.19,133.15,137.48
152,2020-05-14,5520,,,120.98,133.2,137.53
152,2020-05-14,5520,,,121.78,133.27,137.6
152,2020-05-14,5520,,,122.36,133.37,137.7
152,2020-05-14,5520,,,123.24,133.37,137.7
152,2020-05-14,5520,,,123.82,133.38,137.71
152,2020-05-14,5520,,,124.19,133.41,137.74
152,2020-05-14,5520,,,124.69,133.44,137.77
152,2020-05-14,5520,,,125.17,133.46,137.79
152,2020-05-14,5520,,,125.79,133.44,137.77
152,2020-05-14,5520,,,126.56,133.55,137.88
152,2020-05-14,5520,,,127.46,133.52,137.85
152,2020-05-14,5520,,,128.68,133.59,137.92
152,2020-05-14,5520,,,130.32,133.5,137.83
152,2020-05-14,5520,,,131.89,133.73,138.06
152,2020-05-14,5520,,,133.47,133.82,138.15
152,2020-05-14,5520,,,135.36,134.01,138.34
152,2020-05-14,5520,,,136.98,134.22,138.55
152,2020-05-14,5520,,,138.36,134.52,138.85
152,2020-05-14,5520,,,139.49,134.79,139.12
152,2020-05-14,5520,,,140.52,134.84,139.17
152,2020-05-14,5520,,,141.36,134.96,139.29
152,2020-05-14,5520,,,142.21,135.06,139.39
152,2020-05-14,5520,,,143.06,135.2,139.53
152,2020-05-14,5520,,,144.09,135.28,139.61
152,2020-05-14,5520,,,145.02,135.52,139.85
152,2020-05-14,5520,,,145.84,135.61,139.94
152,2020-05-14,5520,,,146.81,135.68,140.01
152,2020-05-14,5520,,,147.66,135.76,140.09
152,2020-05-14,5520,,,148.32,135.86,140.19
152,2020-05-14,5520,,,149.02,135.88,140.21
152,2020-05-14,5520,,,149.69,135.95,140.28
152,2020-05-14,5520,,,150.29,136.03,140.36
152,2020-05-14,5520,,,150.91,136.13,140.46
152,2020-05-14,5520,,,151.43,136.17,140.5
152,2020-05-14,5520,,,151.91,136.24,140.57
152,2020-05-14,5520,,,152.38,136.25,140.58
152,2020-05-14,5520,,,152.82,136.33,140.66
152,2020-05-14,5520,,,153.25,136.46,140.79
152,2020-05-14,5520,,,153.86,136.42,140.75
152,2020-05-14,5520,,,154.33,136.62,140.95
152,2020-05-14,5520,,,154.73,136.65,140.98
152,2020-05-14,5520,,,155.22,136.76,141.09
152,2020-05-14,5520,,,155.6,136.84,141.17
152,2020-05-14,5520,,,155.99,136.89,141.22
152,2020-05-14,5520,,,156.33,136.96,141.29
152,2020-05-14,5520,,,156.6,137.1,141.43
152,2020-05-14,5520,,,156.97,137.17,141.5
152,2020-05-14,5520,,,157.2,137.21,141.54
152,2020-05-14,5520,,,157.38,137.32,141.65
152,2020-05-14,5520,,,157.56,137.32,141.65
152,2020-05-14,5520,,,157.71,137.32,141.65
152,2020-05-14,5520,,,157.82,137.35,141.68
152,2020-05-14,5520,,,157.9,137.38,141.71
152,2020-05-14,5520,,,157.97,137.37,141.7
152,2020-05-14,5520,,,158.01,137.38,141.71
152,2020-05-14,5520,,,158.12,137.34,141.67
152,2020-05-14,5520,,,158.21,137.4,141.73
152,2020-05-14,5520,,,158.32,137.37,141.7
152,2020-05-14,5520,,,158.45,137.43,141.76
152,2020-05-14,5520,,,158.59,137.46,141.79
152,2020-05-14,5520,,,158.75,137.5,141.83
152,2020-05-14,5520,,,158.91,137.53,141.86
152,2020-05-14,5520,,,159.06,137.6,141.93
152,2020-05-14,5520,,,159.26,137.6,141.93
152,2020-05-14,5520,,,159.45,137.7,142.03
152,2020-05-14,5520,,,159.68,137.73,142.06
152,2020-05-14,5520,,,159.9,137.77,142.1
152,2020-05-14,5520,,,160.13,137.82,142.15
152,2020-05-14,5520,,,160.36,137.79,142.12
152,2020-05-14,5520,,,160.64,137.92,142.25
152,2020-05-14,5520,,,160.93,137.9,142.23
152,2020-05-14,5520,,,161.19,137.95,142.28
152,2020-05-14,5520,,,161.53,138,142.33
152,2020-05-14,5520,,,161.85,138.06,142.39
152,2020-05-14,5520,,,162.2,138.08,142.41
152,2020-05-14,5520,,,162.55,138.16,142.49
152,2020-05-14,5520,,,162.83,138.23,142.56
152,2020-05-14,5520,,,163.12,138.23,142.56
152,2020-05-14,5520,,,163.42,138.3,142.63
152,2020-05-14,5520,,,163.72,138.35,142.68
152,2020-05-14,5520,,,163.99,138.39,142.72
152,2020-05-14,5520,,,164.28,138.41,142.74
152,2020-05-14,5520,,,164.53,138.49,142.82
152,2020-05-14,5520,,,164.81,138.49,142.82
152,2020-05-14,5520,,,165.09,138.5,142.83
152,2020-05-14,5520,,,165.39,138.55,142.88
152,2020-05-14,5520,,,165.66,138.6,142.93
152,2020-05-14,5520,,,165.94,138.63,142.96
152,2020-05-14,5520,,,166.33,138.69,143.02
152,2020-05-14,5520,,,166.66,138.69,143.02
152,2020-05-14,5520,,,166.98,138.74,143.07
152,2020-05-14,5520,,,167.27,138.8,143.13
152,2020-05-14,5520,,,167.55,138.79,143.12
152,2020-05-14,5520,,,167.88,138.83,143.16
152,2020-05-14,5520,,,168.21,138.87,143.2
152,2020-05-14,5520,,,168.54,138.87,143.2
152,2020-05-14,5520,,,168.77,138.91,143.24
152,2020-05-14,5520,,,169.02,138.91,143.24
152,2020-05-14,5520,,,169.18,138.96,143.29
152,2020-05-14,5520,,,169.34,138.94,143.27
152,2020-05-14,5520,,,169.48,138.94,143.27
152,2020-05-14,5520,,,169.62,138.96,143.29
152,2020-05-14,5520,,,169.7,138.92,143.25
152,2020-05-14,5520,,,169.84,138.95,143.28
152,2020-05-14,5520,,,169.94,138.92,143.25
152,2020-05-14,5520,,,170.09,138.91,143.24
152,2020-05-14,5520,,,170.23,138.94,143.27
152,2020-05-14,5520,,,170.29,138.96,143.29
152,2020-05-14,5520,,,170.41,138.93,143.26
152,2020-05-14,5520,,,170.53,138.93,143.26
152,2020-05-14,5520,,,170.61,138.95,143.28
152,2020-05-14,5520,,,190.61,140.73,145.06
153,2020-07-13,2970,1288780.002,675335.2568,-20,139.79,144.12
153,2020-07-13,2970,1288762.232,675325.7311,0,130.1,134.43
153,2020-07-13,2970,1288762.232,675325.7311,0,130.46,134.79
153,2020-07-13,2970,1288762.019,675325.6168,0.24,129.8,134.13
153,2020-07-13,2970,1288761.841,675325.5215,0.44,129.94,134.27
153,2020-07-13,2970,1288761.734,675325.4643,0.56,129.96,134.29
153,2020-07-13,2970,1288761.565,675325.3738,0.75,129.69,134.02
153,2020-07-13,2970,1288761.468,675325.3215,0.86,130.64,134.97
153,2020-07-13,2970,1288761.308,675325.2357,1.04,129.88,134.21
153,2020-07-13,2970,1288761.272,675325.2167,1.08,130.07,134.4
153,2020-07-13,2970,1288761.192,675325.1738,1.17,130.32,134.65
153,2020-07-13,2970,1288761.148,675325.15,1.22,129.66,133.99
153,2020-07-13,2970,1288760.944,675325.0404,1.45,129.72,134.05
153,2020-07-13,2970,1288760.801,675324.9642,1.61,129.61,133.94
153,2020-07-13,2970,1288760.748,675324.9357,1.67,130.78,135.11
153,2020-07-13,2970,1288760.686,675324.9023,1.74,129.66,133.99
153,2020-07-13,2970,1288760.633,675324.8738,1.8,130.26,134.59
153,2020-07-13,2970,1288760.606,675324.8595,1.83,129.55,133.88
153,2020-07-13,2970,1288760.535,675324.8214,1.91,129.57,133.9
153,2020-07-13,2970,1288760.348,675324.7213,2.12,130.1,134.43
153,2020-07-13,2970,1288760.019,675324.5451,2.49,130.47,134.8
153,2020-07-13,2970,1288759.984,675324.5261,2.53,130.88,135.21
153,2020-07-13,2970,1288759.522,675324.2784,3.05,129.88,134.21
153,2020-07-13,2970,1288759.238,675324.126,3.37,130.58,134.91
153,2020-07-13,2970,1288759.202,675324.1069,3.41,130.98,135.31
153,2020-07-13,2970,1288758.678,675323.8259,4,129.62,133.95
153,2020-07-13,2970,1288758.598,675323.7831,4.09,130.77,135.1
153,2020-07-13,2970,1288758.491,675323.7259,4.21,131.01,135.34
153,2020-07-13,2970,1288758.047,675323.4878,4.71,130.85,135.18
153,2020-07-13,2970,1288757.807,675323.3592,4.98,129.37,133.7
153,2020-07-13,2970,1288757.763,675323.3353,5.03,131.07,135.4
153,2020-07-13,2970,1288757.549,675323.221,5.27,130.9,135.23
153,2020-07-13,2970,1288757.256,675323.0639,5.6,131.06,135.39
153,2020-07-13,2970,1288757.141,675323.0019,5.73,131,135.33
153,2020-07-13,2970,1288756.892,675322.8686,6.01,131.08,135.41
153,2020-07-13,2970,1288756.741,675322.7876,6.18,129.24,133.57
153,2020-07-13,2970,1288756.688,675322.759,6.24,131.06,135.39
153,2020-07-13,2970,1288756.67,675322.7495,6.26,131.06,135.39
153,2020-07-13,2970,1288756.572,675322.6971,6.37,131.08,135.41
153,2020-07-13,2970,1288756.021,675322.4018,6.99,129.06,133.39
153,2020-07-13,2970,1288755.426,675322.0827,7.66,129.08,133.41
153,2020-07-13,2970,1288755.062,675321.8874,8.07,128.99,133.32
153,2020-07-13,2970,1288754.724,675321.7065,8.45,128.91,133.24
153,2020-07-13,2970,1288754.369,675321.5159,8.85,128.77,133.1
153,2020-07-13,2970,1288753.916,675321.273,9.36,128.82,133.15
153,2020-07-13,2970,1288753.569,675321.0873,9.75,128.71,133.04
153,2020-07-13,2970,1288753.187,675320.8825,10.18,128.72,133.05
153,2020-07-13,2970,1288752.849,675320.7015,10.56,128.62,132.95
153,2020-07-13,2970,1288752.565,675320.5491,10.88,128.51,132.84
153,2020-07-13,2970,1288752.396,675320.4586,11.07,128.53,132.86
153,2020-07-13,2970,1288752.299,675320.4062,11.18,128.53,132.86
153,2020-07-13,2970,1288752.236,675320.3729,11.25,128.5,132.83
153,2020-07-13,2970,1288752.183,675320.3443,11.31,128.59,132.92
153,2020-07-13,2970,1288752.023,675320.2585,11.49,128.7,133.03
153,2020-07-13,2970,1288751.801,675320.1395,11.74,128.72,133.05
153,2020-07-13,2970,1288751.366,675319.9061,12.23,128.63,132.96
153,2020-07-13,2970,1288750.833,675319.6203,12.83,128.51,132.84
153,2020-07-13,2970,1288750.193,675319.2774,13.55,128.5,132.83
153,2020-07-13,2970,1288749.491,675318.9011,14.34,128,132.33
153,2020-07-13,2970,1288748.825,675318.5439,15.09,127.95,132.28
153,2020-07-13,2970,1288748.06,675318.1343,15.95,127.76,132.09
153,2020-07-13,2970,1288747.216,675317.6818,16.9,127.76,132.09
153,2020-07-13,2970,1288746.532,675317.3151,17.67,127.37,131.7
153,2020-07-13,2970,1288745.786,675316.915,18.51,127.24,131.57
153,2020-07-13,2970,1288744.835,675316.4054,19.58,127.07,131.4
153,2020-07-13,2970,1288743.52,675315.7005,21.06,127.01,131.34
153,2020-07-13,2970,1288742.41,675315.1051,22.31,126.86,131.19
153,2020-07-13,2970,1288741.255,675314.486,23.61,126.78,131.11
153,2020-07-13,2970,1288740.037,675313.8335,24.98,126.73,131.06
153,2020-07-13,2970,1288738.722,675313.1286,26.46,126.82,131.15
153,2020-07-13,2970,1288737.496,675312.4713,27.84,126.95,131.28
153,2020-07-13,2970,1288736.332,675311.8473,29.15,127.08,131.41
153,2020-07-13,2970,1288735.328,675311.3091,30.28,127.27,131.6
153,2020-07-13,2970,1288734.342,675310.7805,31.39,127.3,131.63
153,2020-07-13,2970,1288733.889,675310.5376,31.9,127.42,131.75
153,2020-07-13,2970,1288733.534,675310.347,32.3,127.58,131.91
153,2020-07-13,2970,1288733.347,675310.247,32.51,127.58,131.91
153,2020-07-13,2970,1288733.081,675310.1041,32.81,127.87,132.2
153,2020-07-13,2970,1288732.654,675309.8755,33.29,128.15,132.48
153,2020-07-13,2970,1288731.677,675309.3516,34.39,128.33,132.66
153,2020-07-13,2970,1288730.637,675308.7944,35.56,128.5,132.83
153,2020-07-13,2970,1288729.669,675308.2752,36.65,128.81,133.14
153,2020-07-13,2970,1288728.398,675307.5941,38.08,129.08,133.41
153,2020-07-13,2970,1288727.448,675307.0845,39.15,129.35,133.68
153,2020-07-13,2970,1288726.675,675306.6701,40.02,129.59,133.92
153,2020-07-13,2970,1288726.026,675306.3224,40.75,129.77,134.1
153,2020-07-13,2970,1288725.511,675306.0462,41.33,129.96,134.29
153,2020-07-13,2970,1288724.862,675305.6985,42.06,130.04,134.37
153,2020-07-13,2970,1288724.045,675305.2603,42.98,130.08,134.41
153,2020-07-13,2970,1288723.396,675304.9126,43.71,130.15,134.48
153,2020-07-13,2970,1288722.65,675304.5125,44.55,130.22,134.55
153,2020-07-13,2970,1288722.09,675304.2125,45.18,130.43,134.76
153,2020-07-13,2970,1288721.326,675303.8029,46.04,130.6,134.93
153,2020-07-13,2970,1288720.748,675303.4933,46.69,130.89,135.22
153,2020-07-13,2970,1288720.091,675303.1408,47.43,130.94,135.27
153,2020-07-13,2970,1288719.469,675302.8074,48.13,131.08,135.41
153,2020-07-13,2970,1288718.785,675302.4407,48.9,131.2,135.53
153,2020-07-13,2970,1288718.056,675302.0502,49.72,131.37,135.7
153,2020-07-13,2970,1288717.345,675301.6691,50.52,131.46,135.79
153,2020-07-13,2970,1288716.572,675301.2548,51.39,131.56,135.89
153,2020-07-13,2970,1288715.791,675300.8356,52.27,131.68,136.01
153,2020-07-13,2970,1288715.089,675300.4594,53.06,131.82,136.15
153,2020-07-13,2970,1288714.147,675299.9545,54.12,131.85,136.18
153,2020-07-13,2970,1288713.48,675299.5973,54.87,131.99,136.32
153,2020-07-13,2970,1288712.654,675299.1543,55.8,132.04,136.37
153,2020-07-13,2970,1288711.917,675298.759,56.63,132.09,136.42
153,2020-07-13,2970,1288711.384,675298.4732,57.23,132.28,136.61
153,2020-07-13,2970,1288710.531,675298.016,58.19,132.26,136.59
153,2020-07-13,2970,1288709.74,675297.5921,59.08,132.27,136.6
153,2020-07-13,2970,1288708.86,675297.1206,60.07,132.3,136.63
153,2020-07-13,2970,1288707.91,675296.611,61.14,132.37,136.7
153,2020-07-13,2970,1288707.137,675296.1966,62.01,132.49,136.82
153,2020-07-13,2970,1288705.946,675295.5584,63.35,132.61,136.94
153,2020-07-13,2970,1288705.12,675295.1154,64.28,132.63,136.96
153,2020-07-13,2970,1288704.249,675294.6487,65.26,132.65,136.98
153,2020-07-13,2970,1288703.325,675294.1533,66.3,132.72,137.05
153,2020-07-13,2970,1288702.454,675293.6866,67.28,132.78,137.11
153,2020-07-13,2970,1288701.486,675293.1674,68.37,132.78,137.11
153,2020-07-13,2970,1288700.589,675292.6864,69.38,132.79,137.12
153,2020-07-13,2970,1288699.673,675292.1958,70.41,132.8,137.13
153,2020-07-13,2970,1288698.749,675291.7005,71.45,132.82,137.15
153,2020-07-13,2970,1288697.879,675291.2337,72.43,132.83,137.16
153,2020-07-13,2970,1288697.088,675290.8098,73.32,132.87,137.2
153,2020-07-13,2970,1288695.96,675290.2049,74.59,132.89,137.22
153,2020-07-13,2970,1288694.991,675289.6858,75.68,132.87,137.2
153,2020-07-13,2970,1288693.907,675289.1047,76.9,132.91,137.24
153,2020-07-13,2970,1288692.965,675288.5999,77.96,132.88,137.21
153,2020-07-13,2970,1288691.997,675288.0807,79.05,132.93,137.26
153,2020-07-13,2970,1288691.251,675287.6806,79.89,132.95,137.28
153,2020-07-13,2970,1288690.486,675287.271,80.75,132.98,137.31
153,2020-07-13,2970,1288689.731,675286.8662,81.6,132.99,137.32
153,2020-07-13,2970,1288688.958,675286.4518,82.47,133.02,137.35
153,2020-07-13,2970,1288688.176,675286.0327,83.35,133.03,137.36
153,2020-07-13,2970,1288687.226,675285.523,84.42,133.01,137.34
153,2020-07-13,2970,1288686.008,675284.8705,85.79,133.02,137.35
153,2020-07-13,2970,1288685.058,675284.3609,86.86,133.01,137.34
153,2020-07-13,2970,1288684.072,675283.8322,87.97,133.02,137.35
153,2020-07-13,2970,1288683.032,675283.275,89.14,132.98,137.31
153,2020-07-13,2970,1288681.806,675282.6177,90.52,132.97,137.3
153,2020-07-13,2970,1288680.535,675281.9366,91.95,132.95,137.28
153,2020-07-13,2970,1288678.998,675281.1126,93.68,132.85,137.18
153,2020-07-13,2970,1288677.532,675280.3268,95.33,132.87,137.2
153,2020-07-13,2970,1288675.693,675279.3409,97.4,132.81,137.14
153,2020-07-13,2970,1288674.529,675278.7169,98.71,132.78,137.11
153,2020-07-13,2970,1288673.41,675278.1168,99.97,132.77,137.1
153,2020-07-13,2970,1288671.997,675277.3595,101.56,132.77,137.1
153,2020-07-13,2970,1288670.709,675276.6689,103.01,132.83,137.16
153,2020-07-13,2970,1288669.012,675275.7592,104.92,132.88,137.21
153,2020-07-13,2970,1288667.661,675275.0352,106.44,132.93,137.26
153,2020-07-13,2970,1288666.568,675274.4494,107.67,133.01,137.34
153,2020-07-13,2970,1288665.529,675273.8922,108.84,133.04,137.37
153,2020-07-13,2970,1288664.623,675273.4063,109.86,133.04,137.37
153,2020-07-13,2970,1288663.574,675272.8443,111.04,133.06,137.39
153,2020-07-13,2970,1288662.597,675272.3204,112.14,133.1,137.43
153,2020-07-13,2970,1288661.619,675271.7965,113.24,133.06,137.39
153,2020-07-13,2970,1288660.704,675271.3059,114.27,133.11,137.44
153,2020-07-13,2970,1288659.683,675270.7582,115.42,133.09,137.42
153,2020-07-13,2970,1288658.643,675270.2009,116.59,133.1,137.43
153,2020-07-13,2970,1288657.586,675269.6342,117.78,133.1,137.43
153,2020-07-13,2970,1288656.573,675269.0912,118.92,133.14,137.47
153,2020-07-13,2970,1288655.596,675268.5673,120.02,133.2,137.53
153,2020-07-13,2970,1288654.689,675268.0815,121.04,133.26,137.59
153,2020-07-13,2970,1288653.765,675267.5861,122.08,133.27,137.6
153,2020-07-13,2970,1288652.841,675267.0908,123.12,133.32,137.65
153,2020-07-13,2970,1288651.571,675266.4097,124.55,133.37,137.7
153,2020-07-13,2970,1288650.389,675265.7763,125.88,133.39,137.72
153,2020-07-13,2970,1288649.136,675265.1047,127.29,133.5,137.83
153,2020-07-13,2970,1288647.866,675264.4236,128.72,133.45,137.78
153,2020-07-13,2970,1288646.329,675263.5996,130.45,133.48,137.81
153,2020-07-13,2970,1288644.978,675262.8757,131.97,133.58,137.91
153,2020-07-13,2970,1288643.663,675262.1708,133.45,133.62,137.95
153,2020-07-13,2970,1288642.535,675261.5659,134.72,133.69,138.02
153,2020-07-13,2970,1288641.238,675260.8705,136.18,133.72,138.05
153,2020-07-13,2970,1288639.567,675259.9751,138.06,133.75,138.08
153,2020-07-13,2970,1288638.385,675259.3416,139.39,133.78,138.11
153,2020-07-13,2970,1288637.23,675258.7225,140.69,133.78,138.11
153,2020-07-13,2970,1288635.862,675257.989,142.23,133.86,138.19
153,2020-07-13,2970,1288634.965,675257.5079,143.24,133.84,138.17
153,2020-07-13,2970,1288634.121,675257.0555,144.19,133.83,138.16
153,2020-07-13,2970,1288633.223,675256.5744,145.2,133.85,138.18
153,2020-07-13,2970,1288632.29,675256.0743,146.25,133.9,138.23
153,2020-07-13,2970,1288631.455,675255.6266,147.19,133.95,138.28
153,2020-07-13,2970,1288630.718,675255.2313,148.02,133.97,138.3
153,2020-07-13,2970,1288630.123,675254.9122,148.69,133.96,138.29
153,2020-07-13,2970,1288629.847,675254.7645,149,134.01,138.34
153,2020-07-13,2970,1288629.838,675254.7598,149.01,134.05,138.38
153,2020-07-13,2970,1288629.812,675254.7455,149.04,133.98,138.31
153,2020-07-13,2970,1288629.785,675254.7312,149.07,133.98,138.31
153,2020-07-13,2970,1288629.714,675254.6931,149.15,134.02,138.35
153,2020-07-13,2970,1288629.696,675254.6836,149.17,134.02,138.35
153,2020-07-13,2970,1288629.661,675254.6645,149.21,133.99,138.32
153,2020-07-13,2970,1288629.563,675254.6121,149.32,134.01,138.34
153,2020-07-13,2970,1288629.341,675254.4931,149.57,134.06,138.39
153,2020-07-13,2970,1288629.136,675254.3835,149.8,134.02,138.35
153,2020-07-13,2970,1288628.896,675254.2549,150.07,134.05,138.38
153,2020-07-13,2970,1288628.665,675254.1311,150.33,134.04,138.37
153,2020-07-13,2970,1288628.319,675253.9453,150.72,134.02,138.35
153,2020-07-13,2970,1288627.875,675253.7072,151.22,134.09,138.42
153,2020-07-13,2970,1288627.226,675253.3595,151.95,134.14,138.47
153,2020-07-13,2970,1288626.702,675253.0785,152.54,134.18,138.51
153,2020-07-13,2970,1288626.089,675252.7498,153.23,134.26,138.59
153,2020-07-13,2970,1288625.68,675252.5308,153.69,134.3,138.63
153,2020-07-13,2970,1288625.369,675252.3641,154.04,134.37,138.7
153,2020-07-13,2970,1288625.058,675252.1974,154.39,134.4,138.73
153,2020-07-13,2970,1288624.792,675252.0545,154.69,134.48,138.81
153,2020-07-13,2970,1288624.525,675251.9116,154.99,134.5,138.83
153,2020-07-13,2970,1288624.374,675251.8306,155.16,134.52,138.85
153,2020-07-13,2970,1288624.25,675251.7639,155.3,134.55,138.88
153,2020-07-13,2970,1288624.187,675251.7306,155.37,134.56,138.89
153,2020-07-13,2970,1288624.125,675251.6973,155.44,134.56,138.89
153,2020-07-13,2970,1288624.072,675251.6687,155.5,134.55,138.88
153,2020-07-13,2970,1288623.992,675251.6258,155.59,134.57,138.9
153,2020-07-13,2970,1288623.876,675251.5639,155.72,134.58,138.91
153,2020-07-13,2970,1288623.725,675251.4829,155.89,134.61,138.94
153,2020-07-13,2970,1288623.503,675251.3639,156.14,134.64,138.97
153,2020-07-13,2970,1288623.263,675251.2353,156.41,134.66,138.99
153,2020-07-13,2970,1288622.89,675251.0352,156.83,134.69,139.02
153,2020-07-13,2970,1288622.544,675250.8495,157.22,134.75,139.08
153,2020-07-13,2970,1288622.1,675250.6113,157.72,134.81,139.14
153,2020-07-13,2970,1288621.709,675250.4018,158.16,134.89,139.22
153,2020-07-13,2970,1288621.238,675250.1493,158.69,134.98,139.31
153,2020-07-13,2970,1288620.58,675249.7969,159.43,135.08,139.41
153,2020-07-13,2970,1288620.1,675249.5397,159.97,135.15,139.48
153,2020-07-13,2970,1288619.656,675249.3015,160.47,135.21,139.54
153,2020-07-13,2970,1288619.212,675249.0634,160.97,135.31,139.64
153,2020-07-13,2970,1288618.803,675248.8443,161.43,135.39,139.72
153,2020-07-13,2970,1288618.412,675248.6347,161.87,135.45,139.78
153,2020-07-13,2970,1288618.084,675248.4585,162.24,135.5,139.83
153,2020-07-13,2970,1288617.648,675248.2251,162.73,135.57,139.9
153,2020-07-13,2970,1288617.346,675248.0632,163.07,135.6,139.93
153,2020-07-13,2970,1288617.08,675247.9203,163.37,135.64,139.97
153,2020-07-13,2970,1288616.813,675247.7774,163.67,135.68,140.01
153,2020-07-13,2970,1288616.591,675247.6584,163.92,135.69,140.02
153,2020-07-13,2970,1288616.36,675247.5345,164.18,135.71,140.04
153,2020-07-13,2970,1288616.164,675247.4297,164.4,135.73,140.06
153,2020-07-13,2970,1288615.96,675247.3202,164.63,135.77,140.1
153,2020-07-13,2970,1288615.782,675247.2249,164.83,135.8,140.13
153,2020-07-13,2970,1288615.614,675247.1344,165.02,135.79,140.12
153,2020-07-13,2970,1288615.463,675247.0535,165.19,135.85,140.18
153,2020-07-13,2970,1288615.294,675246.963,165.38,135.88,140.21
153,2020-07-13,2970,1288615.16,675246.8915,165.53,135.89,140.22
153,2020-07-13,2970,1288597.4,675237.3706,185.52,139.79,144.12
154,2020-09-17,1160,,,-15,138.78,143.11
154,2020-09-17,1160,,,0,131.69,136.02
154,2020-09-17,1160,,,0.06,131.74,136.07
154,2020-09-17,1160,,,0.23,131.7,136.03
154,2020-09-17,1160,,,0.49,131.68,136.01
154,2020-09-17,1160,,,0.7,131.59,135.92
154,2020-09-17,1160,,,0.83,131.65,135.98
154,2020-09-17,1160,,,0.86,131.48,135.81
154,2020-09-17,1160,,,1.04,131.48,135.81
154,2020-09-17,1160,,,1.19,131.48,135.81
154,2020-09-17,1160,,,1.28,131.68,136.01
154,2020-09-17,1160,,,1.3,131.64,135.97
154,2020-09-17,1160,,,1.32,131.51,135.84
154,2020-09-17,1160,,,1.4,131.5,135.83
154,2020-09-17,1160,,,1.4,131.53,135.86
154,2020-09-17,1160,,,2.76,131.92,136.25
154,2020-09-17,1160,,,4.31,132.22,136.55
154,2020-09-17,1160,,,5.84,132.41,136.74
154,2020-09-17,1160,,,7.47,132.63,136.96
154,2020-09-17,1160,,,9.2,132.82,137.15
154,2020-09-17,1160,,,10.95,132.84,137.17
154,2020-09-17,1160,,,12.51,132.78,137.11
154,2020-09-17,1160,,,13.76,132.76,137.09
154,2020-09-17,1160,,,14.96,132.64,136.97
154,2020-09-17,1160,,,16.06,132.56,136.89
154,2020-09-17,1160,,,17.24,132.47,136.8
154,2020-09-17,1160,,,18.37,132.22,136.55
154,2020-09-17,1160,,,19.59,131.79,136.12
154,2020-09-17,1160,,,20.86,131.38,135.71
154,2020-09-17,1160,,,22.24,130.81,135.14
154,2020-09-17,1160,,,23.82,130.13,134.46
154,2020-09-17,1160,,,25.52,129.34,133.67
154,2020-09-17,1160,,,27.28,128.65,132.98
154,2020-09-17,1160,,,28.99,127.97,132.3
154,2020-09-17,1160,,,30.61,127.34,131.67
154,2020-09-17,1160,,,32.37,126.82,131.15
154,2020-09-17,1160,,,34.36,126.45,130.78
154,2020-09-17,1160,,,36.14,126.16,130.49
154,2020-09-17,1160,,,37.65,126.05,130.38
154,2020-09-17,1160,,,39.24,126.21,130.54
154,2020-09-17,1160,,,40.66,126.46,130.79
154,2020-09-17,1160,,,41.96,126.8,131.13
154,2020-09-17,1160,,,42.98,127.22,131.55
154,2020-09-17,1160,,,43.69,127.78,132.11
154,2020-09-17,1160,,,43.8,128.03,132.36
154,2020-09-17,1160,,,43.96,128.12,132.45
154,2020-09-17,1160,,,44.01,128,132.33
154,2020-09-17,1160,,,44.07,128.08,132.41
154,2020-09-17,1160,,,44.16,128.13,132.46
154,2020-09-17,1160,,,44.8,128.08,132.41
154,2020-09-17,1160,,,46.11,128.48,132.81
154,2020-09-17,1160,,,47.62,128.99,133.32
154,2020-09-17,1160,,,49.2,129.5,133.83
154,2020-09-17,1160,,,50.96,130.11,134.44
154,2020-09-17,1160,,,52.64,130.78,135.11
154,2020-09-17,1160,,,54.52,131.15,135.48
154,2020-09-17,1160,,,56.63,131.57,135.9
154,2020-09-17,1160,,,58.9,131.89,136.22
154,2020-09-17,1160,,,61.22,132.05,136.38
154,2020-09-17,1160,,,63.41,132.28,136.61
154,2020-09-17,1160,,,65.47,132.38,136.71
154,2020-09-17,1160,,,67.67,132.58,136.91
154,2020-09-17,1160,,,69.79,132.73,137.06
154,2020-09-17,1160,,,71.86,132.94,137.27
154,2020-09-17,1160,,,73.41,133.08,137.41
154,2020-09-17,1160,,,74.58,133.2,137.53
154,2020-09-17,1160,,,75.62,133.26,137.59
154,2020-09-17,1160,,,76.82,133.28,137.61
154,2020-09-17,1160,,,78,133.27,137.6
154,2020-09-17,1160,,,79.23,133.25,137.58
154,2020-09-17,1160,,,80.78,133.23,137.56
154,2020-09-17,1160,,,82.89,133.18,137.51
154,2020-09-17,1160,,,85.64,133.1,137.43
154,2020-09-17,1160,,,88.51,132.95,137.28
154,2020-09-17,1160,,,91.24,132.79,137.12
154,2020-09-17,1160,,,93.72,132.71,137.04
154,2020-09-17,1160,,,95.79,132.65,136.98
154,2020-09-17,1160,,,97.57,132.58,136.91
154,2020-09-17,1160,,,99.44,132.53,136.86
154,2020-09-17,1160,,,101.21,132.52,136.85
154,2020-09-17,1160,,,103.18,132.48,136.81
154,2020-09-17,1160,,,105.21,132.41,136.74
154,2020-09-17,1160,,,107.05,132.3,136.63
154,2020-09-17,1160,,,108.77,132.22,136.55
154,2020-09-17,1160,,,110.2,132.08,136.41
154,2020-09-17,1160,,,111.53,132.04,136.37
154,2020-09-17,1160,,,113.11,131.98,136.31
154,2020-09-17,1160,,,114.81,131.89,136.22
154,2020-09-17,1160,,,116.56,131.85,136.18
154,2020-09-17,1160,,,117.97,131.82,136.15
154,2020-09-17,1160,,,119.66,131.82,136.15
154,2020-09-17,1160,,,121.73,131.75,136.08
154,2020-09-17,1160,,,124.15,131.65,135.98
154,2020-09-17,1160,,,126.81,131.66,135.99
154,2020-09-17,1160,,,129.09,131.69,136.02
154,2020-09-17,1160,,,130.9,131.67,136
154,2020-09-17,1160,,,132.3,131.7,136.03
154,2020-09-17,1160,,,133.58,131.71,136.04
154,2020-09-17,1160,,,134.63,131.76,136.09
154,2020-09-17,1160,,,135.69,131.84,136.17
154,2020-09-17,1160,,,136.78,131.89,136.22
154,2020-09-17,1160,,,138.13,131.93,136.26
154,2020-09-17,1160,,,139.5,131.98,136.31
154,2020-09-17,1160,,,141.24,132.11,136.44
154,2020-09-17,1160,,,143,132.15,136.48
154,2020-09-17,1160,,,144.68,132.31,136.64
154,2020-09-17,1160,,,146.06,132.5,136.83
154,2020-09-17,1160,,,147.16,132.55,136.88
154,2020-09-17,1160,,,148.01,132.63,136.96
154,2020-09-17,1160,,,148.99,132.67,137
154,2020-09-17,1160,,,150.05,132.76,137.09
154,2020-09-17,1160,,,151.63,132.82,137.15
154,2020-09-17,1160,,,153.46,132.87,137.2
154,2020-09-17,1160,,,155.45,133.01,137.34
154,2020-09-17,1160,,,157.13,133.05,137.38
154,2020-09-17,1160,,,158.53,133.1,137.43
154,2020-09-17,1160,,,159.66,133.23,137.56
154,2020-09-17,1160,,,160.64,133.33,137.66
154,2020-09-17,1160,,,161.52,133.37,137.7
154,2020-09-17,1160,,,162.14,133.43,137.76
154,2020-09-17,1160,,,162.53,133.47,137.8
154,2020-09-17,1160,,,162.72,133.51,137.84
154,2020-09-17,1160,,,163,133.52,137.85
154,2020-09-17,1160,,,163.53,133.55,137.88
154,2020-09-17,1160,,,164.05,133.6,137.93
154,2020-09-17,1160,,,164.64,133.69,138.02
154,2020-09-17,1160,,,165.12,133.74,138.07
154,2020-09-17,1160,,,165.56,133.79,138.12
154,2020-09-17,1160,,,165.89,133.85,138.18
154,2020-09-17,1160,,,166.15,133.87,138.2
154,2020-09-17,1160,,,166.58,133.93,138.26
154,2020-09-17,1160,,,167.49,133.98,138.31
154,2020-09-17,1160,,,168.63,134.02,138.35
154,2020-09-17,1160,,,169.92,134.12,138.45
154,2020-09-17,1160,,,171.25,134.23,138.56
154,2020-09-17,1160,,,172.51,134.31,138.64
154,2020-09-17,1160,,,173.73,134.43,138.76
154,2020-09-17,1160,,,174.81,134.54,138.87
154,2020-09-17,1160,,,175.74,134.64,138.97
154,2020-09-17,1160,,,176.47,134.71,139.04
154,2020-09-17,1160,,,176.55,134.87,139.2
154,2020-09-17,1160,,,176.56,134.84,139.17
154,2020-09-17,1160,,,176.59,134.84,139.17
154,2020-09-17,1160,,,176.63,134.85,139.18
154,2020-09-17,1160,,,176.71,134.85,139.18
154,2020-09-17,1160,,,176.82,134.88,139.21
154,2020-09-17,1160,,,176.94,134.86,139.19
154,2020-09-17,1160,,,177.02,134.8,139.13
154,2020-09-17,1160,,,177.14,134.86,139.19
154,2020-09-17,1160,,,177.33,134.85,139.18
154,2020-09-17,1160,,,177.36,134.86,139.19
154,2020-09-17,1160,,,177.45,134.86,139.19
154,2020-09-17,1160,,,197.45,138.78,143.11
155,2020-10-29,2370,,,-15,139.38,143.71
155,2020-10-29,2370,,,0,130.97,135.3
155,2020-10-29,2370,,,0.01,131.02,135.35
155,2020-10-29,2370,,,0.11,130.98,135.31
155,2020-10-29,2370,,,0.3,130.99,135.32
155,2020-10-29,2370,,,0.33,130.93,135.26
155,2020-10-29,2370,,,0.39,130.86,135.19
155,2020-10-29,2370,,,0.45,131.01,135.34
155,2020-10-29,2370,,,0.57,130.94,135.27
155,2020-10-29,2370,,,0.7,130.95,135.28
155,2020-10-29,2370,,,0.7,130.9,135.23
155,2020-10-29,2370,,,1.31,131.08,135.41
155,2020-10-29,2370,,,2.31,131.18,135.51
155,2020-10-29,2370,,,3.46,131.28,135.61
155,2020-10-29,2370,,,4.61,131.46,135.79
155,2020-10-29,2370,,,5.87,131.58,135.91
155,2020-10-29,2370,,,7.27,131.68,136.01
155,2020-10-29,2370,,,8.61,131.76,136.09
155,2020-10-29,2370,,,9.9,131.77,136.1
155,2020-10-29,2370,,,11.31,131.58,135.91
155,2020-10-29,2370,,,12.59,131.42,135.75
155,2020-10-29,2370,,,14.18,131.1,135.43
155,2020-10-29,2370,,,15.57,130.73,135.06
155,2020-10-29,2370,,,17.07,130.26,134.59
155,2020-10-29,2370,,,18.7,129.79,134.12
155,2020-10-29,2370,,,20.17,129.09,133.42
155,2020-10-29,2370,,,21.4,128.77,133.1
155,2020-10-29,2370,,,22.58,128.35,132.68
155,2020-10-29,2370,,,23.75,128.08,132.41
155,2020-10-29,2370,,,24.56,127.91,132.24
155,2020-10-29,2370,,,25.93,127.69,132.02
155,2020-10-29,2370,,,27.66,127.36,131.69
155,2020-10-29,2370,,,29.84,127.07,131.4
155,2020-10-29,2370,,,32.13,126.9,131.23
155,2020-10-29,2370,,,34.53,126.95,131.28
155,2020-10-29,2370,,,37.14,127.33,131.66
155,2020-10-29,2370,,,39.15,128.06,132.39
155,2020-10-29,2370,,,40.42,128.59,132.92
155,2020-10-29,2370,,,41.34,129.01,133.34
155,2020-10-29,2370,,,42.79,129.31,133.64
155,2020-10-29,2370,,,44.47,129.7,134.03
155,2020-10-29,2370,,,45.77,130.07,134.4
155,2020-10-29,2370,,,47.09,130.32,134.65
155,2020-10-29,2370,,,48.76,130.67,135
155,2020-10-29,2370,,,50.33,130.93,135.26
155,2020-10-29,2370,,,51.85,131.15,135.48
155,2020-10-29,2370,,,53.44,131.32,135.65
155,2020-10-29,2370,,,55.06,131.61,135.94
155,2020-10-29,2370,,,56.69,131.82,136.15
155,2020-10-29,2370,,,57.88,132,136.33
155,2020-10-29,2370,,,59.23,132.02,136.35
155,2020-10-29,2370,,,60.21,132.23,136.56
155,2020-10-29,2370,,,61.2,132.27,136.6
155,2020-10-29,2370,,,62.47,132.36,136.69
155,2020-10-29,2370,,,63.61,132.43,136.76
155,2020-10-29,2370,,,64.86,132.46,136.79
155,2020-10-29,2370,,,66.8,132.56,136.89
155,2020-10-29,2370,,,68.48,132.64,136.97
155,2020-10-29,2370,,,69.84,132.66,136.99
155,2020-10-29,2370,,,70.86,132.69,137.02
155,2020-10-29,2370,,,71.97,132.68,137.01
155,2020-10-29,2370,,,73.25,132.7,137.03
155,2020-10-29,2370,,,74.79,132.79,137.12
155,2020-10-29,2370,,,75.93,132.87,137.2
155,2020-10-29,2370,,,76.75,132.86,137.19
155,2020-10-29,2370,,,77.97,132.87,137.2
155,2020-10-29,2370,,,79.25,132.91,137.24
155,2020-10-29,2370,,,80.29,133.04,137.37
155,2020-10-29,2370,,,81.27,133.01,137.34
155,2020-10-29,2370,,,82.28,133.01,137.34
155,2020-10-29,2370,,,83.51,133.01,137.34
155,2020-10-29,2370,,,84.6,133.06,137.39
155,2020-10-29,2370,,,85.88,133.04,137.37
155,2020-10-29,2370,,,87.11,133.07,137.4
155,2020-10-29,2370,,,88.21,133.1,137.43
155,2020-10-29,2370,,,89.2,133.17,137.5
155,2020-10-29,2370,,,89.88,133.2,137.53
155,2020-10-29,2370,,,90.75,133.18,137.51
155,2020-10-29,2370,,,91.59,133.22,137.55
155,2020-10-29,2370,,,92.53,133.24,137.57
155,2020-10-29,2370,,,93.48,133.23,137.56
155,2020-10-29,2370,,,94.37,133.24,137.57
155,2020-10-29,2370,,,95.45,133.25,137.58
155,2020-10-29,2370,,,96.49,133.24,137.57
155,2020-10-29,2370,,,97.71,133.26,137.59
155,2020-10-29,2370,,,98.43,133.24,137.57
155,2020-10-29,2370,,,99.09,133.23,137.56
155,2020-10-29,2370,,,99.98,133.18,137.51
155,2020-10-29,2370,,,100.99,133.11,137.44
155,2020-10-29,2370,,,102.27,133.11,137.44
155,2020-10-29,2370,,,103.72,133.15,137.48
155,2020-10-29,2370,,,105.1,133.21,137.54
155,2020-10-29,2370,,,106.38,133.23,137.56
155,2020-10-29,2370,,,107.6,133.26,137.59
155,2020-10-29,2370,,,108.98,133.27,137.6
155,2020-10-29,2370,,,110.34,133.31,137.64
155,2020-10-29,2370,,,112.03,133.37,137.7
155,2020-10-29,2370,,,113.77,133.32,137.65
155,2020-10-29,2370,,,115.25,133.29,137.62
155,2020-10-29,2370,,,117.04,133.26,137.59
155,2020-10-29,2370,,,118.78,133.26,137.59
155,2020-10-29,2370,,,120.59,133.21,137.54
155,2020-10-29,2370,,,122.36,133.27,137.6
155,2020-10-29,2370,,,123.68,133.26,137.59
155,2020-10-29,2370,,,125.05,133.31,137.64
155,2020-10-29,2370,,,126.55,133.3,137.63
155,2020-10-29,2370,,,127.95,133.34,137.67
155,2020-10-29,2370,,,129.42,133.42,137.75
155,2020-10-29,2370,,,131.05,133.46,137.79
155,2020-10-29,2370,,,132.79,133.53,137.86
155,2020-10-29,2370,,,134.31,133.57,137.9
155,2020-10-29,2370,,,135.64,133.74,138.07
155,2020-10-29,2370,,,137.17,133.79,138.12
155,2020-10-29,2370,,,138.58,133.84,138.17
155,2020-10-29,2370,,,139.98,133.86,138.19
155,2020-10-29,2370,,,141.39,133.88,138.21
155,2020-10-29,2370,,,142.64,133.9,138.23
155,2020-10-29,2370,,,143.85,133.89,138.22
155,2020-10-29,2370,,,144.91,133.81,138.14
155,2020-10-29,2370,,,146.2,133.73,138.06
155,2020-10-29,2370,,,147.39,133.69,138.02
155,2020-10-29,2370,,,148.5,133.75,138.08
155,2020-10-29,2370,,,149.52,133.79,138.12
155,2020-10-29,2370,,,150.34,133.82,138.15
155,2020-10-29,2370,,,151.09,133.92,138.25
155,2020-10-29,2370,,,151.85,133.97,138.3
155,2020-10-29,2370,,,152.7,134.03,138.36
155,2020-10-29,2370,,,153.52,134.09,138.42
155,2020-10-29,2370,,,154.64,134.2,138.53
155,2020-10-29,2370,,,156.08,134.31,138.64
155,2020-10-29,2370,,,157.61,134.46,138.79
155,2020-10-29,2370,,,159.28,134.72,139.05
155,2020-10-29,2370,,,160.94,134.96,139.29
155,2020-10-29,2370,,,162.25,135.29,139.62
155,2020-10-29,2370,,,163.26,135.51,139.84
155,2020-10-29,2370,,,164.03,135.66,139.99
155,2020-10-29,2370,,,164.55,135.77,140.1
155,2020-10-29,2370,,,164.96,135.8,140.13
155,2020-10-29,2370,,,165.25,135.76,140.09
155,2020-10-29,2370,,,165.46,135.75,140.08
155,2020-10-29,2370,,,165.7,135.75,140.08
155,2020-10-29,2370,,,165.92,135.73,140.06
155,2020-10-29,2370,,,166.16,135.75,140.08
155,2020-10-29,2370,,,166.36,135.74,140.07
155,2020-10-29,2370,,,186.36,139.38,143.71
156,2020-12-10,4940,,,-15,140.35,144.68
156,2020-12-10,4940,,,0,133.12,137.45
156,2020-12-10,4940,,,0.03,133.13,137.46
156,2020-12-10,4940,,,0.3,133,137.33
156,2020-12-10,4940,,,0.53,133.07,137.4
156,2020-12-10,4940,,,0.6,133.29,137.62
156,2020-12-10,4940,,,0.65,132.81,137.14
156,2020-12-10,4940,,,0.67,132.96,137.29
156,2020-12-10,4940,,,0.72,132.88,137.21
156,2020-12-10,4940,,,1.4,132.87,137.2
156,2020-12-10,4940,,,2.06,132.44,136.77
156,2020-12-10,4940,,,2.33,132.11,136.44
156,2020-12-10,4940,,,2.36,132.02,136.35
156,2020-12-10,4940,,,2.91,132.11,136.44
156,2020-12-10,4940,,,3.59,132.12,136.45
156,2020-12-10,4940,,,5.12,131.72,136.05
156,2020-12-10,4940,,,6.98,131.22,135.55
156,2020-12-10,4940,,,8.34,131.16,135.49
156,2020-12-10,4940,,,9.29,131.03,135.36
156,2020-12-10,4940,,,9.53,130.84,135.17
156,2020-12-10,4940,,,9.85,130.77,135.1
156,2020-12-10,4940,,,10.65,130.91,135.24
156,2020-12-10,4940,,,12.71,130.86,135.19
156,2020-12-10,4940,,,15.02,131.03,135.36
156,2020-12-10,4940,,,17.81,131.27,135.6
156,2020-12-10,4940,,,20.04,131.46,135.79
156,2020-12-10,4940,,,21.81,131.66,135.99
156,2020-12-10,4940,,,21.81,131.98,136.31
156,2020-12-10,4940,,,27.09,132.08,136.41
156,2020-12-10,4940,,,28.66,131.85,136.18
156,2020-12-10,4940,,,29.71,131.62,135.95
156,2020-12-10,4940,,,30.29,131.5,135.83
156,2020-12-10,4940,,,31.79,131.34,135.67
156,2020-12-10,4940,,,34.93,131.16,135.49
156,2020-12-10,4940,,,34.93,130.96,135.29
156,2020-12-10,4940,,,34.93,131.05,135.38
156,2020-12-10,4940,,,37.8,131.05,135.38
156,2020-12-10,4940,,,38.58,131.15,135.48
156,2020-12-10,4940,,,39.56,131.16,135.49
156,2020-12-10,4940,,,41.73,131.24,135.57
156,2020-12-10,4940,,,43.85,131.44,135.77
156,2020-12-10,4940,,,46.52,131.64,135.97
156,2020-12-10,4940,,,46.52,131.8,136.13
156,2020-12-10,4940,,,46.52,132.02,136.35
156,2020-12-10,4940,,,46.52,132.27,136.6
156,2020-12-10,4940,,,46.52,132.48,136.81
156,2020-12-10,4940,,,46.52,132.69,137.02
156,2020-12-10,4940,,,60.28,132.89,137.22
156,2020-12-10,4940,,,61.97,133.06,137.39
156,2020-12-10,4940,,,61.97,133.15,137.48
156,2020-12-10,4940,,,63.5,133.21,137.54
156,2020-12-10,4940,,,63.5,133.34,137.67
156,2020-12-10,4940,,,66.25,133.39,137.72
156,2020-12-10,4940,,,66.25,133.43,137.76
156,2020-12-10,4940,,,72.46,133.67,138
156,2020-12-10,4940,,,75.09,133.86,138.19
156,2020-12-10,4940,,,76.64,133.89,138.22
156,2020-12-10,4940,,,78.84,134.01,138.34
156,2020-12-10,4940,,,80.94,134.14,138.47
156,2020-12-10,4940,,,83.07,134.15,138.48
156,2020-12-10,4940,,,83.07,134.26,138.59
156,2020-12-10,4940,,,86.71,134.23,138.56
156,2020-12-10,4940,,,87.63,134.27,138.6
156,2020-12-10,4940,,,88.93,134.29,138.62
156,2020-12-10,4940,,,90.79,134.28,138.61
156,2020-12-10,4940,,,92.86,134.37,138.7
156,2020-12-10,4940,,,95.3,134.34,138.67
156,2020-12-10,4940,,,96.73,134.43,138.76
156,2020-12-10,4940,,,97.64,134.53,138.86
156,2020-12-10,4940,,,99.79,134.51,138.84
156,2020-12-10,4940,,,102.58,134.46,138.79
156,2020-12-10,4940,,,102.58,134.47,138.8
156,2020-12-10,4940,,,106.95,134.5,138.83
156,2020-12-10,4940,,,108.24,134.6,138.93
156,2020-12-10,4940,,,111.48,134.7,139.03
156,2020-12-10,4940,,,114.38,134.61,138.94
156,2020-12-10,4940,,,116.77,134.69,139.02
156,2020-12-10,4940,,,119.09,134.73,139.06
156,2020-12-10,4940,,,121.26,134.79,139.12
156,2020-12-10,4940,,,122.84,134.89,139.22
156,2020-12-10,4940,,,124.82,134.88,139.21
156,2020-12-10,4940,,,127.06,134.91,139.24
156,2020-12-10,4940,,,129.46,135,139.33
156,2020-12-10,4940,,,132.4,135.11,139.44
156,2020-12-10,4940,,,135,135.09,139.42
156,2020-12-10,4940,,,137.27,135.1,139.43
156,2020-12-10,4940,,,139.57,135.1,139.43
156,2020-12-10,4940,,,141.93,135.22,139.55
156,2020-12-10,4940,,,144.2,135.29,139.62
156,2020-12-10,4940,,,146.21,135.34,139.67
156,2020-12-10,4940,,,148.53,135.47,139.8
156,2020-12-10,4940,,,150.18,135.54,139.87
156,2020-12-10,4940,,,151.85,135.69,140.02
156,2020-12-10,4940,,,153.82,135.79,140.12
156,2020-12-10,4940,,,155.52,135.9,140.23
156,2020-12-10,4940,,,157.21,135.97,140.3
156,2020-12-10,4940,,,159.07,135.98,140.31
156,2020-12-10,4940,,,160.41,135.92,140.25
156,2020-12-10,4940,,,161.68,135.88,140.21
156,2020-12-10,4940,,,162.88,135.76,140.09
156,2020-12-10,4940,,,164.26,135.73,140.06
156,2020-12-10,4940,,,165.4,135.7,140.03
156,2020-12-10,4940,,,166.81,135.69,140.02
156,2020-12-10,4940,,,168.61,135.84,140.17
156,2020-12-10,4940,,,170.63,135.99,140.32
156,2020-12-10,4940,,,172.39,136.32,140.65
156,2020-12-10,4940,,,174.01,136.61,140.94
156,2020-12-10,4940,,,175.43,136.83,141.16
156,2020-12-10,4940,,,177.09,136.98,141.31
156,2020-12-10,4940,,,178.59,137.2,141.53
156,2020-12-10,4940,,,179.9,137.35,141.68
156,2020-12-10,4940,,,180.9,137.44,141.77
156,2020-12-10,4940,,,182.09,137.45,141.78
156,2020-12-10,4940,,,183.53,137.48,141.81
156,2020-12-10,4940,,,185.03,137.53,141.86
156,2020-12-10,4940,,,186.55,137.5,141.83
156,2020-12-10,4940,,,188.12,137.47,141.8
156,2020-12-10,4940,,,189.57,137.56,141.89
156,2020-12-10,4940,,,190.92,137.69,142.02
156,2020-12-10,4940,,,192.14,137.86,142.19
156,2020-12-10,4940,,,193.31,137.98,142.31
156,2020-12-10,4940,,,194.55,138.14,142.47
156,2020-12-10,4940,,,195.73,138.32,142.65
156,2020-12-10,4940,,,196.82,138.54,142.87
156,2020-12-10,4940,,,197.85,138.63,142.96
156,2020-12-10,4940,,,198.91,138.58,142.91
156,2020-12-10,4940,,,199.92,138.64,142.97
156,2020-12-10,4940,,,200.81,138.65,142.98
156,2020-12-10,4940,,,201.6,138.55,142.88
156,2020-12-10,4940,,,202.26,138.48,142.81
156,2020-12-10,4940,,,202.71,138.43,142.76
156,2020-12-10,4940,,,202.72,138.43,142.76
156,2020-12-10,4940,,,202.75,138.44,142.77
156,2020-12-10,4940,,,202.78,138.42,142.75
156,2020-12-10,4940,,,202.92,138.44,142.77
156,2020-12-10,4940,,,202.94,138.4,142.73
156,2020-12-10,4940,,,203.05,138.42,142.75
156,2020-12-10,4940,,,203.07,138.43,142.76
156,2020-12-10,4940,,,203.23,138.42,142.75
156,2020-12-10,4940,,,219.22,140.35,144.68
158,2021-02-04,3900,,,-20,140.05,144.38
158,2021-02-04,3900,,,0,131.45,135.78
158,2021-02-04,3900,,,0.02,131.51,135.84
158,2021-02-04,3900,,,0.71,131.53,135.86
158,2021-02-04,3900,,,0.86,131.57,135.9
158,2021-02-04,3900,,,1.02,131.48,135.81
158,2021-02-04,3900,,,1.44,131.48,135.81
158,2021-02-04,3900,,,1.68,131.62,135.95
158,2021-02-04,3900,,,2,131.38,135.71
158,2021-02-04,3900,,,2.05,131.63,135.96
158,2021-02-04,3900,,,2.11,131.61,135.94
158,2021-02-04,3900,,,2.13,131.74,136.07
158,2021-02-04,3900,,,2.25,131.54,135.87
158,2021-02-04,3900,,,2.52,131.82,136.15
158,2021-02-04,3900,,,2.81,131.79,136.12
158,2021-02-04,3900,,,2.95,131.83,136.16
158,2021-02-04,3900,,,3.06,131.9,136.23
158,2021-02-04,3900,,,3.14,131.96,136.29
158,2021-02-04,3900,,,3.32,131.35,135.68
158,2021-02-04,3900,,,4.79,131.3,135.63
158,2021-02-04,3900,,,6.46,131.28,135.61
158,2021-02-04,3900,,,6.48,131.46,135.79
158,2021-02-04,3900,,,6.66,131.45,135.78
158,2021-02-04,3900,,,6.89,131.53,135.86
158,2021-02-04,3900,,,7.22,131.33,135.66
158,2021-02-04,3900,,,7.44,131.27,135.6
158,2021-02-04,3900,,,8.41,131.64,135.97
158,2021-02-04,3900,,,10.06,131.57,135.9
158,2021-02-04,3900,,,11.4,131.45,135.78
158,2021-02-04,3900,,,12.76,131.23,135.56
158,2021-02-04,3900,,,13.4,131,135.33
158,2021-02-04,3900,,,14,131.23,135.56
158,2021-02-04,3900,,,14.19,131.14,135.47
158,2021-02-04,3900,,,14.69,131.19,135.52
158,2021-02-04,3900,,,14.8,131.17,135.5
158,2021-02-04,3900,,,14.91,131.19,135.52
158,2021-02-04,3900,,,15.11,130.78,135.11
158,2021-02-04,3900,,,15.6,130.86,135.19
158,2021-02-04,3900,,,15.96,131.11,135.44
158,2021-02-04,3900,,,16.36,130.64,134.97
158,2021-02-04,3900,,,16.95,130.78,135.11
158,2021-02-04,3900,,,17.11,130.62,134.95
158,2021-02-04,3900,,,17.93,130.92,135.25
158,2021-02-04,3900,,,20.17,130.59,134.92
158,2021-02-04,3900,,,22.11,130.34,134.67
158,2021-02-04,3900,,,23.96,130.19,134.52
158,2021-02-04,3900,,,25.6,130.15,134.48
158,2021-02-04,3900,,,27.28,130.18,134.51
158,2021-02-04,3900,,,28.81,130.2,134.53
158,2021-02-04,3900,,,30.77,130.34,134.67
158,2021-02-04,3900,,,31.9,130.5,134.83
158,2021-02-04,3900,,,33.2,130.63,134.96
158,2021-02-04,3900,,,35.67,130.87,135.2
158,2021-02-04,3900,,,38.53,131.2,135.53
158,2021-02-04,3900,,,41.23,131.54,135.87
158,2021-02-04,3900,,,41.23,131.83,136.16
158,2021-02-04,3900,,,44.19,132.04,136.37
158,2021-02-04,3900,,,45.56,132.18,136.51
158,2021-02-04,3900,,,47.71,132.31,136.64
158,2021-02-04,3900,,,50.06,132.45,136.78
158,2021-02-04,3900,,,52.35,132.61,136.94
158,2021-02-04,3900,,,54.4,132.75,137.08
158,2021-02-04,3900,,,56.01,132.87,137.2
158,2021-02-04,3900,,,57.67,132.96,137.29
158,2021-02-04,3900,,,59.13,133.02,137.35
158,2021-02-04,3900,,,61.17,133.14,137.47
158,2021-02-04,3900,,,63.38,133.15,137.48
158,2021-02-04,3900,,,65.31,133.21,137.54
158,2021-02-04,3900,,,66.73,133.36,137.69
158,2021-02-04,3900,,,68.12,133.4,137.73
158,2021-02-04,3900,,,69.04,133.38,137.71
158,2021-02-04,3900,,,70.03,133.43,137.76
158,2021-02-04,3900,,,72.26,133.57,137.9
158,2021-02-04,3900,,,74.26,133.6,137.93
158,2021-02-04,3900,,,76.45,133.66,137.99
158,2021-02-04,3900,,,78.37,133.7,138.03
158,2021-02-04,3900,,,80.43,133.67,138
158,2021-02-04,3900,,,82.31,133.62,137.95
158,2021-02-04,3900,,,84.04,133.63,137.96
158,2021-02-04,3900,,,86.15,133.7,138.03
158,2021-02-04,3900,,,88.53,133.7,138.03
158,2021-02-04,3900,,,90.77,133.76,138.09
158,2021-02-04,3900,,,92.92,133.8,138.13
158,2021-02-04,3900,,,95.51,133.77,138.1
158,2021-02-04,3900,,,97.81,133.82,138.15
158,2021-02-04,3900,,,99.53,133.81,138.14
158,2021-02-04,3900,,,101.85,133.83,138.16
158,2021-02-04,3900,,,104.5,133.87,138.2
158,2021-02-04,3900,,,106.76,133.85,138.18
158,2021-02-04,3900,,,109.47,133.91,138.24
158,2021-02-04,3900,,,112.64,133.98,138.31
158,2021-02-04,3900,,,116.07,133.99,138.32
158,2021-02-04,3900,,,118.92,133.96,138.29
158,2021-02-04,3900,,,121.34,133.95,138.28
158,2021-02-04,3900,,,122.89,133.96,138.29
158,2021-02-04,3900,,,123.83,134,138.33
158,2021-02-04,3900,,,125.28,134.06,138.39
158,2021-02-04,3900,,,126.71,134.1,138.43
158,2021-02-04,3900,,,128.56,134.19,138.52
158,2021-02-04,3900,,,130.88,134.26,138.59
158,2021-02-04,3900,,,133.55,134.27,138.6
158,2021-02-04,3900,,,135.71,134.33,138.66
158,2021-02-04,3900,,,137.46,134.45,138.78
158,2021-02-04,3900,,,138.95,134.68,139.01
158,2021-02-04,3900,,,140.84,134.82,139.15
158,2021-02-04,3900,,,143.23,134.96,139.29
158,2021-02-04,3900,,,145.64,135.11,139.44
158,2021-02-04,3900,,,147.72,135.3,139.63
158,2021-02-04,3900,,,149.46,135.48,139.81
158,2021-02-04,3900,,,151.06,135.65,139.98
158,2021-02-04,3900,,,152.57,135.8,140.13
158,2021-02-04,3900,,,153.98,135.92,140.25
158,2021-02-04,3900,,,155.27,136.11,140.44
158,2021-02-04,3900,,,156.51,136.25,140.58
158,2021-02-04,3900,,,157.84,136.35,140.68
158,2021-02-04,3900,,,158.93,136.49,140.82
158,2021-02-04,3900,,,160.16,136.54,140.87
158,2021-02-04,3900,,,161.56,136.69,141.02
158,2021-02-04,3900,,,162.94,136.86,141.19
158,2021-02-04,3900,,,164.34,137.06,141.39
158,2021-02-04,3900,,,165.89,137.19,141.52
158,2021-02-04,3900,,,167.55,137.34,141.67
158,2021-02-04,3900,,,169.41,137.53,141.86
158,2021-02-04,3900,,,171.49,137.81,142.14
158,2021-02-04,3900,,,173.52,138.08,142.41
158,2021-02-04,3900,,,175.44,138.23,142.56
158,2021-02-04,3900,,,177.37,138.38,142.71
158,2021-02-04,3900,,,179.14,138.45,142.78
158,2021-02-04,3900,,,180.81,138.43,142.76
158,2021-02-04,3900,,,182.45,138.45,142.78
158,2021-02-04,3900,,,184.05,138.47,142.8
158,2021-02-04,3900,,,185.47,138.5,142.83
158,2021-02-04,3900,,,186.84,138.51,142.84
158,2021-02-04,3900,,,188.24,138.52,142.85
158,2021-02-04,3900,,,189.57,138.51,142.84
158,2021-02-04,3900,,,190.82,138.55,142.88
158,2021-02-04,3900,,,192.11,138.54,142.87
158,2021-02-04,3900,,,193.39,138.51,142.84
158,2021-02-04,3900,,,194.47,138.48,142.81
158,2021-02-04,3900,,,195.51,138.46,142.79
158,2021-02-04,3900,,,196.56,138.46,142.79
158,2021-02-04,3900,,,197.55,138.47,142.8
158,2021-02-04,3900,,,198.53,138.47,142.8
158,2021-02-04,3900,,,199.51,138.48,142.81
158,2021-02-04,3900,,,200.57,138.45,142.78
158,2021-02-04,3900,,,201.44,138.42,142.75
158,2021-02-04,3900,,,202.28,138.33,142.66
158,2021-02-04,3900,,,203.12,138.31,142.64
158,2021-02-04,3900,,,203.83,138.24,142.57
158,2021-02-04,3900,,,204.42,138.21,142.54
158,2021-02-04,3900,,,204.96,138.19,142.52
158,2021-02-04,3900,,,205.29,138.17,142.5
158,2021-02-04,3900,,,205.42,138.16,142.49
158,2021-02-04,3900,,,205.45,138.19,142.52
158,2021-02-04,3900,,,215.44,140.05,144.38
159,2021-03-30,2150,,,-12,139.26,143.59
159,2021-03-30,2150,,,0,132.8,137.13
159,2021-03-30,2150,,,0.04,132.85,137.18
159,2021-03-30,2150,,,0.1,132.54,136.87
159,2021-03-30,2150,,,0.16,132.58,136.91
159,2021-03-30,2150,,,0.19,132.76,137.09
159,2021-03-30,2150,,,0.21,132.81,137.14
159,2021-03-30,2150,,,0.29,132.53,136.86
159,2021-03-30,2150,,,0.34,132.37,136.7
159,2021-03-30,2150,,,0.37,132.51,136.84
159,2021-03-30,2150,,,0.5,132.56,136.89
159,2021-03-30,2150,,,0.63,132.51,136.84
159,2021-03-30,2150,,,0.63,132.47,136.8
159,2021-03-30,2150,,,0.63,132.62,136.95
159,2021-03-30,2150,,,0.71,132.53,136.86
159,2021-03-30,2150,,,0.72,132.35,136.68
159,2021-03-30,2150,,,0.89,132.51,136.84
159,2021-03-30,2150,,,0.98,132.55,136.88
159,2021-03-30,2150,,,1.02,132.49,136.82
159,2021-03-30,2150,,,1.1,132.54,136.87
159,2021-03-30,2150,,,1.38,132.51,136.84
159,2021-03-30,2150,,,1.4,132.57,136.9
159,2021-03-30,2150,,,1.5,132.58,136.91
159,2021-03-30,2150,,,1.53,132.31,136.64
159,2021-03-30,2150,,,1.59,132.55,136.88
159,2021-03-30,2150,,,2.38,132.34,136.67
159,2021-03-30,2150,,,3.23,132.42,136.75
159,2021-03-30,2150,,,4.34,132.66,136.99
159,2021-03-30,2150,,,5.76,133.05,137.38
159,2021-03-30,2150,,,7.46,133.57,137.9
159,2021-03-30,2150,,,9.22,134.14,138.47
159,2021-03-30,2150,,,11.03,134.49,138.82
159,2021-03-30,2150,,,12.62,134.65,138.98
159,2021-03-30,2150,,,14.26,134.62,138.95
159,2021-03-30,2150,,,16.22,134.52,138.85
159,2021-03-30,2150,,,18.21,134.4,138.73
159,2021-03-30,2150,,,20.02,134.26,138.59
159,2021-03-30,2150,,,21.59,134.06,138.39
159,2021-03-30,2150,,,22.85,133.79,138.12
159,2021-03-30,2150,,,23.76,133.46,137.79
159,2021-03-30,2150,,,24.86,133.32,137.65
159,2021-03-30,2150,,,26.25,132.9,137.23
159,2021-03-30,2150,,,27.46,132.6,136.93
159,2021-03-30,2150,,,28.33,132.19,136.52
159,2021-03-30,2150,,,29.03,131.95,136.28
159,2021-03-30,2150,,,29.44,131.65,135.98
159,2021-03-30,2150,,,29.73,131.57,135.9
159,2021-03-30,2150,,,30.26,131.42,135.75
159,2021-03-30,2150,,,31.03,131.19,135.52
159,2021-03-30,2150,,,32.05,130.9,135.23
159,2021-03-30,2150,,,32.93,130.62,134.95
159,2021-03-30,2150,,,33.25,130.61,134.94
159,2021-03-30,2150,,,33.34,130.46,134.79
159,2021-03-30,2150,,,33.37,130.47,134.8
159,2021-03-30,2150,,,33.54,130.72,135.05
159,2021-03-30,2150,,,34.4,130.67,135
159,2021-03-30,2150,,,35.89,130.51,134.84
159,2021-03-30,2150,,,38.25,130.32,134.65
159,2021-03-30,2150,,,40.75,130.31,134.64
159,2021-03-30,2150,,,42.08,130.51,134.84
159,2021-03-30,2150,,,42.95,130.67,135
159,2021-03-30,2150,,,43.71,130.86,135.19
159,2021-03-30,2150,,,45.01,131.08,135.41
159,2021-03-30,2150,,,46.89,131.4,135.73
159,2021-03-30,2150,,,48.93,131.8,136.13
159,2021-03-30,2150,,,50.75,132.07,136.4
159,2021-03-30,2150,,,52.44,132.31,136.64
159,2021-03-30,2150,,,54.03,132.52,136.85
159,2021-03-30,2150,,,55.34,132.63,136.96
159,2021-03-30,2150,,,56.6,132.76,137.09
159,2021-03-30,2150,,,57.96,132.89,137.22
159,2021-03-30,2150,,,59.45,133.07,137.4
159,2021-03-30,2150,,,60.8,133.24,137.57
159,2021-03-30,2150,,,62.11,133.35,137.68
159,2021-03-30,2150,,,63.35,133.42,137.75
159,2021-03-30,2150,,,64.73,133.43,137.76
159,2021-03-30,2150,,,66.28,133.52,137.85
159,2021-03-30,2150,,,68.05,133.62,137.95
159,2021-03-30,2150,,,69.9,133.65,137.98
159,2021-03-30,2150,,,71.9,133.67,138
159,2021-03-30,2150,,,73.89,133.71,138.04
159,2021-03-30,2150,,,75.85,133.76,138.09
159,2021-03-30,2150,,,77.85,133.86,138.19
159,2021-03-30,2150,,,79.57,133.9,138.23
159,2021-03-30,2150,,,81.3,133.92,138.25
159,2021-03-30,2150,,,83.11,133.89,138.22
159,2021-03-30,2150,,,84.85,133.9,138.23
159,2021-03-30,2150,,,86.28,133.92,138.25
159,2021-03-30,2150,,,87.44,133.96,138.29
159,2021-03-30,2150,,,88.6,133.95,138.28
159,2021-03-30,2150,,,89.55,133.95,138.28
159,2021-03-30,2150,,,90.46,133.99,138.32
159,2021-03-30,2150,,,91.65,133.98,138.31
159,2021-03-30,2150,,,93.09,133.99,138.32
159,2021-03-30,2150,,,94.42,133.97,138.3
159,2021-03-30,2150,,,95.81,133.89,138.22
159,2021-03-30,2150,,,97.32,133.87,138.2
159,2021-03-30,2150,,,98.99,133.8,138.13
159,2021-03-30,2150,,,100.4,133.67,138
159,2021-03-30,2150,,,101.4,133.64,137.97
159,2021-03-30,2150,,,102.63,133.63,137.96
159,2021-03-30,2150,,,104.28,133.61,137.94
159,2021-03-30,2150,,,106.34,133.6,137.93
159,2021-03-30,2150,,,108.51,133.61,137.94
159,2021-03-30,2150,,,110.61,133.56,137.89
159,2021-03-30,2150,,,112.37,133.58,137.91
159,2021-03-30,2150,,,114.08,133.58,137.91
159,2021-03-30,2150,,,115.78,133.59,137.92
159,2021-03-30,2150,,,117.55,133.62,137.95
159,2021-03-30,2150,,,119.38,133.59,137.92
159,2021-03-30,2150,,,121.19,133.58,137.91
159,2021-03-30,2150,,,123.2,133.54,137.87
159,2021-03-30,2150,,,125.24,133.49,137.82
159,2021-03-30,2150,,,127.07,133.41,137.74
159,2021-03-30,2150,,,128.78,133.41,137.74
159,2021-03-30,2150,,,130.19,133.41,137.74
159,2021-03-30,2150,,,131.48,133.39,137.72
159,2021-03-30,2150,,,133.13,133.42,137.75
159,2021-03-30,2150,,,135.38,133.31,137.64
159,2021-03-30,2150,,,137.81,133.4,137.73
159,2021-03-30,2150,,,140.13,133.43,137.76
159,2021-03-30,2150,,,142.14,133.52,137.85
159,2021-03-30,2150,,,144.09,133.65,137.98
159,2021-03-30,2150,,,145.87,133.72,138.05
159,2021-03-30,2150,,,147.36,133.81,138.14
159,2021-03-30,2150,,,148.72,133.83,138.16
159,2021-03-30,2150,,,150.01,133.81,138.14
159,2021-03-30,2150,,,151.35,133.84,138.17
159,2021-03-30,2150,,,152.64,133.94,138.27
159,2021-03-30,2150,,,153.63,134.12,138.45
159,2021-03-30,2150,,,154.5,134.21,138.54
159,2021-03-30,2150,,,155.49,134.34,138.67
159,2021-03-30,2150,,,156.56,134.43,138.76
159,2021-03-30,2150,,,157.39,134.56,138.89
159,2021-03-30,2150,,,158.18,134.58,138.91
159,2021-03-30,2150,,,159.18,134.6,138.93
159,2021-03-30,2150,,,160.28,134.66,138.99
159,2021-03-30,2150,,,161.42,134.78,139.11
159,2021-03-30,2150,,,162.55,134.84,139.17
159,2021-03-30,2150,,,163.53,134.88,139.21
159,2021-03-30,2150,,,164.43,134.92,139.25
159,2021-03-30,2150,,,165.42,134.94,139.27
159,2021-03-30,2150,,,166.67,134.98,139.31
159,2021-03-30,2150,,,167.99,134.99,139.32
159,2021-03-30,2150,,,169.27,135.15,139.48
159,2021-03-30,2150,,,170.54,135.3,139.63
159,2021-03-30,2150,,,171.58,135.4,139.73
159,2021-03-30,2150,,,172.42,135.5,139.83
159,2021-03-30,2150,,,173.12,135.49,139.82
159,2021-03-30,2150,,,173.61,135.55,139.88
159,2021-03-30,2150,,,173.83,135.59,139.92
159,2021-03-30,2150,,,173.99,135.62,139.95
159,2021-03-30,2150,,,174.23,135.6,139.93
159,2021-03-30,2150,,,174.48,135.6,139.93
159,2021-03-30,2150,,,174.91,135.62,139.95
159,2021-03-30,2150,,,175.45,135.67,140
159,2021-03-30,2150,,,175.94,135.78,140.11
159,2021-03-30,2150,,,176.33,135.84,140.17
159,2021-03-30,2150,,,176.63,135.91,140.24
159,2021-03-30,2150,,,176.83,135.95,140.28
159,2021-03-30,2150,,,177.04,135.95,140.28
159,2021-03-30,2150,,,177.25,136.03,140.36
159,2021-03-30,2150,,,177.52,136.06,140.39
159,2021-03-30,2150,,,177.87,136.1,140.43
159,2021-03-30,2150,,,178.24,136.15,140.48
159,2021-03-30,2150,,,178.6,136.25,140.58
159,2021-03-30,2150,,,198.6,139.26,143.59
160,2021-05-24,3590,,,-6,139.9,144.23
160,2021-05-24,3590,,,0,132.88,137.21
160,2021-05-24,3590,,,0.04,132.86,137.19
160,2021-05-24,3590,,,0.15,132.87,137.2
160,2021-05-24,3590,,,0.25,132.82,137.15
160,2021-05-24,3590,,,0.29,132.99,137.32
160,2021-05-24,3590,,,0.47,132.83,137.16
160,2021-05-24,3590,,,0.83,132.82,137.15
160,2021-05-24,3590,,,1.01,132.98,137.31
160,2021-05-24,3590,,,1.1,132.74,137.07
160,2021-05-24,3590,,,1.2,132.71,137.04
160,2021-05-24,3590,,,1.41,132.72,137.05
160,2021-05-24,3590,,,1.46,132.78,137.11
160,2021-05-24,3590,,,1.55,132.68,137.01
160,2021-05-24,3590,,,1.95,132.52,136.85
160,2021-05-24,3590,,,3.59,132.42,136.75
160,2021-05-24,3590,,,4.77,132.08,136.41
160,2021-05-24,3590,,,6.6,132.13,136.46
160,2021-05-24,3590,,,9.12,132.42,136.75
160,2021-05-24,3590,,,11.8,133.23,137.56
160,2021-05-24,3590,,,14.54,134.2,138.53
160,2021-05-24,3590,,,16.7,134.96,139.29
160,2021-05-24,3590,,,18.02,135.33,139.66
160,2021-05-24,3590,,,18.93,135.43,139.76
160,2021-05-24,3590,,,19.66,135.48,139.81
160,2021-05-24,3590,,,20.45,135.44,139.77
160,2021-05-24,3590,,,21.22,135.33,139.66
160,2021-05-24,3590,,,22.03,135.2,139.53
160,2021-05-24,3590,,,22.9,134.97,139.3
160,2021-05-24,3590,,,23.79,134.7,139.03
160,2021-05-24,3590,,,24.9,134.25,138.58
160,2021-05-24,3590,,,26.07,133.65,137.98
160,2021-05-24,3590,,,27.26,133.25,137.58
160,2021-05-24,3590,,,28.22,132.79,137.12
160,2021-05-24,3590,,,29.13,132.42,136.75
160,2021-05-24,3590,,,30.27,132.07,136.4
160,2021-05-24,3590,,,31.26,131.61,135.94
160,2021-05-24,3590,,,32.57,131.23,135.56
160,2021-05-24,3590,,,33.82,130.75,135.08
160,2021-05-24,3590,,,35.17,130.29,134.62
160,2021-05-24,3590,,,35.83,129.57,133.9
160,2021-05-24,3590,,,36.07,129.45,133.78
160,2021-05-24,3590,,,37.03,129.76,134.09
160,2021-05-24,3590,,,37.23,129.21,133.54
160,2021-05-24,3590,,,37.73,129.37,133.7
160,2021-05-24,3590,,,37.83,128.98,133.31
160,2021-05-24,3590,,,38.92,129.21,133.54
160,2021-05-24,3590,,,38.95,128.89,133.22
160,2021-05-24,3590,,,40.54,128.95,133.28
160,2021-05-24,3590,,,43.11,128.86,133.19
160,2021-05-24,3590,,,44.74,129.27,133.6
160,2021-05-24,3590,,,45.3,130.34,134.67
160,2021-05-24,3590,,,45.66,130.24,134.57
160,2021-05-24,3590,,,45.86,130.56,134.89
160,2021-05-24,3590,,,46,129.83,134.16
160,2021-05-24,3590,,,46.7,130.25,134.58
160,2021-05-24,3590,,,46.7,130.42,134.75
160,2021-05-24,3590,,,47.77,130.73,135.06
160,2021-05-24,3590,,,47.77,130.84,135.17
160,2021-05-24,3590,,,48.32,130.62,134.95
160,2021-05-24,3590,,,50.15,131.35,135.68
160,2021-05-24,3590,,,51.88,131.95,136.28
160,2021-05-24,3590,,,53.24,132.19,136.52
160,2021-05-24,3590,,,54.31,132.33,136.66
160,2021-05-24,3590,,,55.54,132.61,136.94
160,2021-05-24,3590,,,57.47,132.86,137.19
160,2021-05-24,3590,,,59.26,133.08,137.41
160,2021-05-24,3590,,,60.52,133.2,137.53
160,2021-05-24,3590,,,61.68,133.35,137.68
160,2021-05-24,3590,,,63.69,133.36,137.69
160,2021-05-24,3590,,,65.8,133.39,137.72
160,2021-05-24,3590,,,67.04,133.46,137.79
160,2021-05-24,3590,,,68.32,133.54,137.87
160,2021-05-24,3590,,,70,133.58,137.91
160,2021-05-24,3590,,,71.45,133.64,137.97
160,2021-05-24,3590,,,72.86,133.75,138.08
160,2021-05-24,3590,,,74.5,133.76,138.09
160,2021-05-24,3590,,,76.16,133.8,138.13
160,2021-05-24,3590,,,77.66,133.81,138.14
160,2021-05-24,3590,,,79.17,133.86,138.19
160,2021-05-24,3590,,,80.69,133.86,138.19
160,2021-05-24,3590,,,82.98,133.92,138.25
160,2021-05-24,3590,,,84.47,134,138.33
160,2021-05-24,3590,,,86.12,133.98,138.31
160,2021-05-24,3590,,,88.01,133.98,138.31
160,2021-05-24,3590,,,89.66,134,138.33
160,2021-05-24,3590,,,91.64,133.96,138.29
160,2021-05-24,3590,,,93.14,133.99,138.32
160,2021-05-24,3590,,,94.58,133.98,138.31
160,2021-05-24,3590,,,96.15,133.95,138.28
160,2021-05-24,3590,,,97.78,133.93,138.26
160,2021-05-24,3590,,,99.26,133.88,138.21
160,2021-05-24,3590,,,100.58,133.78,138.11
160,2021-05-24,3590,,,101.22,133.76,138.09
160,2021-05-24,3590,,,102.15,133.76,138.09
160,2021-05-24,3590,,,103.77,133.74,138.07
160,2021-05-24,3590,,,106.04,133.7,138.03
160,2021-05-24,3590,,,107.7,133.69,138.02
160,2021-05-24,3590,,,109.01,133.6,137.93
160,2021-05-24,3590,,,111.65,133.57,137.9
160,2021-05-24,3590,,,113.93,133.58,137.91
160,2021-05-24,3590,,,116.52,133.55,137.88
160,2021-05-24,3590,,,119.26,133.56,137.89
160,2021-05-24,3590,,,121.65,133.53,137.86
160,2021-05-24,3590,,,124,133.52,137.85
160,2021-05-24,3590,,,126.16,133.48,137.81
160,2021-05-24,3590,,,128.23,133.36,137.69
160,2021-05-24,3590,,,130.11,133.37,137.7
160,2021-05-24,3590,,,132.61,133.34,137.67
160,2021-05-24,3590,,,134.86,133.37,137.7
160,2021-05-24,3590,,,136.19,133.36,137.69
160,2021-05-24,3590,,,137.39,133.42,137.75
160,2021-05-24,3590,,,138.95,133.39,137.72
160,2021-05-24,3590,,,141.06,133.38,137.71
160,2021-05-24,3590,,,143.7,133.51,137.84
160,2021-05-24,3590,,,146.16,133.66,137.99
160,2021-05-24,3590,,,148.4,133.77,138.1
160,2021-05-24,3590,,,150.46,133.74,138.07
160,2021-05-24,3590,,,152.07,133.77,138.1
160,2021-05-24,3590,,,153.39,133.77,138.1
160,2021-05-24,3590,,,155.11,133.79,138.12
160,2021-05-24,3590,,,156.67,133.87,138.2
160,2021-05-24,3590,,,158.5,133.97,138.3
160,2021-05-24,3590,,,160.95,134.02,138.35
160,2021-05-24,3590,,,163.3,134.21,138.54
160,2021-05-24,3590,,,165.64,134.39,138.72
160,2021-05-24,3590,,,168.08,134.61,138.94
160,2021-05-24,3590,,,170.27,134.76,139.09
160,2021-05-24,3590,,,172.12,134.93,139.26
160,2021-05-24,3590,,,173.75,135.15,139.48
160,2021-05-24,3590,,,174.99,135.33,139.66
160,2021-05-24,3590,,,176.07,135.43,139.76
160,2021-05-24,3590,,,177.01,135.63,139.96
160,2021-05-24,3590,,,177.96,135.76,140.09
160,2021-05-24,3590,,,178.71,135.95,140.28
160,2021-05-24,3590,,,179.31,136.11,140.44
160,2021-05-24,3590,,,179.94,136.27,140.6
160,2021-05-24,3590,,,180.38,136.34,140.67
160,2021-05-24,3590,,,180.68,136.44,140.77
160,2021-05-24,3590,,,181.05,136.56,140.89
160,2021-05-24,3590,,,181.44,136.69,141.02
160,2021-05-24,3590,,,181.74,136.78,141.11
160,2021-05-24,3590,,,181.93,136.85,141.18
160,2021-05-24,3590,,,182.03,136.91,141.24
160,2021-05-24,3590,,,207.03,139.9,144.23
161,2021-06-03,6770,,,-20,140.96,145.29
161,2021-06-03,6770,,,0,132.04,136.37
161,2021-06-03,6770,,,0.05,131.9,136.23
161,2021-06-03,6770,,,0.24,131.79,136.12
161,2021-06-03,6770,,,0.44,132.04,136.37
161,2021-06-03,6770,,,0.45,131.97,136.3
161,2021-06-03,6770,,,0.77,131.95,136.28
161,2021-06-03,6770,,,1.32,132.11,136.44
161,2021-06-03,6770,,,1.86,132.12,136.45
161,2021-06-03,6770,,,2.03,131.92,136.25
161,2021-06-03,6770,,,2.65,132.06,136.39
161,2021-06-03,6770,,,2.8,132.13,136.46
161,2021-06-03,6770,,,3.83,132,136.33
161,2021-06-03,6770,,,3.88,132.12,136.45
161,2021-06-03,6770,,,3.95,131.95,136.28
161,2021-06-03,6770,,,4.45,131.91,136.24
161,2021-06-03,6770,,,4.92,132.21,136.54
161,2021-06-03,6770,,,5.27,132.27,136.6
161,2021-06-03,6770,,,5.37,132.14,136.47
161,2021-06-03,6770,,,5.42,132.13,136.46
161,2021-06-03,6770,,,5.57,132.08,136.41
161,2021-06-03,6770,,,5.67,132.2,136.53
161,2021-06-03,6770,,,5.86,132.26,136.59
161,2021-06-03,6770,,,5.92,132.12,136.45
161,2021-06-03,6770,,,6.35,132.18,136.51
161,2021-06-03,6770,,,6.39,132.31,136.64
161,2021-06-03,6770,,,6.53,132.11,136.44
161,2021-06-03,6770,,,6.66,132.13,136.46
161,2021-06-03,6770,,,6.69,132.39,136.72
161,2021-06-03,6770,,,7.27,132.18,136.51
161,2021-06-03,6770,,,7.55,132.16,136.49
161,2021-06-03,6770,,,7.69,131.97,136.3
161,2021-06-03,6770,,,8.09,132.26,136.59
161,2021-06-03,6770,,,8.21,132.15,136.48
161,2021-06-03,6770,,,9.1,132.21,136.54
161,2021-06-03,6770,,,9.19,132.22,136.55
161,2021-06-03,6770,,,9.46,132.42,136.75
161,2021-06-03,6770,,,10.08,132,136.33
161,2021-06-03,6770,,,12,131.77,136.1
161,2021-06-03,6770,,,13.6,131.54,135.87
161,2021-06-03,6770,,,13.63,131.4,135.73
161,2021-06-03,6770,,,14.11,131.43,135.76
161,2021-06-03,6770,,,14.19,131.42,135.75
161,2021-06-03,6770,,,14.67,131.31,135.64
161,2021-06-03,6770,,,15.03,131.38,135.71
161,2021-06-03,6770,,,15.67,131.38,135.71
161,2021-06-03,6770,,,17.06,131.09,135.42
161,2021-06-03,6770,,,18.58,131,135.33
161,2021-06-03,6770,,,19.86,130.93,135.26
161,2021-06-03,6770,,,21.67,130.92,135.25
161,2021-06-03,6770,,,22.16,130.99,135.32
161,2021-06-03,6770,,,22.66,130.89,135.22
161,2021-06-03,6770,,,23.9,130.88,135.21
161,2021-06-03,6770,,,25.97,130.9,135.23
161,2021-06-03,6770,,,28.54,130.98,135.31
161,2021-06-03,6770,,,30.73,131.14,135.47
161,2021-06-03,6770,,,33.01,131.35,135.68
161,2021-06-03,6770,,,35.22,132.04,136.37
161,2021-06-03,6770,,,37.59,132.05,136.38
161,2021-06-03,6770,,,38.62,131.94,136.27
161,2021-06-03,6770,,,39.81,132.11,136.44
161,2021-06-03,6770,,,41.72,132.36,136.69
161,2021-06-03,6770,,,43.68,132.59,136.92
161,2021-06-03,6770,,,44.82,132.7,137.03
161,2021-06-03,6770,,,46.13,132.67,137
161,2021-06-03,6770,,,47.86,132.92,137.25
161,2021-06-03,6770,,,49.05,133.01,137.34
161,2021-06-03,6770,,,50.36,132.93,137.26
161,2021-06-03,6770,,,51.38,133.15,137.48
161,2021-06-03,6770,,,53.81,133.43,137.76
161,2021-06-03,6770,,,55.93,133.45,137.78
161,2021-06-03,6770,,,57.57,133.42,137.75
161,2021-06-03,6770,,,58.24,133.6,137.93
161,2021-06-03,6770,,,58.3,133.44,137.77
161,2021-06-03,6770,,,58.42,133.47,137.8
161,2021-06-03,6770,,,58.97,133.67,138
161,2021-06-03,6770,,,60.3,133.64,137.97
161,2021-06-03,6770,,,61.79,133.68,138.01
161,2021-06-03,6770,,,62.84,133.78,138.11
161,2021-06-03,6770,,,63.23,133.72,138.05
161,2021-06-03,6770,,,63.4,133.66,137.99
161,2021-06-03,6770,,,63.58,133.72,138.05
161,2021-06-03,6770,,,64.7,133.68,138.01
161,2021-06-03,6770,,,65.69,133.72,138.05
161,2021-06-03,6770,,,66.57,133.8,138.13
161,2021-06-03,6770,,,67.47,133.8,138.13
161,2021-06-03,6770,,,68.36,133.89,138.22
161,2021-06-03,6770,,,69.26,133.77,138.1
161,2021-06-03,6770,,,70.08,133.81,138.14
161,2021-06-03,6770,,,70.74,133.85,138.18
161,2021-06-03,6770,,,71.81,133.85,138.18
161,2021-06-03,6770,,,73.97,133.76,138.09
161,2021-06-03,6770,,,76.27,133.79,138.12
161,2021-06-03,6770,,,77.23,133.81,138.14
161,2021-06-03,6770,,,78.04,133.87,138.2
161,2021-06-03,6770,,,79.53,133.86,138.19
161,2021-06-03,6770,,,81.44,133.79,138.12
161,2021-06-03,6770,,,83.67,133.77,138.1
161,2021-06-03,6770,,,84.89,133.77,138.1
161,2021-06-03,6770,,,85.65,133.92,138.25
161,2021-06-03,6770,,,86.85,133.97,138.3
161,2021-06-03,6770,,,86.95,133.92,138.25
161,2021-06-03,6770,,,87.03,133.89,138.22
161,2021-06-03,6770,,,87.66,133.9,138.23
161,2021-06-03,6770,,,88.71,133.95,138.28
161,2021-06-03,6770,,,90.22,133.91,138.24
161,2021-06-03,6770,,,91.73,134.09,138.42
161,2021-06-03,6770,,,91.78,134.01,138.34
161,2021-06-03,6770,,,91.97,134.08,138.41
161,2021-06-03,6770,,,92.42,134.06,138.39
161,2021-06-03,6770,,,93.76,134.11,138.44
161,2021-06-03,6770,,,95.99,134.18,138.51
161,2021-06-03,6770,,,96.62,134.23,138.56
161,2021-06-03,6770,,,96.71,134.14,138.47
161,2021-06-03,6770,,,97.06,134.18,138.51
161,2021-06-03,6770,,,97.19,134.23,138.56
161,2021-06-03,6770,,,98.71,134.15,138.48
161,2021-06-03,6770,,,100.72,134.3,138.63
161,2021-06-03,6770,,,102.36,134.2,138.53
161,2021-06-03,6770,,,103.97,134.41,138.74
161,2021-06-03,6770,,,105.03,134.41,138.74
161,2021-06-03,6770,,,106.2,134.53,138.86
161,2021-06-03,6770,,,107.43,134.46,138.79
161,2021-06-03,6770,,,108.49,134.45,138.78
161,2021-06-03,6770,,,110.12,134.31,138.64
161,2021-06-03,6770,,,112.43,134.43,138.76
161,2021-06-03,6770,,,113,134.35,138.68
161,2021-06-03,6770,,,113.07,134.3,138.63
161,2021-06-03,6770,,,113.08,134.4,138.73
161,2021-06-03,6770,,,113.54,134.42,138.75
161,2021-06-03,6770,,,115.61,134.45,138.78
161,2021-06-03,6770,,,117.48,134.47,138.8
161,2021-06-03,6770,,,119.26,134.47,138.8
161,2021-06-03,6770,,,121.1,134.54,138.87
161,2021-06-03,6770,,,122.41,134.53,138.86
161,2021-06-03,6770,,,123.62,134.68,139.01
161,2021-06-03,6770,,,124.16,134.61,138.94
161,2021-06-03,6770,,,124.78,134.72,139.05
161,2021-06-03,6770,,,125.43,134.78,139.11
161,2021-06-03,6770,,,126.61,134.82,139.15
161,2021-06-03,6770,,,127.62,134.83,139.16
161,2021-06-03,6770,,,128.6,134.87,139.2
161,2021-06-03,6770,,,129.42,134.95,139.28
161,2021-06-03,6770,,,130.03,134.95,139.28
161,2021-06-03,6770,,,130.72,134.86,139.19
161,2021-06-03,6770,,,131.75,134.93,139.26
161,2021-06-03,6770,,,132.87,135.02,139.35
161,2021-06-03,6770,,,133.98,135.09,139.42
161,2021-06-03,6770,,,136.01,135.11,139.44
161,2021-06-03,6770,,,137.7,135.31,139.64
161,2021-06-03,6770,,,139.77,135.49,139.82
161,2021-06-03,6770,,,141.15,135.63,139.96
161,2021-06-03,6770,,,141.94,135.7,140.03
161,2021-06-03,6770,,,142.63,135.7,140.03
161,2021-06-03,6770,,,143.39,135.98,140.31
161,2021-06-03,6770,,,144.33,135.78,140.11
161,2021-06-03,6770,,,145.5,136.1,140.43
161,2021-06-03,6770,,,146.16,136.25,140.58
161,2021-06-03,6770,,,146.76,136.27,140.6
161,2021-06-03,6770,,,147.34,136.29,140.62
161,2021-06-03,6770,,,148.01,136.37,140.7
161,2021-06-03,6770,,,148.49,136.54,140.87
161,2021-06-03,6770,,,149.06,136.6,140.93
161,2021-06-03,6770,,,149.59,136.74,141.07
161,2021-06-03,6770,,,150.39,136.87,141.2
161,2021-06-03,6770,,,151.34,136.89,141.22
161,2021-06-03,6770,,,152.28,137.08,141.41
161,2021-06-03,6770,,,152.96,137.22,141.55
161,2021-06-03,6770,,,153.65,137.34,141.67
161,2021-06-03,6770,,,154.67,137.38,141.71
161,2021-06-03,6770,,,155.6,137.5,141.83
161,2021-06-03,6770,,,156.38,137.5,141.83
161,2021-06-03,6770,,,156.99,137.61,141.94
161,2021-06-03,6770,,,157.92,137.67,142
161,2021-06-03,6770,,,159.37,137.87,142.2
161,2021-06-03,6770,,,160.9,138.05,142.38
161,2021-06-03,6770,,,161.97,138.15,142.48
161,2021-06-03,6770,,,162.78,138.27,142.6
161,2021-06-03,6770,,,163.54,138.31,142.64
161,2021-06-03,6770,,,164.23,138.28,142.61
161,2021-06-03,6770,,,165.14,138.33,142.66
161,2021-06-03,6770,,,165.9,138.36,142.69
161,2021-06-03,6770,,,166.65,138.32,142.65
161,2021-06-03,6770,,,167.52,138.3,142.63
161,2021-06-03,6770,,,168.77,138.33,142.66
161,2021-06-03,6770,,,170.08,138.35,142.68
161,2021-06-03,6770,,,171.19,138.36,142.69
161,2021-06-03,6770,,,171.81,138.38,142.71
161,2021-06-03,6770,,,172.46,138.35,142.68
161,2021-06-03,6770,,,172.94,138.5,142.83
161,2021-06-03,6770,,,173.67,138.46,142.79
161,2021-06-03,6770,,,174.17,138.42,142.75
161,2021-06-03,6770,,,174.62,138.45,142.78
161,2021-06-03,6770,,,175.06,138.44,142.77
161,2021-06-03,6770,,,175.59,138.49,142.82
161,2021-06-03,6770,,,176.1,138.45,142.78
161,2021-06-03,6770,,,176.57,138.5,142.83
161,2021-06-03,6770,,,177.05,138.5,142.83
161,2021-06-03,6770,,,177.47,138.54,142.87
161,2021-06-03,6770,,,177.98,138.49,142.82
161,2021-06-03,6770,,,178.28,138.5,142.83
161,2021-06-03,6770,,,178.52,138.5,142.83
161,2021-06-03,6770,,,178.72,138.45,142.78
161,2021-06-03,6770,,,178.83,138.5,142.83
161,2021-06-03,6770,,,179.06,138.46,142.79
161,2021-06-03,6770,,,179.2,138.56,142.89
161,2021-06-03,6770,,,179.39,138.51,142.84
161,2021-06-03,6770,,,179.53,138.5,142.83
161,2021-06-03,6770,,,179.76,138.53,142.86
161,2021-06-03,6770,,,179.92,138.51,142.84
161,2021-06-03,6770,,,180.22,138.57,142.9
161,2021-06-03,6770,,,180.53,138.56,142.89
161,2021-06-03,6770,,,180.64,138.54,142.87
161,2021-06-03,6770,,,180.79,138.52,142.85
161,2021-06-03,6770,,,180.87,138.55,142.88
161,2021-06-03,6770,,,180.91,138.56,142.89
161,2021-06-03,6770,,,180.94,138.56,142.89
161,2021-06-03,6770,,,180.95,138.57,142.9
161,2021-06-03,6770,,,180.96,138.58,142.91
161,2021-06-03,6770,,,181.01,138.55,142.88
161,2021-06-03,6770,,,181.05,138.59,142.92
161,2021-06-03,6770,,,181.11,138.55,142.88
161,2021-06-03,6770,,,181.12,138.5,142.83
161,2021-06-03,6770,,,181.13,138.54,142.87
161,2021-06-03,6770,,,201.13,140.96,145.29
162,2021-07-30,1560,,,-4,138.78,143.11
162,2021-07-30,1560,,,0,131.9,136.23
162,2021-07-30,1560,,,0.01,131.75,136.08
162,2021-07-30,1560,,,0.08,131.76,136.09
162,2021-07-30,1560,,,0.15,131.86,136.19
162,2021-07-30,1560,,,0.21,131.88,136.21
162,2021-07-30,1560,,,0.23,131.9,136.23
162,2021-07-30,1560,,,0.26,131.95,136.28
162,2021-07-30,1560,,,0.26,131.65,135.98
162,2021-07-30,1560,,,0.32,131.79,136.12
162,2021-07-30,1560,,,0.34,132.09,136.42
162,2021-07-30,1560,,,0.41,131.65,135.98
162,2021-07-30,1560,,,0.42,132.16,136.49
162,2021-07-30,1560,,,0.59,132.15,136.48
162,2021-07-30,1560,,,0.64,132.16,136.49
162,2021-07-30,1560,,,0.65,131.66,135.99
162,2021-07-30,1560,,,0.72,132.17,136.5
162,2021-07-30,1560,,,1.26,131.53,135.86
162,2021-07-30,1560,,,2.01,131.86,136.19
162,2021-07-30,1560,,,2.87,131.64,135.97
162,2021-07-30,1560,,,3.9,131.49,135.82
162,2021-07-30,1560,,,5.08,131.42,135.75
162,2021-07-30,1560,,,6.36,131.61,135.94
162,2021-07-30,1560,,,7.92,131.97,136.3
162,2021-07-30,1560,,,9.7,132.47,136.8
162,2021-07-30,1560,,,11.57,133.01,137.34
162,2021-07-30,1560,,,13.22,133.45,137.78
162,2021-07-30,1560,,,14.75,133.81,138.14
162,2021-07-30,1560,,,16.03,134.08,138.41
162,2021-07-30,1560,,,17.03,134.24,138.57
162,2021-07-30,1560,,,17.73,134.32,138.65
162,2021-07-30,1560,,,18.47,134.38,138.71
162,2021-07-30,1560,,,19.27,134.41,138.74
162,2021-07-30,1560,,,20.04,134.5,138.83
162,2021-07-30,1560,,,20.86,134.65,138.98
162,2021-07-30,1560,,,21.6,134.72,139.05
162,2021-07-30,1560,,,22.19,134.84,139.17
162,2021-07-30,1560,,,22.64,134.89,139.22
162,2021-07-30,1560,,,22.94,134.92,139.25
162,2021-07-30,1560,,,23.19,134.88,139.21
162,2021-07-30,1560,,,23.46,134.83,139.16
162,2021-07-30,1560,,,23.71,134.77,139.1
162,2021-07-30,1560,,,23.98,134.75,139.08
162,2021-07-30,1560,,,24.17,134.66,138.99
162,2021-07-30,1560,,,24.4,134.58,138.91
162,2021-07-30,1560,,,24.68,134.52,138.85
162,2021-07-30,1560,,,24.97,134.35,138.68
162,2021-07-30,1560,,,25.26,134.24,138.57
162,2021-07-30,1560,,,25.48,134.12,138.45
162,2021-07-30,1560,,,25.67,134,138.33
162,2021-07-30,1560,,,25.84,133.81,138.14
162,2021-07-30,1560,,,26.07,133.66,137.99
162,2021-07-30,1560,,,26.25,133.52,137.85
162,2021-07-30,1560,,,26.48,133.34,137.67
162,2021-07-30,1560,,,26.85,133.16,137.49
162,2021-07-30,1560,,,27.32,132.93,137.26
162,2021-07-30,1560,,,27.95,132.69,137.02
162,2021-07-30,1560,,,28.69,132.46,136.79
162,2021-07-30,1560,,,29.67,132.09,136.42
162,2021-07-30,1560,,,30.77,131.76,136.09
162,2021-07-30,1560,,,31.98,131.36,135.69
162,2021-07-30,1560,,,33.26,130.91,135.24
162,2021-07-30,1560,,,34.52,130.46,134.79
162,2021-07-30,1560,,,35.68,130.07,134.4
162,2021-07-30,1560,,,36.82,129.82,134.15
162,2021-07-30,1560,,,37.97,129.72,134.05
162,2021-07-30,1560,,,38.12,130.57,134.9
162,2021-07-30,1560,,,38.25,130.55,134.88
162,2021-07-30,1560,,,38.49,130.52,134.85
162,2021-07-30,1560,,,38.52,130.56,134.89
162,2021-07-30,1560,,,38.75,130.47,134.8
162,2021-07-30,1560,,,38.92,129.72,134.05
162,2021-07-30,1560,,,39.17,130.55,134.88
162,2021-07-30,1560,,,39.28,130.42,134.75
162,2021-07-30,1560,,,39.71,129.84,134.17
162,2021-07-30,1560,,,39.85,130.51,134.84
162,2021-07-30,1560,,,40.06,130.37,134.7
162,2021-07-30,1560,,,40.2,129.97,134.3
162,2021-07-30,1560,,,40.51,130,134.33
162,2021-07-30,1560,,,40.58,130.46,134.79
162,2021-07-30,1560,,,40.63,130.03,134.36
162,2021-07-30,1560,,,40.81,130.34,134.67
162,2021-07-30,1560,,,40.81,130.14,134.47
162,2021-07-30,1560,,,41,130.41,134.74
162,2021-07-30,1560,,,41.03,130.27,134.6
162,2021-07-30,1560,,,41.5,130.42,134.75
162,2021-07-30,1560,,,42.57,130.55,134.88
162,2021-07-30,1560,,,44.04,130.75,135.08
162,2021-07-30,1560,,,45.53,131.19,135.52
162,2021-07-30,1560,,,47.53,131.61,135.94
162,2021-07-30,1560,,,49.8,131.94,136.27
162,2021-07-30,1560,,,51.82,132.24,136.57
162,2021-07-30,1560,,,53.09,132.54,136.87
162,2021-07-30,1560,,,53.17,132.62,136.95
162,2021-07-30,1560,,,53.19,132.59,136.92
162,2021-07-30,1560,,,53.43,132.56,136.89
162,2021-07-30,1560,,,53.58,132.51,136.84
162,2021-07-30,1560,,,53.64,132.59,136.92
162,2021-07-30,1560,,,53.74,132.68,137.01
162,2021-07-30,1560,,,53.85,132.58,136.91
162,2021-07-30,1560,,,54.04,132.58,136.91
162,2021-07-30,1560,,,54.47,132.7,137.03
162,2021-07-30,1560,,,54.48,132.58,136.91
162,2021-07-30,1560,,,54.84,132.68,137.01
162,2021-07-30,1560,,,54.85,132.78,137.11
162,2021-07-30,1560,,,55.06,132.74,137.07
162,2021-07-30,1560,,,55.2,132.65,136.98
162,2021-07-30,1560,,,55.24,132.75,137.08
162,2021-07-30,1560,,,55.93,132.77,137.1
162,2021-07-30,1560,,,56.77,132.79,137.12
162,2021-07-30,1560,,,57.76,132.83,137.16
162,2021-07-30,1560,,,58.84,132.9,137.23
162,2021-07-30,1560,,,59.87,133,137.33
162,2021-07-30,1560,,,60.96,133.11,137.44
162,2021-07-30,1560,,,62.04,133.3,137.63
162,2021-07-30,1560,,,62.87,133.43,137.76
162,2021-07-30,1560,,,63.63,133.51,137.84
162,2021-07-30,1560,,,64.55,133.55,137.88
162,2021-07-30,1560,,,65.24,133.65,137.98
162,2021-07-30,1560,,,65.82,133.67,138
162,2021-07-30,1560,,,66.33,133.73,138.06
162,2021-07-30,1560,,,66.96,133.73,138.06
162,2021-07-30,1560,,,67.84,133.77,138.1
162,2021-07-30,1560,,,68.73,133.8,138.13
162,2021-07-30,1560,,,69.69,133.83,138.16
162,2021-07-30,1560,,,70.7,133.88,138.21
162,2021-07-30,1560,,,71.75,133.91,138.24
162,2021-07-30,1560,,,72.77,133.94,138.27
162,2021-07-30,1560,,,73.69,133.97,138.3
162,2021-07-30,1560,,,74.54,134,138.33
162,2021-07-30,1560,,,75.24,134.05,138.38
162,2021-07-30,1560,,,75.89,134.09,138.42
162,2021-07-30,1560,,,76.64,134.14,138.47
162,2021-07-30,1560,,,77.37,134.16,138.49
162,2021-07-30,1560,,,78.2,134.17,138.5
162,2021-07-30,1560,,,79.07,134.19,138.52
162,2021-07-30,1560,,,79.94,134.22,138.55
162,2021-07-30,1560,,,80.81,134.27,138.6
162,2021-07-30,1560,,,81.65,134.29,138.62
162,2021-07-30,1560,,,82.47,134.3,138.63
162,2021-07-30,1560,,,83.21,134.35,138.68
162,2021-07-30,1560,,,83.97,134.37,138.7
162,2021-07-30,1560,,,84.83,134.36,138.69
162,2021-07-30,1560,,,85.71,134.37,138.7
162,2021-07-30,1560,,,86.53,134.37,138.7
162,2021-07-30,1560,,,87.28,134.4,138.73
162,2021-07-30,1560,,,87.95,134.37,138.7
162,2021-07-30,1560,,,88.74,134.4,138.73
162,2021-07-30,1560,,,89.6,134.39,138.72
162,2021-07-30,1560,,,90.61,134.38,138.71
162,2021-07-30,1560,,,91.55,134.35,138.68
162,2021-07-30,1560,,,92.49,134.34,138.67
162,2021-07-30,1560,,,93.46,134.31,138.64
162,2021-07-30,1560,,,94.49,134.25,138.58
162,2021-07-30,1560,,,95.56,134.2,138.53
162,2021-07-30,1560,,,96.65,134.15,138.48
162,2021-07-30,1560,,,97.67,134.13,138.46
162,2021-07-30,1560,,,98.67,134.1,138.43
162,2021-07-30,1560,,,99.66,134.06,138.39
162,2021-07-30,1560,,,100.74,134,138.33
162,2021-07-30,1560,,,101.8,133.98,138.31
162,2021-07-30,1560,,,102.65,133.95,138.28
162,2021-07-30,1560,,,103.54,133.95,138.28
162,2021-07-30,1560,,,104.59,133.98,138.31
162,2021-07-30,1560,,,105.89,133.96,138.29
162,2021-07-30,1560,,,107.43,133.97,138.3
162,2021-07-30,1560,,,109.03,133.93,138.26
162,2021-07-30,1560,,,110.64,133.91,138.24
162,2021-07-30,1560,,,112.12,133.9,138.23
162,2021-07-30,1560,,,113.45,133.85,138.18
162,2021-07-30,1560,,,114.74,133.82,138.15
162,2021-07-30,1560,,,115.86,133.76,138.09
162,2021-07-30,1560,,,116.95,133.74,138.07
162,2021-07-30,1560,,,118.19,133.71,138.04
162,2021-07-30,1560,,,119.47,133.72,138.05
162,2021-07-30,1560,,,120.71,133.71,138.04
162,2021-07-30,1560,,,122.01,133.69,138.02
162,2021-07-30,1560,,,123.12,133.7,138.03
162,2021-07-30,1560,,,124.08,133.69,138.02
162,2021-07-30,1560,,,125.11,133.69,138.02
162,2021-07-30,1560,,,126.36,133.69,138.02
162,2021-07-30,1560,,,127.82,133.71,138.04
162,2021-07-30,1560,,,129.13,133.72,138.05
162,2021-07-30,1560,,,130.58,133.71,138.04
162,2021-07-30,1560,,,132.11,133.69,138.02
162,2021-07-30,1560,,,133.74,133.69,138.02
162,2021-07-30,1560,,,135.27,133.65,137.98
162,2021-07-30,1560,,,136.76,133.65,137.98
162,2021-07-30,1560,,,138.17,133.62,137.95
162,2021-07-30,1560,,,139.63,133.59,137.92
162,2021-07-30,1560,,,141.22,133.59,137.92
162,2021-07-30,1560,,,143.04,133.62,137.95
162,2021-07-30,1560,,,144.97,133.63,137.96
162,2021-07-30,1560,,,147,133.62,137.95
162,2021-07-30,1560,,,149.04,133.5,137.83
162,2021-07-30,1560,,,151.23,133.52,137.85
162,2021-07-30,1560,,,153.42,133.55,137.88
162,2021-07-30,1560,,,155.45,133.71,138.04
162,2021-07-30,1560,,,157.49,133.85,138.18
162,2021-07-30,1560,,,159.8,134.03,138.36
162,2021-07-30,1560,,,162.27,134.19,138.52
162,2021-07-30,1560,,,165.04,134.19,138.52
162,2021-07-30,1560,,,168.03,134.16,138.49
162,2021-07-30,1560,,,171.13,134.28,138.61
162,2021-07-30,1560,,,173.76,134.49,138.82
162,2021-07-30,1560,,,176.31,134.62,138.95
162,2021-07-30,1560,,,178.92,134.74,139.07
162,2021-07-30,1560,,,181.21,134.86,139.19
162,2021-07-30,1560,,,183.14,134.95,139.28
162,2021-07-30,1560,,,184.67,135.06,139.39
162,2021-07-30,1560,,,185.82,135.08,139.41
162,2021-07-30,1560,,,186.3,135.15,139.48
162,2021-07-30,1560,,,186.68,135.11,139.44
162,2021-07-30,1560,,,186.91,135.17,139.5
162,2021-07-30,1560,,,187.24,135.19,139.52
162,2021-07-30,1560,,,187.26,135.2,139.53
162,2021-07-30,1560,,,207.25,138.78,143.11
164,2021-10-28,13500,1288754.766,675376.962,-10,142.86,147.19
164,2021-10-28,13500,1288745.968,675372.1749,0,132.95,137.28
164,2021-10-28,13500,1288745.845,675372.1078,0.14,132.51,136.84
164,2021-10-28,13500,1288745.836,675372.1031,0.15,132.59,136.92
164,2021-10-28,13500,1288745.757,675372.06,0.24,133.06,137.39
164,2021-10-28,13500,1288745.695,675372.0265,0.31,132.63,136.96
164,2021-10-28,13500,1288745.677,675372.0169,0.33,133.1,137.43
164,2021-10-28,13500,1288745.651,675372.0025,0.36,133.38,137.71
164,2021-10-28,13500,1288745.554,675371.9499,0.47,132.7,137.03
164,2021-10-28,13500,1288745.545,675371.9451,0.48,132.59,136.92
164,2021-10-28,13500,1288745.528,675371.9355,0.5,132.58,136.91
164,2021-10-28,13500,1288745.51,675371.9259,0.52,132.28,136.61
164,2021-10-28,13500,1288745.378,675371.8541,0.67,133.05,137.38
164,2021-10-28,13500,1288745.29,675371.8063,0.77,132.31,136.64
164,2021-10-28,13500,1288745.264,675371.7919,0.8,132.25,136.58
164,2021-10-28,13500,1288745.106,675371.7057,0.98,132.68,137.01
164,2021-10-28,13500,1288744.569,675371.4137,1.59,132.25,136.58
164,2021-10-28,13500,1288744.349,675371.294,1.84,132.24,136.57
164,2021-10-28,13500,1288744.067,675371.1408,2.16,132.1,136.43
164,2021-10-28,13500,1288743.434,675370.7962,2.88,131.84,136.17
164,2021-10-28,13500,1288743.276,675370.71,3.06,132.34,136.67
164,2021-10-28,13500,1288742.818,675370.4611,3.58,132.18,136.51
164,2021-10-28,13500,1288742.809,675370.4563,3.59,132.13,136.46
164,2021-10-28,13500,1288742.572,675370.327,3.86,131.78,136.11
164,2021-10-28,13500,1288742.501,675370.2887,3.94,132.16,136.49
164,2021-10-28,13500,1288742.114,675370.0781,4.38,132.07,136.4
164,2021-10-28,13500,1288740.865,675369.3983,5.8,131.69,136.02
164,2021-10-28,13500,1288740.355,675369.1206,6.38,131.67,136
164,2021-10-28,13500,1288740.161,675369.0153,6.6,131.78,136.11
164,2021-10-28,13500,1288739.334,675368.5653,7.54,131.62,135.95
164,2021-10-28,13500,1288738.445,675368.0818,8.55,131.65,135.98
164,2021-10-28,13500,1288737.856,675367.7611,9.22,131.63,135.96
164,2021-10-28,13500,1288736.959,675367.2728,10.24,131.59,135.92
164,2021-10-28,13500,1288736.193,675366.8563,11.11,131.74,136.07
164,2021-10-28,13500,1288735.445,675366.4494,11.96,131.71,136.04
164,2021-10-28,13500,1288734.055,675365.693,13.54,131.57,135.9
164,2021-10-28,13500,1288732.436,675364.8122,15.38,131.7,136.03
164,2021-10-28,13500,1288730.879,675363.9649,17.15,131.89,136.22
164,2021-10-28,13500,1288730.034,675363.5053,18.11,132.63,136.96
164,2021-10-28,13500,1288729.207,675363.0553,19.05,131.66,135.99
164,2021-10-28,13500,1288728.398,675362.6149,19.97,131.54,135.87
164,2021-10-28,13500,1288727.58,675362.1697,20.9,131.78,136.11
164,2021-10-28,13500,1288726.014,675361.3176,22.68,131.4,135.73
164,2021-10-28,13500,1288724.483,675360.4846,24.42,131.39,135.72
164,2021-10-28,13500,1288722.75,675359.5415,26.39,131.21,135.54
164,2021-10-28,13500,1288722.697,675359.5128,26.45,131.62,135.95
164,2021-10-28,13500,1288722.468,675359.3883,26.71,131.56,135.89
164,2021-10-28,13500,1288722.23,675359.2591,26.98,131.29,135.62
164,2021-10-28,13500,1288721.544,675358.8857,27.76,131.26,135.59
164,2021-10-28,13500,1288720.955,675358.5649,28.43,131.26,135.59
164,2021-10-28,13500,1288720.788,675358.474,28.62,131.11,135.44
164,2021-10-28,13500,1288720.506,675358.3208,28.94,131.04,135.37
164,2021-10-28,13500,1288720.286,675358.2011,29.19,130.83,135.16
164,2021-10-28,13500,1288719.758,675357.9139,29.79,131.09,135.42
164,2021-10-28,13500,1288718.113,675357.0187,31.66,130.93,135.26
164,2021-10-28,13500,1288716.811,675356.3102,33.14,131.07,135.4
164,2021-10-28,13500,1288716.661,675356.2288,33.31,130.94,135.27
164,2021-10-28,13500,1288716.565,675356.1761,33.42,130.88,135.21
164,2021-10-28,13500,1288716.424,675356.0995,33.58,130.99,135.32
164,2021-10-28,13500,1288715.254,675355.4628,34.91,130.63,134.96
164,2021-10-28,13500,1288714.585,675355.099,35.67,131.1,135.43
164,2021-10-28,13500,1288713.749,675354.6442,36.62,131.28,135.61
164,2021-10-28,13500,1288713.432,675354.4719,36.98,131.06,135.39
164,2021-10-28,13500,1288712.033,675353.7107,38.57,131.43,135.76
164,2021-10-28,13500,1288710.573,675352.9161,40.23,131.79,136.12
164,2021-10-28,13500,1288710.265,675352.7485,40.58,131.55,135.88
164,2021-10-28,13500,1288710.247,675352.7389,40.6,132.15,136.48
164,2021-10-28,13500,1288710.089,675352.6528,40.78,131.65,135.98
164,2021-10-28,13500,1288709.887,675352.5427,41.01,131.91,136.24
164,2021-10-28,13500,1288709.869,675352.5331,41.03,131.97,136.3
164,2021-10-28,13500,1288709.209,675352.1741,41.78,131.82,136.15
164,2021-10-28,13500,1288707.951,675351.4895,43.21,131.82,136.15
164,2021-10-28,13500,1288707.159,675351.0586,44.11,132.19,136.52
164,2021-10-28,13500,1288706.552,675350.7283,44.8,132.21,136.54
164,2021-10-28,13500,1288704.538,675349.6321,47.09,132.43,136.76
164,2021-10-28,13500,1288703.816,675349.2395,47.91,132.64,136.97
164,2021-10-28,13500,1288702.804,675348.689,49.06,132.03,136.36
164,2021-10-28,13500,1288702.373,675348.4544,49.55,131.59,135.92
164,2021-10-28,13500,1288700.983,675347.698,51.13,132.35,136.68
164,2021-10-28,13500,1288700.191,675347.2672,52.03,131.96,136.29
164,2021-10-28,13500,1288699.672,675346.9848,52.62,132.35,136.68
164,2021-10-28,13500,1288699.663,675346.98,52.63,132.58,136.91
164,2021-10-28,13500,1288698.449,675346.3193,54.01,132.81,137.14
164,2021-10-28,13500,1288698.15,675346.1566,54.35,132.42,136.75
164,2021-10-28,13500,1288697.693,675345.9076,54.87,132.67,137
164,2021-10-28,13500,1288697.297,675345.6922,55.32,133.25,137.58
164,2021-10-28,13500,1288696.302,675345.1513,56.45,132.68,137.01
164,2021-10-28,13500,1288694.93,675344.4045,58.01,132.83,137.16
164,2021-10-28,13500,1288694.613,675344.2321,58.37,133.57,137.9
164,2021-10-28,13500,1288694.464,675344.1507,58.54,133.28,137.61
164,2021-10-28,13500,1288693.707,675343.7391,59.4,133.69,138.02
164,2021-10-28,13500,1288692.748,675343.2172,60.49,133.68,138.01
164,2021-10-28,13500,1288691.736,675342.6667,61.64,133.73,138.06
164,2021-10-28,13500,1288691.094,675342.3173,62.37,133.6,137.93
164,2021-10-28,13500,1288690.249,675341.8577,63.33,133.86,138.19
164,2021-10-28,13500,1288689.22,675341.2976,64.5,133.93,138.26
164,2021-10-28,13500,1288689.062,675341.2114,64.68,134.16,138.49
164,2021-10-28,13500,1288688.314,675340.8045,65.53,134.11,138.44
164,2021-10-28,13500,1288687.46,675340.3402,66.5,134.21,138.54
164,2021-10-28,13500,1288686.809,675339.9859,67.24,134.09,138.42
164,2021-10-28,13500,1288685.578,675339.3157,68.64,133.89,138.22
164,2021-10-28,13500,1288683.994,675338.454,70.44,133.88,138.21
164,2021-10-28,13500,1288682.841,675337.8269,71.75,133.91,138.24
164,2021-10-28,13500,1288681.645,675337.1758,73.11,134.24,138.57
164,2021-10-28,13500,1288681.17,675336.9173,73.65,134.36,138.69
164,2021-10-28,13500,1288679.991,675336.2758,74.99,134.6,138.93
164,2021-10-28,13500,1288678.161,675335.2801,77.07,134.69,139.02
164,2021-10-28,13500,1288676.049,675334.1312,79.47,134.54,138.87
164,2021-10-28,13500,1288674.668,675333.3796,81.04,134.55,138.88
164,2021-10-28,13500,1288674.518,675333.2982,81.21,134.66,138.99
164,2021-10-28,13500,1288674.298,675333.1785,81.46,134.54,138.87
164,2021-10-28,13500,1288674.166,675333.1067,81.61,134.53,138.86
164,2021-10-28,13500,1288672.706,675332.3121,83.27,134.62,138.95
164,2021-10-28,13500,1288670.084,675330.8855,86.25,134.69,139.02
164,2021-10-28,13500,1288668.245,675329.885,88.34,134.73,139.06
164,2021-10-28,13500,1288667.066,675329.2435,89.68,134.56,138.89
164,2021-10-28,13500,1288666.82,675329.1094,89.96,134.53,138.86
164,2021-10-28,13500,1288666.75,675329.0711,90.04,134.51,138.84
164,2021-10-28,13500,1288666.609,675328.9946,90.2,134.65,138.98
164,2021-10-28,13500,1288665.993,675328.6595,90.9,134.79,139.12
164,2021-10-28,13500,1288665.06,675328.152,91.96,134.79,139.12
164,2021-10-28,13500,1288664.198,675327.6829,92.94,134.86,139.19
164,2021-10-28,13500,1288663.213,675327.1467,94.06,134.78,139.11
164,2021-10-28,13500,1288662.659,675326.8451,94.69,134.7,139.03
164,2021-10-28,13500,1288661.022,675325.9547,96.55,134.94,139.27
164,2021-10-28,13500,1288659.702,675325.2366,98.05,134.99,139.32
164,2021-10-28,13500,1288659.482,675325.1169,98.3,134.71,139.04
164,2021-10-28,13500,1288659.43,675325.0882,98.36,134.95,139.28
164,2021-10-28,13500,1288658.743,675324.7148,99.14,134.76,139.09
164,2021-10-28,13500,1288658.515,675324.5904,99.4,134.77,139.1
164,2021-10-28,13500,1288657.688,675324.1404,100.34,135.18,139.51
164,2021-10-28,13500,1288656.438,675323.4606,101.76,135.01,139.34
164,2021-10-28,13500,1288655.822,675323.1255,102.46,134.99,139.32
164,2021-10-28,13500,1288654.872,675322.6085,103.54,134.99,139.32
164,2021-10-28,13500,1288654.547,675322.4313,103.91,135.01,139.34
164,2021-10-28,13500,1288654.256,675322.2734,104.24,135.12,139.45
164,2021-10-28,13500,1288653.262,675321.7324,105.37,135.12,139.45
164,2021-10-28,13500,1288651.705,675320.8851,107.14,135.24,139.57
164,2021-10-28,13500,1288650.403,675320.1766,108.62,135.17,139.5
164,2021-10-28,13500,1288649.796,675319.8463,109.31,135.27,139.6
164,2021-10-28,13500,1288649.576,675319.7266,109.56,135.16,139.49
164,2021-10-28,13500,1288649.488,675319.6787,109.66,135.31,139.64
164,2021-10-28,13500,1288649.189,675319.5159,110,135.38,139.71
164,2021-10-28,13500,1288649.162,675319.5016,110.03,135.28,139.61
164,2021-10-28,13500,1288649.004,675319.4154,110.21,135.16,139.49
164,2021-10-28,13500,1288648.441,675319.109,110.85,135.26,139.59
164,2021-10-28,13500,1288648.01,675318.8745,111.34,135.33,139.66
164,2021-10-28,13500,1288647.614,675318.659,111.79,135.39,139.72
164,2021-10-28,13500,1288646.048,675317.8069,113.57,135.47,139.8
164,2021-10-28,13500,1288645.194,675317.3426,114.54,135.04,139.37
164,2021-10-28,13500,1288644.517,675316.974,115.31,135.46,139.79
164,2021-10-28,13500,1288643.743,675316.5527,116.19,135.19,139.52
164,2021-10-28,13500,1288642.212,675315.7197,117.93,135.45,139.78
164,2021-10-28,13500,1288640.989,675315.0543,119.32,135.13,139.46
164,2021-10-28,13500,1288639.625,675314.3123,120.87,135.48,139.81
164,2021-10-28,13500,1288638.305,675313.5942,122.37,135.45,139.78
164,2021-10-28,13500,1288636.643,675312.6894,124.26,135.15,139.48
164,2021-10-28,13500,1288635.728,675312.1916,125.3,135.21,139.54
164,2021-10-28,13500,1288634.135,675311.3251,127.11,135.29,139.62
164,2021-10-28,13500,1288633.044,675310.7315,128.35,134.75,139.08
164,2021-10-28,13500,1288632.868,675310.6357,128.55,134.8,139.13
164,2021-10-28,13500,1288632.525,675310.449,128.94,134.7,139.03
164,2021-10-28,13500,1288632.173,675310.2576,129.34,135.08,139.41
164,2021-10-28,13500,1288630.106,675309.1326,131.69,135.17,139.5
164,2021-10-28,13500,1288628.513,675308.2661,133.5,135.14,139.47
164,2021-10-28,13500,1288627.545,675307.7395,134.6,135.32,139.65
164,2021-10-28,13500,1288627.202,675307.5528,134.99,135.25,139.58
164,2021-10-28,13500,1288626.665,675307.2608,135.6,135.3,139.63
164,2021-10-28,13500,1288626.111,675306.9592,136.23,135.39,139.72
164,2021-10-28,13500,1288625.337,675306.5379,137.11,135.51,139.84
164,2021-10-28,13500,1288624.228,675305.9347,138.37,135.52,139.85
164,2021-10-28,13500,1288623.621,675305.6044,139.06,135.2,139.53
164,2021-10-28,13500,1288622.275,675304.872,140.59,135.41,139.74
164,2021-10-28,13500,1288621.14,675304.2544,141.88,135.49,139.82
164,2021-10-28,13500,1288620.111,675303.6943,143.05,135.57,139.9
164,2021-10-28,13500,1288619.046,675303.1151,144.26,135.77,140.1
164,2021-10-28,13500,1288617.234,675302.1289,146.32,136.13,140.46
164,2021-10-28,13500,1288615.465,675301.1667,148.33,136.14,140.47
164,2021-10-28,13500,1288614.216,675300.4869,149.75,136.38,140.71
164,2021-10-28,13500,1288613.345,675300.013,150.74,136.07,140.4
164,2021-10-28,13500,1288612.316,675299.4529,151.91,136.1,140.43
164,2021-10-28,13500,1288610.231,675298.3183,154.28,136.16,140.49
164,2021-10-28,13500,1288607.987,675297.0976,156.83,136.4,140.73
164,2021-10-28,13500,1288607.151,675296.6428,157.78,136.43,140.76
164,2021-10-28,13500,1288606.615,675296.3508,158.39,136.69,141.02
164,2021-10-28,13500,1288606.518,675296.2982,158.5,136.73,141.06
164,2021-10-28,13500,1288605.154,675295.5561,160.05,136.68,141.01
164,2021-10-28,13500,1288604.538,675295.221,160.75,136.53,140.86
164,2021-10-28,13500,1288604.529,675295.2163,160.76,136.49,140.82
164,2021-10-28,13500,1288604.468,675295.1827,160.83,136.58,140.91
164,2021-10-28,13500,1288604.292,675295.087,161.03,136.68,141.01
164,2021-10-28,13500,1288604.265,675295.0726,161.06,136.48,140.81
164,2021-10-28,13500,1288604.037,675294.9482,161.32,136.43,140.76
164,2021-10-28,13500,1288603.447,675294.6274,161.99,136.53,140.86
164,2021-10-28,13500,1288602.647,675294.1918,162.9,136.65,140.98
164,2021-10-28,13500,1288601.23,675293.4211,164.51,136.61,140.94
164,2021-10-28,13500,1288599.383,675292.4158,166.61,136.71,141.04
164,2021-10-28,13500,1288598.538,675291.9562,167.57,136.75,141.08
164,2021-10-28,13500,1288597.473,675291.3769,168.78,137.23,141.56
164,2021-10-28,13500,1288596.039,675290.5966,170.41,137.5,141.83
164,2021-10-28,13500,1288595.089,675290.0796,171.49,137.33,141.66
164,2021-10-28,13500,1288593.963,675289.4669,172.77,137.55,141.88
164,2021-10-28,13500,1288592.186,675288.4998,174.79,137.64,141.97
164,2021-10-28,13500,1288591.464,675288.1073,175.61,137.49,141.82
164,2021-10-28,13500,1288591.464,675288.1073,175.61,137.6,141.93
164,2021-10-28,13500,1288590.998,675287.8536,176.14,137.74,142.07
164,2021-10-28,13500,1288590.013,675287.3174,177.26,137.79,142.12
164,2021-10-28,13500,1288588.869,675286.6951,178.56,137.97,142.3
164,2021-10-28,13500,1288587.954,675286.1972,179.6,138.16,142.49
164,2021-10-28,13500,1288586.485,675285.3978,181.27,138.22,142.55
164,2021-10-28,13500,1288584.998,675284.5887,182.96,138.18,142.51
164,2021-10-28,13500,1288583.898,675283.9903,184.21,138.28,142.61
164,2021-10-28,13500,1288582.71,675283.3441,185.56,138.31,142.64
164,2021-10-28,13500,1288581.716,675282.8031,186.69,138.44,142.77
164,2021-10-28,13500,1288580.493,675282.1377,188.08,138.41,142.74
164,2021-10-28,13500,1288579.631,675281.6686,189.06,138.4,142.73
164,2021-10-28,13500,1288578.258,675280.9218,190.62,138.51,142.84
164,2021-10-28,13500,1288577.053,675280.2659,191.99,138.76,143.09
164,2021-10-28,13500,1288575.918,675279.6484,193.28,138.69,143.02
164,2021-10-28,13500,1288574.862,675279.0739,194.48,138.76,143.09
164,2021-10-28,13500,1288573.894,675278.5473,195.58,138.68,143.01
164,2021-10-28,13500,1288572.927,675278.0207,196.68,138.67,143
164,2021-10-28,13500,1288572.223,675277.6378,197.48,138.62,142.95
164,2021-10-28,13500,1288571.176,675277.0681,198.67,138.59,142.92
164,2021-10-28,13500,1288569.935,675276.3931,200.08,138.53,142.86
164,2021-10-28,13500,1288568.765,675275.7564,201.41,138.5,142.83
164,2021-10-28,13500,1288567.877,675275.2729,202.42,138.55,142.88
164,2021-10-28,13500,1288567.085,675274.842,203.32,138.43,142.76
164,2021-10-28,13500,1288566.654,675274.6075,203.81,138.33,142.66
164,2021-10-28,13500,1288565.941,675274.2197,204.62,138.35,142.68
164,2021-10-28,13500,1288564.612,675273.4968,206.13,138.22,142.55
164,2021-10-28,13500,1288563.46,675272.8697,207.44,138.24,142.57
164,2021-10-28,13500,1288562.703,675272.458,208.3,138.22,142.55
164,2021-10-28,13500,1288561.964,675272.0559,209.14,138.22,142.55
164,2021-10-28,13500,1288561.436,675271.7687,209.74,138.25,142.58
164,2021-10-28,13500,1288560.794,675271.4192,210.47,138.18,142.51
164,2021-10-28,13500,1288560.249,675271.1224,211.09,137.99,142.32
164,2021-10-28,13500,1288559.668,675270.8065,211.75,138.15,142.48
164,2021-10-28,13500,1288559.21,675270.5575,212.27,138.04,142.37
164,2021-10-28,13500,1288558.647,675270.2511,212.91,138.04,142.37
164,2021-10-28,13500,1288557.917,675269.8538,213.74,137.99,142.32
164,2021-10-28,13500,1288556.571,675269.1214,215.27,137.96,142.29
164,2021-10-28,13500,1288555.665,675268.6283,216.3,137.99,142.32
164,2021-10-28,13500,1288554.679,675268.0921,217.42,137.94,142.27
164,2021-10-28,13500,1288553.896,675267.6661,218.31,137.89,142.22
164,2021-10-28,13500,1288553.377,675267.3836,218.9,138.01,142.34
164,2021-10-28,13500,1288553.131,675267.2496,219.18,138,142.33
164,2021-10-28,13500,1288552.797,675267.0677,219.56,137.95,142.28
164,2021-10-28,13500,1288552.295,675266.7948,220.13,138,142.33
164,2021-10-28,13500,1288551.345,675266.2778,221.21,138.21,142.54
164,2021-10-28,13500,1288550.228,675265.6698,222.48,138.29,142.62
164,2021-10-28,13500,1288549.409,675265.2246,223.41,138.62,142.95
164,2021-10-28,13500,1288549.181,675265.1001,223.67,138.54,142.87
164,2021-10-28,13500,1288549.066,675265.0379,223.8,138.49,142.82
164,2021-10-28,13500,1288548.802,675264.8943,224.1,138.62,142.95
164,2021-10-28,13500,1288548.802,675264.8943,224.1,138.62,142.95
164,2021-10-28,13500,1288548.741,675264.8608,224.17,138.58,142.91
164,2021-10-28,13500,1288548.732,675264.856,224.18,138.52,142.85
164,2021-10-28,13500,1288548.714,675264.8464,224.2,138.53,142.86
164,2021-10-28,13500,1288548.697,675264.8368,224.22,138.6,142.93
164,2021-10-28,13500,1288548.67,675264.8225,224.25,138.62,142.95
164,2021-10-28,13500,1288548.477,675264.7172,224.47,138.71,143.04
164,2021-10-28,13500,1288548.477,675264.7172,224.47,138.8,143.13
164,2021-10-28,13500,1288548.354,675264.6501,224.61,138.78,143.11
164,2021-10-28,13500,1288548.274,675264.6071,224.7,138.85,143.18
164,2021-10-28,13500,1288548.178,675264.5544,224.81,138.82,143.15
164,2021-10-28,13500,1288548.169,675264.5496,224.82,138.88,143.21
164,2021-10-28,13500,1288534.98,675257.3736,239.81,142.86,147.19
165,2021-11-02,3620,1288779.883,675344.3446,-20,139.85,144.18
165,2021-11-02,3620,1288761.21,675335.5781,0,131.52,135.85
165,2021-11-02,3620,1288760.985,675335.4729,0.24,132.15,136.48
165,2021-11-02,3620,1288760.883,675335.4247,0.35,131.62,135.95
165,2021-11-02,3620,1288760.416,675335.2055,0.85,131.74,136.07
165,2021-11-02,3620,1288760.173,675335.0916,1.11,132.34,136.67
165,2021-11-02,3620,1288760.08,675335.0477,1.21,131.67,136
165,2021-11-02,3620,1288759.809,675334.9206,1.5,132.04,136.37
165,2021-11-02,3620,1288759.641,675334.8417,1.68,131.84,136.17
165,2021-11-02,3620,1288759.352,675334.7058,1.99,131.84,136.17
165,2021-11-02,3620,1288759.09,675334.5831,2.27,132.05,136.38
165,2021-11-02,3620,1288759.071,675334.5743,2.29,131.97,136.3
165,2021-11-02,3620,1288758.857,675334.4735,2.52,132.52,136.85
165,2021-11-02,3620,1288758.763,675334.4297,2.62,131.97,136.3
165,2021-11-02,3620,1288758.511,675334.3113,2.89,132.09,136.42
165,2021-11-02,3620,1288758.511,675334.3113,2.89,132.03,136.36
165,2021-11-02,3620,1288758.268,675334.1974,3.15,132.07,136.4
165,2021-11-02,3620,1288758.231,675334.1798,3.19,132.12,136.45
165,2021-11-02,3620,1288758.119,675334.1272,3.31,132.08,136.41
165,2021-11-02,3620,1288758.119,675334.1272,3.31,132.1,136.43
165,2021-11-02,3620,1288758.082,675334.1097,3.35,132.1,136.43
165,2021-11-02,3620,1288757.344,675333.7634,4.14,132.57,136.9
165,2021-11-02,3620,1288756.158,675333.2068,5.41,132.37,136.7
165,2021-11-02,3620,1288754.963,675332.6457,6.69,132.23,136.56
165,2021-11-02,3620,1288753.955,675332.1723,7.77,131.94,136.27
165,2021-11-02,3620,1288752.723,675331.5937,9.09,131.72,136.05
165,2021-11-02,3620,1288751.751,675331.1379,10.13,131.64,135.97
165,2021-11-02,3620,1288750.939,675330.7565,11,131.05,135.38
165,2021-11-02,3620,1288750.276,675330.4453,11.71,130.84,135.17
165,2021-11-02,3620,1288749.641,675330.1473,12.39,130.67,135
165,2021-11-02,3620,1288749.212,675329.9456,12.85,130.48,134.81
165,2021-11-02,3620,1288748.745,675329.7265,13.35,130.47,134.8
165,2021-11-02,3620,1288748.306,675329.5205,13.82,130.29,134.62
165,2021-11-02,3620,1288747.634,675329.2049,14.54,130.06,134.39
165,2021-11-02,3620,1288746.784,675328.806,15.45,129.96,134.29
165,2021-11-02,3620,1288745.851,675328.3677,16.45,129.52,133.85
165,2021-11-02,3620,1288744.833,675327.8899,17.54,129.3,133.63
165,2021-11-02,3620,1288743.591,675327.3069,18.87,129.13,133.46
165,2021-11-02,3620,1288742.293,675326.6976,20.26,128.88,133.21
165,2021-11-02,3620,1288740.977,675326.0796,21.67,128.62,132.95
165,2021-11-02,3620,1288739.296,675325.2906,23.47,128.44,132.77
165,2021-11-02,3620,1288736.888,675324.1597,26.05,128.46,132.79
165,2021-11-02,3620,1288735.973,675323.7302,27.03,128.47,132.8
165,2021-11-02,3620,1288735.011,675323.2787,28.06,128.34,132.67
165,2021-11-02,3620,1288734.003,675322.8053,29.14,128.36,132.69
165,2021-11-02,3620,1288732.807,675322.2443,30.42,128.54,132.87
165,2021-11-02,3620,1288732.537,675322.1172,30.71,128.74,133.07
165,2021-11-02,3620,1288732.471,675322.0865,30.78,128.91,133.24
165,2021-11-02,3620,1288732.154,675321.9374,31.12,128.5,132.83
165,2021-11-02,3620,1288731.015,675321.4027,32.34,129.11,133.44
165,2021-11-02,3620,1288729.157,675320.5304,34.33,129.86,134.19
165,2021-11-02,3620,1288727.131,675319.5793,36.5,130.02,134.35
165,2021-11-02,3620,1288725.637,675318.8779,38.1,130.47,134.8
165,2021-11-02,3620,1288723.742,675317.9881,40.13,130.92,135.25
165,2021-11-02,3620,1288721.865,675317.1071,42.14,131,135.33
165,2021-11-02,3620,1288720.548,675316.4891,43.55,131.03,135.36
165,2021-11-02,3620,1288719.82,675316.1472,44.33,131.07,135.4
165,2021-11-02,3620,1288718.943,675315.7351,45.27,131.09,135.42
165,2021-11-02,3620,1288717.617,675315.1127,46.69,131.21,135.54
165,2021-11-02,3620,1288716.907,675314.7796,47.45,131.25,135.58
165,2021-11-02,3620,1288716.86,675314.7577,47.5,131.3,135.63
165,2021-11-02,3620,1288716.767,675314.7139,47.6,131.11,135.44
165,2021-11-02,3620,1288716.739,675314.7007,47.63,131.29,135.62
165,2021-11-02,3620,1288716.347,675314.5166,48.05,131.31,135.64
165,2021-11-02,3620,1288715.964,675314.3369,48.46,131.3,135.63
165,2021-11-02,3620,1288715.553,675314.144,48.9,131.34,135.67
165,2021-11-02,3620,1288714.909,675313.8416,49.59,131.27,135.6
165,2021-11-02,3620,1288714.414,675313.6093,50.12,131.4,135.73
165,2021-11-02,3620,1288713.621,675313.2367,50.97,131.42,135.75
165,2021-11-02,3620,1288713.135,675313.0088,51.49,131.61,135.94
165,2021-11-02,3620,1288712.005,675312.4784,52.7,131.48,135.81
165,2021-11-02,3620,1288711.296,675312.1453,53.46,131.52,135.85
165,2021-11-02,3620,1288710.306,675311.6806,54.52,131.6,135.93
165,2021-11-02,3620,1288709.055,675311.0933,55.86,131.57,135.9
165,2021-11-02,3620,1288708.429,675310.7996,56.53,131.71,136.04
165,2021-11-02,3620,1288707.832,675310.5191,57.17,131.64,135.97
165,2021-11-02,3620,1288707.356,675310.2955,57.68,131.67,136
165,2021-11-02,3620,1288706.852,675310.0588,58.22,131.63,135.96
165,2021-11-02,3620,1288706.235,675309.7695,58.88,131.81,136.14
165,2021-11-02,3620,1288705.684,675309.5109,59.47,131.71,136.04
165,2021-11-02,3620,1288704.956,675309.169,60.25,131.85,136.18
165,2021-11-02,3620,1288704.452,675308.9323,60.79,131.86,136.19
165,2021-11-02,3620,1288703.808,675308.6299,61.48,131.86,136.19
165,2021-11-02,3620,1288702.911,675308.2091,62.44,131.95,136.28
165,2021-11-02,3620,1288702.277,675307.9111,63.12,131.92,136.25
165,2021-11-02,3620,1288701.138,675307.3763,64.34,131.93,136.26
165,2021-11-02,3620,1288700.279,675306.973,65.26,132.08,136.41
165,2021-11-02,3620,1288699.242,675306.4865,66.37,132.04,136.37
165,2021-11-02,3620,1288698.383,675306.0832,67.29,132.13,136.46
165,2021-11-02,3620,1288697.403,675305.623,68.34,132.15,136.48
165,2021-11-02,3620,1288696.329,675305.1189,69.49,132.18,136.51
165,2021-11-02,3620,1288695.629,675304.7902,70.24,132.22,136.55
165,2021-11-02,3620,1288695.237,675304.6061,70.66,132.28,136.61
165,2021-11-02,3620,1288694.975,675304.4834,70.94,132.24,136.57
165,2021-11-02,3620,1288694.639,675304.3256,71.3,132.31,136.64
165,2021-11-02,3620,1288694.284,675304.159,71.68,132.36,136.69
165,2021-11-02,3620,1288693.78,675303.9223,72.22,132.39,136.72
165,2021-11-02,3620,1288693.257,675303.6768,72.78,132.25,136.58
165,2021-11-02,3620,1288692.781,675303.4533,73.29,132.4,136.73
165,2021-11-02,3620,1288692.156,675303.1596,73.96,132.44,136.77
165,2021-11-02,3620,1288691.539,675302.8703,74.62,132.46,136.79
165,2021-11-02,3620,1288690.802,675302.524,75.41,132.44,136.77
165,2021-11-02,3620,1288690.288,675302.283,75.96,132.51,136.84
165,2021-11-02,3620,1288689.373,675301.8534,76.94,132.63,136.96
165,2021-11-02,3620,1288688.58,675301.4808,77.79,132.68,137.01
165,2021-11-02,3620,1288687.609,675301.025,78.83,132.68,137.01
165,2021-11-02,3620,1288686.74,675300.6173,79.76,132.85,137.18
165,2021-11-02,3620,1288686.04,675300.2886,80.51,132.89,137.22
165,2021-11-02,3620,1288685.219,675299.9029,81.39,132.87,137.2
165,2021-11-02,3620,1288684.78,675299.6969,81.86,133.09,137.42
165,2021-11-02,3620,1288684.696,675299.6574,81.95,133,137.33
165,2021-11-02,3620,1288684.649,675299.6355,82,133.03,137.36
165,2021-11-02,3620,1288684.593,675299.6092,82.06,133.06,137.39
165,2021-11-02,3620,1288684.565,675299.596,82.09,133,137.33
165,2021-11-02,3620,1288684.434,675299.5347,82.23,133,137.33
165,2021-11-02,3620,1288683.659,675299.1709,83.06,133.11,137.44
165,2021-11-02,3620,1288682.249,675298.509,84.57,133.1,137.43
165,2021-11-02,3620,1288680.896,675297.8734,86.02,133.26,137.59
165,2021-11-02,3620,1288679.682,675297.3036,87.32,133.25,137.58
165,2021-11-02,3620,1288678.487,675296.7425,88.6,133.41,137.74
165,2021-11-02,3620,1288677.478,675296.2692,89.68,133.48,137.81
165,2021-11-02,3620,1288676.778,675295.9404,90.43,133.45,137.78
165,2021-11-02,3620,1288676.255,675295.6949,90.99,133.54,137.87
165,2021-11-02,3620,1288675.835,675295.4977,91.44,133.62,137.95
165,2021-11-02,3620,1288675.368,675295.2785,91.94,133.65,137.98
165,2021-11-02,3620,1288674.631,675294.9323,92.73,133.57,137.9
165,2021-11-02,3620,1288674.071,675294.6693,93.33,133.6,137.93
165,2021-11-02,3620,1288673.538,675294.4194,93.9,133.62,137.95
165,2021-11-02,3620,1288673.128,675294.2266,94.34,133.6,137.93
165,2021-11-02,3620,1288672.763,675294.0556,94.73,133.62,137.95
165,2021-11-02,3620,1288672.427,675293.8978,95.09,133.73,138.06
165,2021-11-02,3620,1288671.718,675293.5647,95.85,133.67,138
165,2021-11-02,3620,1288669.785,675292.6574,97.92,133.7,138.03
165,2021-11-02,3620,1288667.507,675291.5878,100.36,133.72,138.05
165,2021-11-02,3620,1288665.509,675290.6498,102.5,133.63,137.96
165,2021-11-02,3620,1288663.754,675289.8258,104.38,133.69,138.02
165,2021-11-02,3620,1288662.867,675289.4094,105.33,133.74,138.07
165,2021-11-02,3620,1288661.587,675288.8089,106.7,133.75,138.08
165,2021-11-02,3620,1288660.112,675288.1163,108.28,133.62,137.95
165,2021-11-02,3620,1288659.309,675287.7394,109.14,133.68,138.01
165,2021-11-02,3620,1288658.18,675287.209,110.35,133.64,137.97
165,2021-11-02,3620,1288657.377,675286.832,111.21,133.63,137.96
165,2021-11-02,3620,1288656.527,675286.4331,112.12,133.65,137.98
165,2021-11-02,3620,1288655.416,675285.9115,113.31,133.65,137.98
165,2021-11-02,3620,1288653.661,675285.0875,115.19,133.64,137.97
165,2021-11-02,3620,1288652.129,675284.3686,116.83,133.54,137.87
165,2021-11-02,3620,1288650.337,675283.5271,118.75,133.51,137.84
165,2021-11-02,3620,1288648.339,675282.589,120.89,133.44,137.77
165,2021-11-02,3620,1288646.845,675281.8877,122.49,133.41,137.74
165,2021-11-02,3620,1288645.267,675281.147,124.18,133.36,137.69
165,2021-11-02,3620,1288644.007,675280.5552,125.53,133.43,137.76
165,2021-11-02,3620,1288642.727,675279.9547,126.9,133.43,137.76
165,2021-11-02,3620,1288641.663,675279.455,128.04,133.51,137.84
165,2021-11-02,3620,1288640.617,675278.9641,129.16,133.38,137.71
165,2021-11-02,3620,1288639.861,675278.6091,129.97,133.45,137.78
165,2021-11-02,3620,1288639.049,675278.2277,130.84,133.43,137.76
165,2021-11-02,3620,1288638.199,675277.8288,131.75,133.51,137.84
165,2021-11-02,3620,1288637.751,675277.6184,132.23,133.37,137.7
165,2021-11-02,3620,1288637.48,675277.4913,132.52,133.48,137.81
165,2021-11-02,3620,1288637.256,675277.3861,132.76,133.39,137.72
165,2021-11-02,3620,1288637.181,675277.3511,132.84,133.3,137.63
165,2021-11-02,3620,1288637.069,675277.2985,132.96,133.49,137.82
165,2021-11-02,3620,1288636.892,675277.2152,133.15,133.45,137.78
165,2021-11-02,3620,1288636.556,675277.0574,133.51,133.53,137.86
165,2021-11-02,3620,1288636.164,675276.8733,133.93,133.49,137.82
165,2021-11-02,3620,1288635.688,675276.6497,134.44,133.59,137.92
165,2021-11-02,3620,1288634.931,675276.2947,135.25,133.58,137.91
165,2021-11-02,3620,1288634.212,675275.9572,136.02,133.55,137.88
165,2021-11-02,3620,1288633.578,675275.6591,136.7,133.54,137.87
165,2021-11-02,3620,1288632.887,675275.3348,137.44,133.63,137.96
165,2021-11-02,3620,1288632.27,675275.0455,138.1,133.49,137.82
165,2021-11-02,3620,1288631.533,675274.6992,138.89,133.7,138.03
165,2021-11-02,3620,1288630.702,675274.3091,139.78,133.68,138.01
165,2021-11-02,3620,1288629.871,675273.919,140.67,133.7,138.03
165,2021-11-02,3620,1288629.124,675273.5683,141.47,133.79,138.12
165,2021-11-02,3620,1288628.284,675273.1738,142.37,133.71,138.04
165,2021-11-02,3620,1288627.658,675272.8802,143.04,133.71,138.04
165,2021-11-02,3620,1288626.948,675272.547,143.8,133.81,138.14
165,2021-11-02,3620,1288626.071,675272.135,144.74,133.84,138.17
165,2021-11-02,3620,1288625.315,675271.78,145.55,133.88,138.21
165,2021-11-02,3620,1288624.614,675271.4512,146.3,133.99,138.32
165,2021-11-02,3620,1288623.942,675271.1356,147.02,134.06,138.39
165,2021-11-02,3620,1288623.083,675270.7324,147.94,134.17,138.5
165,2021-11-02,3620,1288622.402,675270.4124,148.67,134.1,138.43
165,2021-11-02,3620,1288621.692,675270.0793,149.43,134.24,138.57
165,2021-11-02,3620,1288621.029,675269.768,150.14,134.32,138.65
165,2021-11-02,3620,1288620.413,675269.4788,150.8,134.5,138.83
165,2021-11-02,3620,1288619.666,675269.1281,151.6,134.47,138.8
165,2021-11-02,3620,1288618.928,675268.7818,152.39,134.56,138.89
165,2021-11-02,3620,1288618.219,675268.4487,153.15,134.79,139.12
165,2021-11-02,3620,1288617.631,675268.1725,153.78,134.9,139.23
165,2021-11-02,3620,1288617.154,675267.949,154.29,134.85,139.18
165,2021-11-02,3620,1288616.697,675267.7342,154.78,134.99,139.32
165,2021-11-02,3620,1288616.239,675267.5194,155.27,135.09,139.42
165,2021-11-02,3620,1288615.922,675267.3704,155.61,135.2,139.53
165,2021-11-02,3620,1288615.567,675267.2039,155.99,135.21,139.54
165,2021-11-02,3620,1288615.203,675267.0329,156.38,135.24,139.57
165,2021-11-02,3620,1288614.689,675266.7918,156.93,135.34,139.67
165,2021-11-02,3620,1288614.213,675266.5683,157.44,135.34,139.67
165,2021-11-02,3620,1288613.7,675266.3272,157.99,135.42,139.75
165,2021-11-02,3620,1288613.018,675266.0072,158.72,135.59,139.92
165,2021-11-02,3620,1288612.486,675265.7574,159.29,135.58,139.91
165,2021-11-02,3620,1288611.954,675265.5075,159.86,135.67,140
165,2021-11-02,3620,1288611.431,675265.2621,160.42,135.71,140.04
165,2021-11-02,3620,1288610.955,675265.0385,160.93,135.83,140.16
165,2021-11-02,3620,1288610.609,675264.8763,161.3,135.98,140.31
165,2021-11-02,3620,1288610.208,675264.6879,161.73,136.02,140.35
165,2021-11-02,3620,1288609.974,675264.5783,161.98,135.91,140.24
165,2021-11-02,3620,1288609.825,675264.5082,162.14,136.12,140.45
165,2021-11-02,3620,1288609.582,675264.3942,162.4,136.14,140.47
165,2021-11-02,3620,1288609.302,675264.2627,162.7,136.14,140.47
165,2021-11-02,3620,1288609.003,675264.1224,163.02,136.18,140.51
165,2021-11-02,3620,1288608.677,675263.969,163.37,136.25,140.58
165,2021-11-02,3620,1288608.313,675263.7981,163.76,136.28,140.61
165,2021-11-02,3620,1288608.079,675263.6885,164.01,136.35,140.68
165,2021-11-02,3620,1288607.808,675263.5614,164.3,136.39,140.72
165,2021-11-02,3620,1288607.463,675263.3992,164.67,136.38,140.71
165,2021-11-02,3620,1288607.257,675263.3028,164.89,136.44,140.77
165,2021-11-02,3620,1288607.043,675263.2019,165.12,136.42,140.75
165,2021-11-02,3620,1288606.837,675263.1055,165.34,136.5,140.83
165,2021-11-02,3620,1288569.491,675245.5725,205.34,139.85,144.18
167,2021-11-16,19400,1288777.507,675360.2699,-25,145,149.33
167,2021-11-16,19400,1288756.145,675347.2717,0,128.18,132.51
167,2021-11-16,19400,1288755.735,675347.0221,0.48,128.56,132.89
167,2021-11-16,19400,1288755.666,675346.9805,0.56,128.51,132.84
167,2021-11-16,19400,1288755.606,675346.9441,0.63,128.15,132.48
167,2021-11-16,19400,1288755.436,675346.8401,0.83,129,133.33
167,2021-11-16,19400,1288755.333,675346.7777,0.95,128.49,132.82
167,2021-11-16,19400,1288755.299,675346.7569,0.99,128.39,132.72
167,2021-11-16,19400,1288755.248,675346.7257,1.05,128.12,132.45
167,2021-11-16,19400,1288754.521,675346.2838,1.9,129.97,134.3
167,2021-11-16,19400,1288754.393,675346.2058,2.05,125.93,130.26
167,2021-11-16,19400,1288754.385,675346.2006,2.06,128.21,132.54
167,2021-11-16,19400,1288754.325,675346.1642,2.13,125.85,130.18
167,2021-11-16,19400,1288754.222,675346.1018,2.25,126.37,130.7
167,2021-11-16,19400,1288753.88,675345.8939,2.65,126.14,130.47
167,2021-11-16,19400,1288753.846,675345.8731,2.69,126.15,130.48
167,2021-11-16,19400,1288753.752,675345.8159,2.8,126.64,130.97
167,2021-11-16,19400,1288753.573,675345.7067,3.01,130.57,134.9
167,2021-11-16,19400,1288753.282,675345.5299,3.35,125.93,130.26
167,2021-11-16,19400,1288753.086,675345.4103,3.58,129.18,133.51
167,2021-11-16,19400,1288752.829,675345.2543,3.88,124.91,129.24
167,2021-11-16,19400,1288752.582,675345.1036,4.17,125.76,130.09
167,2021-11-16,19400,1288752.334,675344.9528,4.46,130.93,135.26
167,2021-11-16,19400,1288752.231,675344.8904,4.58,125.6,129.93
167,2021-11-16,19400,1288751.872,675344.672,5,129.97,134.3
167,2021-11-16,19400,1288751.471,675344.4277,5.47,131.15,135.48
167,2021-11-16,19400,1288751.462,675344.4225,5.48,125.21,129.54
167,2021-11-16,19400,1288751.231,675344.2821,5.75,129.93,134.26
167,2021-11-16,19400,1288750.65,675343.9285,6.43,124.74,129.07
167,2021-11-16,19400,1288750.616,675343.9077,6.47,125.18,129.51
167,2021-11-16,19400,1288750.274,675343.6998,6.87,124.81,129.14
167,2021-11-16,19400,1288749.505,675343.2318,7.77,124.68,129.01
167,2021-11-16,19400,1288749.283,675343.0966,8.03,125.14,129.47
167,2021-11-16,19400,1288749.232,675343.0655,8.09,124.36,128.69
167,2021-11-16,19400,1288748.138,675342.3999,9.37,124.45,128.78
167,2021-11-16,19400,1288748.027,675342.3324,9.5,124.59,128.92
167,2021-11-16,19400,1288747.532,675342.0308,10.08,124.47,128.8
167,2021-11-16,19400,1288747.258,675341.8644,10.4,124.43,128.76
167,2021-11-16,19400,1288747.002,675341.7084,10.7,124.31,128.64
167,2021-11-16,19400,1288746.173,675341.2041,11.67,123.93,128.26
167,2021-11-16,19400,1288745.438,675340.757,12.53,123.61,127.94
167,2021-11-16,19400,1288744.558,675340.2214,13.56,123.67,128
167,2021-11-16,19400,1288743.729,675339.7171,14.53,123.63,127.96
167,2021-11-16,19400,1288742.951,675339.244,15.44,123.31,127.64
167,2021-11-16,19400,1288742.302,675338.8488,16.2,123.4,127.73
167,2021-11-16,19400,1288741.781,675338.5317,16.81,123.32,127.65
167,2021-11-16,19400,1288741.063,675338.0949,17.65,122.78,127.11
167,2021-11-16,19400,1288740.08,675337.497,18.8,122.98,127.31
167,2021-11-16,19400,1288739.251,675336.9927,19.77,122.91,127.24
167,2021-11-16,19400,1288738.602,675336.5976,20.53,122.89,127.22
167,2021-11-16,19400,1288737.5,675335.9268,21.82,122.65,126.98
167,2021-11-16,19400,1288736.355,675335.2301,23.16,122.55,126.88
167,2021-11-16,19400,1288735.62,675334.783,24.02,122.31,126.64
167,2021-11-16,19400,1288735.355,675334.6218,24.33,122.75,127.08
167,2021-11-16,19400,1288735.329,675334.6062,24.36,122.6,126.93
167,2021-11-16,19400,1288734.851,675334.3151,24.92,122.4,126.73
167,2021-11-16,19400,1288733.296,675333.3688,26.74,122.27,126.6
167,2021-11-16,19400,1288732.193,675332.6981,28.03,122.66,126.99
167,2021-11-16,19400,1288731.006,675331.9754,29.42,122.63,126.96
167,2021-11-16,19400,1288730.288,675331.5387,30.26,122.61,126.94
167,2021-11-16,19400,1288729.638,675331.1435,31.02,122.59,126.92
167,2021-11-16,19400,1288728.194,675330.2648,32.71,122.44,126.77
167,2021-11-16,19400,1288726.69,675329.3498,34.47,122.35,126.68
167,2021-11-16,19400,1288725.212,675328.4503,36.2,122.5,126.83
167,2021-11-16,19400,1288724.699,675328.1383,36.8,122.52,126.85
167,2021-11-16,19400,1288724.58,675328.0655,36.94,122.71,127.04
167,2021-11-16,19400,1288724.4,675327.9564,37.15,122.72,127.05
167,2021-11-16,19400,1288723.674,675327.5144,38,122.67,127
167,2021-11-16,19400,1288722.948,675327.0725,38.85,122.78,127.11
167,2021-11-16,19400,1288721.922,675326.4486,40.05,122.9,127.23
167,2021-11-16,19400,1288721.179,675325.9962,40.92,122.96,127.29
167,2021-11-16,19400,1288720.051,675325.3099,42.24,123.04,127.37
167,2021-11-16,19400,1288719.188,675324.7848,43.25,123.35,127.68
167,2021-11-16,19400,1288718.291,675324.2389,44.3,123.17,127.5
167,2021-11-16,19400,1288717.189,675323.5682,45.59,123.74,128.07
167,2021-11-16,19400,1288715.83,675322.7415,47.18,123.78,128.11
167,2021-11-16,19400,1288714.916,675322.1852,48.25,123.88,128.21
167,2021-11-16,19400,1288714.292,675321.8056,48.98,123.92,128.25
167,2021-11-16,19400,1288714.044,675321.6548,49.27,124.17,128.5
167,2021-11-16,19400,1288713.711,675321.4521,49.66,124.11,128.44
167,2021-11-16,19400,1288713.343,675321.2285,50.09,124.2,128.53
167,2021-11-16,19400,1288713.258,675321.1765,50.19,124.19,128.52
167,2021-11-16,19400,1288712.489,675320.7086,51.09,124.66,128.99
167,2021-11-16,19400,1288711.942,675320.3758,51.73,124.08,128.41
167,2021-11-16,19400,1288711.831,675320.3082,51.86,124.51,128.84
167,2021-11-16,19400,1288711.156,675319.8975,52.65,124.37,128.7
167,2021-11-16,19400,1288710.942,675319.7675,52.9,124.6,128.93
167,2021-11-16,19400,1288710.891,675319.7363,52.96,124.77,129.1
167,2021-11-16,19400,1288710.523,675319.5127,53.39,124.6,128.93
167,2021-11-16,19400,1288709.96,675319.1696,54.05,124.71,129.04
167,2021-11-16,19400,1288708.567,675318.3221,55.68,124.75,129.08
167,2021-11-16,19400,1288706.832,675317.2666,57.71,125.21,129.54
167,2021-11-16,19400,1288704.457,675315.8212,60.49,125.44,129.77
167,2021-11-16,19400,1288702.483,675314.6202,62.8,125.78,130.11
167,2021-11-16,19400,1288701.329,675313.9183,64.15,125.82,130.15
167,2021-11-16,19400,1288700.107,675313.1748,65.58,125.98,130.31
167,2021-11-16,19400,1288697.877,675311.8178,68.19,126.17,130.5
167,2021-11-16,19400,1288696.177,675310.7831,70.18,126.53,130.86
167,2021-11-16,19400,1288694.194,675309.5769,72.5,126.48,130.81
167,2021-11-16,19400,1288691.827,675308.1367,75.27,126.8,131.13
167,2021-11-16,19400,1288690.229,675307.1644,77.14,126.79,131.12
167,2021-11-16,19400,1288689.153,675306.5093,78.4,126.94,131.27
167,2021-11-16,19400,1288687.632,675305.5839,80.18,127.13,131.46
167,2021-11-16,19400,1288686.008,675304.596,82.08,127.12,131.45
167,2021-11-16,19400,1288684.427,675303.6341,83.93,127.28,131.61
167,2021-11-16,19400,1288682.727,675302.5995,85.92,127.56,131.89
167,2021-11-16,19400,1288680.591,675301.2997,88.42,127.87,132.2
167,2021-11-16,19400,1288679.283,675300.5042,89.95,127.81,132.14
167,2021-11-16,19400,1288678.147,675299.8127,91.28,128.04,132.37
167,2021-11-16,19400,1288676.857,675299.0276,92.79,128.2,132.53
167,2021-11-16,19400,1288674.737,675297.7381,95.27,128.26,132.59
167,2021-11-16,19400,1288673.199,675296.8023,97.07,128.36,132.69
167,2021-11-16,19400,1288672.704,675296.5007,97.65,128.65,132.98
167,2021-11-16,19400,1288672.054,675296.1056,98.41,128.47,132.8
167,2021-11-16,19400,1288671.781,675295.9392,98.73,128.62,132.95
167,2021-11-16,19400,1288670.824,675295.3569,99.85,128.59,132.92
167,2021-11-16,19400,1288669.952,675294.8266,100.87,128.43,132.76
167,2021-11-16,19400,1288669.858,675294.7694,100.98,127.82,132.15
167,2021-11-16,19400,1288669.79,675294.7278,101.06,128.7,133.03
167,2021-11-16,19400,1288669.722,675294.6862,101.14,128.88,133.21
167,2021-11-16,19400,1288669.081,675294.2962,101.89,128.67,133
167,2021-11-16,19400,1288667.38,675293.2616,103.88,129.07,133.4
167,2021-11-16,19400,1288665.201,675291.9358,106.43,129.13,133.46
167,2021-11-16,19400,1288664.202,675291.3274,107.6,129.22,133.55
167,2021-11-16,19400,1288662.962,675290.5735,109.05,129.46,133.79
167,2021-11-16,19400,1288661.16,675289.4765,111.16,129.56,133.89
167,2021-11-16,19400,1288660.314,675288.9618,112.15,129.88,134.21
167,2021-11-16,19400,1288658.528,675287.8751,114.24,129.87,134.2
167,2021-11-16,19400,1288657.34,675287.1524,115.63,129.84,134.17
167,2021-11-16,19400,1288656.409,675286.5857,116.72,129.98,134.31
167,2021-11-16,19400,1288654.776,675285.5926,118.63,130.3,134.63
167,2021-11-16,19400,1288653.119,675284.584,120.57,130.46,134.79
167,2021-11-16,19400,1288652.016,675283.9133,121.86,130.47,134.8
167,2021-11-16,19400,1288651.598,675283.6585,122.35,130.49,134.82
167,2021-11-16,19400,1288650.914,675283.2426,123.15,130.67,135
167,2021-11-16,19400,1288649.701,675282.5043,124.57,131.01,135.34
167,2021-11-16,19400,1288647.727,675281.3032,126.88,131.25,135.58
167,2021-11-16,19400,1288646.334,675280.4557,128.51,131.34,135.67
167,2021-11-16,19400,1288645.018,675279.6551,130.05,131.41,135.74
167,2021-11-16,19400,1288643.736,675278.8752,131.55,131.39,135.72
167,2021-11-16,19400,1288642.66,675278.2201,132.81,131.59,135.92
167,2021-11-16,19400,1288642.156,675277.9133,133.4,131.49,135.82
167,2021-11-16,19400,1288642.13,675277.8977,133.43,131.49,135.82
167,2021-11-16,19400,1288642.01,675277.8249,133.57,131.45,135.78
167,2021-11-16,19400,1288641.711,675277.6429,133.92,131.56,135.89
167,2021-11-16,19400,1288641.224,675277.3466,134.49,131.66,135.99
167,2021-11-16,19400,1288640.489,675276.8994,135.35,131.75,136.08
167,2021-11-16,19400,1288639.045,675276.0208,137.04,131.95,136.28
167,2021-11-16,19400,1288637.533,675275.1005,138.81,132.21,136.54
167,2021-11-16,19400,1288636.405,675274.4142,140.13,132.3,136.63
167,2021-11-16,19400,1288635.55,675273.8943,141.13,132.24,136.57
167,2021-11-16,19400,1288635.286,675273.7331,141.44,132.4,136.73
167,2021-11-16,19400,1288635.251,675273.7123,141.48,132.27,136.6
167,2021-11-16,19400,1288635.157,675273.6551,141.59,132.25,136.58
167,2021-11-16,19400,1288634.662,675273.3535,142.17,132.78,137.11
167,2021-11-16,19400,1288633.192,675272.4593,143.89,132.93,137.26
167,2021-11-16,19400,1288631.979,675271.721,145.31,133.1,137.43
167,2021-11-16,19400,1288630.842,675271.0295,146.64,133.75,138.08
167,2021-11-16,19400,1288629.09,675269.9636,148.69,134.19,138.52
167,2021-11-16,19400,1288626.809,675268.5754,151.36,134.38,138.71
167,2021-11-16,19400,1288625.168,675267.5771,153.28,134.74,139.07
167,2021-11-16,19400,1288624.075,675266.9116,154.56,134.71,139.04
167,2021-11-16,19400,1288623.1,675266.3189,155.7,134.75,139.08
167,2021-11-16,19400,1288622.408,675265.8978,156.51,134.8,139.13
167,2021-11-16,19400,1288621.879,675265.5754,157.13,134.88,139.21
167,2021-11-16,19400,1288621.058,675265.0763,158.09,135.09,139.42
167,2021-11-16,19400,1288619.717,675264.26,159.66,135.22,139.55
167,2021-11-16,19400,1288618.452,675263.4905,161.14,135.43,139.76
167,2021-11-16,19400,1288617.726,675263.0486,161.99,135.31,139.64
167,2021-11-16,19400,1288617.717,675263.0434,162,135.37,139.7
167,2021-11-16,19400,1288617.649,675263.0018,162.08,135.37,139.7
167,2021-11-16,19400,1288617.264,675262.7678,162.53,135.56,139.89
167,2021-11-16,19400,1288616.282,675262.1699,163.68,135.72,140.05
167,2021-11-16,19400,1288615.111,675261.4576,165.05,135.99,140.32
167,2021-11-16,19400,1288613.846,675260.6881,166.53,136.25,140.58
167,2021-11-16,19400,1288612.454,675259.8406,168.16,136.44,140.77
167,2021-11-16,19400,1288610.958,675258.9307,169.91,136.7,141.03
167,2021-11-16,19400,1288609.711,675258.1716,171.37,136.82,141.15
167,2021-11-16,19400,1288608.403,675257.3762,172.9,137.02,141.35
167,2021-11-16,19400,1288607.446,675256.7938,174.02,137.04,141.37
167,2021-11-16,19400,1288606.669,675256.3207,174.93,137.3,141.63
167,2021-11-16,19400,1288605.874,675255.8372,175.86,137.31,141.64
167,2021-11-16,19400,1288605.267,675255.468,176.57,137.39,141.72
167,2021-11-16,19400,1288604.601,675255.0625,177.35,137.49,141.82
167,2021-11-16,19400,1288604.003,675254.6985,178.05,137.55,141.88
167,2021-11-16,19400,1288603.182,675254.1994,179.01,137.66,141.99
167,2021-11-16,19400,1288601.935,675253.4403,180.47,137.79,142.12
167,2021-11-16,19400,1288600.918,675252.8216,181.66,137.97,142.3
167,2021-11-16,19400,1288600.209,675252.39,182.49,137.98,142.31
167,2021-11-16,19400,1288599.73,675252.0989,183.05,138.03,142.36
167,2021-11-16,19400,1288599.44,675251.9221,183.39,138.07,142.4
167,2021-11-16,19400,1288599.192,675251.7713,183.68,138.1,142.43
167,2021-11-16,19400,1288598.79,675251.527,184.15,138.11,142.44
167,2021-11-16,19400,1288598.166,675251.1474,184.88,138.32,142.65
167,2021-11-16,19400,1288597.252,675250.5911,185.95,138.35,142.68
167,2021-11-16,19400,1288596.175,675249.936,187.21,138.59,142.92
167,2021-11-16,19400,1288595.21,675249.3485,188.34,138.68,143.01
167,2021-11-16,19400,1288594.364,675248.8337,189.33,138.81,143.14
167,2021-11-16,19400,1288593.552,675248.3398,190.28,138.84,143.17
167,2021-11-16,19400,1288593.091,675248.059,190.82,138.96,143.29
167,2021-11-16,19400,1288592.766,675247.8615,191.2,138.99,143.32
167,2021-11-16,19400,1288592.535,675247.7211,191.47,139.07,143.4
167,2021-11-16,19400,1288592.527,675247.7159,191.48,138.9,143.23
167,2021-11-16,19400,1288592.518,675247.7107,191.49,138.93,143.26
167,2021-11-16,19400,1288592.493,675247.6951,191.52,139.05,143.38
167,2021-11-16,19400,1288592.484,675247.6899,191.53,139.01,143.34
167,2021-11-16,19400,1288592.484,675247.6899,191.53,139.04,143.37
167,2021-11-16,19400,1288592.467,675247.6795,191.55,139.04,143.37
167,2021-11-16,19400,1288592.45,675247.6691,191.57,138.99,143.32
167,2021-11-16,19400,1288592.407,675247.6431,191.62,139.03,143.36
167,2021-11-16,19400,1288592.364,675247.6171,191.67,139.03,143.36
167,2021-11-16,19400,1288558.193,675226.8252,231.66,145,149.33
169,2021-11-29,18300,1288783.097,675317.4839,-20,144.28,148.61
169,2021-11-29,18300,1288765.107,675308.1879,0.13,128.23,132.56
169,2021-11-29,18300,1288765,675308.1325,0.25,128.93,133.26
169,2021-11-29,18300,1288764.946,675308.1048,0.31,129.79,134.12
169,2021-11-29,18300,1288764.937,675308.1002,0.32,128.16,132.49
169,2021-11-29,18300,1288764.893,675308.0771,0.37,128.82,133.15
169,2021-11-29,18300,1288764.884,675308.0725,0.38,128.17,132.5
169,2021-11-29,18300,1288764.83,675308.0448,0.44,128.79,133.12
169,2021-11-29,18300,1288764.821,675308.0402,0.45,129.62,133.95
169,2021-11-29,18300,1288764.589,675307.9201,0.71,128.95,133.28
169,2021-11-29,18300,1288764.571,675307.9109,0.73,129.94,134.27
169,2021-11-29,18300,1288764.553,675307.9016,0.75,129.9,134.23
169,2021-11-29,18300,1288764.446,675307.8462,0.87,128.49,132.82
169,2021-11-29,18300,1288764.392,675307.8185,0.93,128.79,133.12
169,2021-11-29,18300,1288764.392,675307.8185,0.93,128.82,133.15
169,2021-11-29,18300,1288764.222,675307.7308,1.12,129.15,133.48
169,2021-11-29,18300,1288764.169,675307.7031,1.18,128.62,132.95
169,2021-11-29,18300,1288764.142,675307.6892,1.21,129.74,134.07
169,2021-11-29,18300,1288763.954,675307.5922,1.42,128.41,132.74
169,2021-11-29,18300,1288763.945,675307.5876,1.43,128.77,133.1
169,2021-11-29,18300,1288763.704,675307.4629,1.7,128,132.33
169,2021-11-29,18300,1288763.686,675307.4537,1.72,129.06,133.39
169,2021-11-29,18300,1288763.668,675307.4445,1.74,128.58,132.91
169,2021-11-29,18300,1288763.597,675307.4075,1.82,128.86,133.19
169,2021-11-29,18300,1288763.49,675307.3521,1.94,128.36,132.69
169,2021-11-29,18300,1288763.07,675307.1351,2.41,128.08,132.41
169,2021-11-29,18300,1288762.98,675307.0889,2.51,128.55,132.88
169,2021-11-29,18300,1288760.826,675305.9759,4.92,127.47,131.8
169,2021-11-29,18300,1288759.674,675305.3802,6.21,126.94,131.27
169,2021-11-29,18300,1288758.842,675304.9508,7.14,127.47,131.8
169,2021-11-29,18300,1288758.789,675304.9231,7.2,127.4,131.73
169,2021-11-29,18300,1288758.476,675304.7614,7.55,126.75,131.08
169,2021-11-29,18300,1288757.895,675304.4613,8.2,126.88,131.21
169,2021-11-29,18300,1288757.77,675304.3966,8.34,127.24,131.57
169,2021-11-29,18300,1288757.421,675304.2165,8.73,126.25,130.58
169,2021-11-29,18300,1288756.519,675303.7501,9.74,126.18,130.51
169,2021-11-29,18300,1288755.831,675303.3945,10.51,126.29,130.62
169,2021-11-29,18300,1288754.937,675302.9327,11.51,125.56,129.89
169,2021-11-29,18300,1288754.267,675302.5864,12.26,126.08,130.41
169,2021-11-29,18300,1288754.177,675302.5402,12.36,126,130.33
169,2021-11-29,18300,1288754.097,675302.4986,12.45,126.05,130.38
169,2021-11-29,18300,1288754.07,675302.4848,12.48,126.22,130.55
169,2021-11-29,18300,1288753.007,675301.9352,13.67,125.87,130.2
169,2021-11-29,18300,1288751.845,675301.3349,14.97,125.76,130.09
169,2021-11-29,18300,1288749.87,675300.3143,17.18,125.43,129.76
169,2021-11-29,18300,1288748.234,675299.4693,19.01,124.58,128.91
169,2021-11-29,18300,1288745.794,675298.2086,21.74,123.97,128.3
169,2021-11-29,18300,1288744.168,675297.3681,23.56,123.34,127.67
169,2021-11-29,18300,1288741.415,675295.9458,26.64,122.62,126.95
169,2021-11-29,18300,1288739.19,675294.7959,29.13,123.15,127.48
169,2021-11-29,18300,1288736.634,675293.4752,31.99,122.85,127.18
169,2021-11-29,18300,1288734.677,675292.4638,34.18,122.69,127.02
169,2021-11-29,18300,1288732.648,675291.4156,36.45,122.93,127.26
169,2021-11-29,18300,1288731.71,675290.9307,37.5,123.16,127.49
169,2021-11-29,18300,1288730.449,675290.2795,38.91,122.83,127.16
169,2021-11-29,18300,1288729.449,675289.7623,40.03,122.49,126.82
169,2021-11-29,18300,1288728.734,675289.3929,40.83,123.16,127.49
169,2021-11-29,18300,1288727.482,675288.7464,42.23,122.91,127.24
169,2021-11-29,18300,1288726.803,675288.3954,42.99,122.45,126.78
169,2021-11-29,18300,1288726.785,675288.3862,43.01,122.82,127.15
169,2021-11-29,18300,1288726.705,675288.3446,43.1,123.05,127.38
169,2021-11-29,18300,1288725.677,675287.8136,44.25,123.11,127.44
169,2021-11-29,18300,1288724.935,675287.4303,45.08,123.02,127.35
169,2021-11-29,18300,1288723.55,675286.7145,46.63,123.8,128.13
169,2021-11-29,18300,1288723.505,675286.6914,46.68,123.02,127.35
169,2021-11-29,18300,1288723.246,675286.5575,46.97,122.82,127.15
169,2021-11-29,18300,1288722.782,675286.3173,47.49,122.54,126.87
169,2021-11-29,18300,1288722.058,675285.9433,48.3,124.59,128.92
169,2021-11-29,18300,1288722.058,675285.9433,48.3,124.18,128.51
169,2021-11-29,18300,1288720.717,675285.2506,49.8,125.16,129.49
169,2021-11-29,18300,1288719.341,675284.5394,51.34,123.53,127.86
169,2021-11-29,18300,1288718.974,675284.3501,51.75,124.59,128.92
169,2021-11-29,18300,1288718.831,675284.2762,51.91,123.4,127.73
169,2021-11-29,18300,1288718.429,675284.0684,52.36,124,128.33
169,2021-11-29,18300,1288718.411,675284.0592,52.38,124.88,129.21
169,2021-11-29,18300,1288718.081,675283.8883,52.75,125.37,129.7
169,2021-11-29,18300,1288717.92,675283.8052,52.93,125.08,129.41
169,2021-11-29,18300,1288717.071,675283.3665,53.88,124.78,129.11
169,2021-11-29,18300,1288716.919,675283.288,54.05,125.24,129.57
169,2021-11-29,18300,1288715.712,675282.6645,55.4,125.7,130.03
169,2021-11-29,18300,1288715.042,675282.3182,56.15,125.69,130.02
169,2021-11-29,18300,1288714.506,675282.0411,56.75,125.66,129.99
169,2021-11-29,18300,1288713.281,675281.4085,58.12,125.15,129.48
169,2021-11-29,18300,1288712.316,675280.9097,59.2,125.06,129.39
169,2021-11-29,18300,1288711.762,675280.6234,59.82,126.25,130.58
169,2021-11-29,18300,1288710.985,675280.2217,60.69,126.32,130.65
169,2021-11-29,18300,1288710.082,675279.7552,61.7,126.33,130.66
169,2021-11-29,18300,1288709.868,675279.6444,61.94,126.17,130.5
169,2021-11-29,18300,1288708.339,675278.8547,63.65,127.03,131.36
169,2021-11-29,18300,1288707.437,675278.3883,64.66,127.22,131.55
169,2021-11-29,18300,1288706.802,675278.0605,65.37,127.31,131.64
169,2021-11-29,18300,1288705.971,675277.631,66.3,127.06,131.39
169,2021-11-29,18300,1288705.292,675277.28,67.06,127.33,131.66
169,2021-11-29,18300,1288704.461,675276.8505,67.99,127.57,131.9
169,2021-11-29,18300,1288703.236,675276.2179,69.36,126.82,131.15
169,2021-11-29,18300,1288702.843,675276.0147,69.8,127.37,131.7
169,2021-11-29,18300,1288702.092,675275.6268,70.64,127.22,131.55
169,2021-11-29,18300,1288700.841,675274.9803,72.04,127.85,132.18
169,2021-11-29,18300,1288699.93,675274.5092,73.06,127.85,132.18
169,2021-11-29,18300,1288698.946,675274.0013,74.16,127.84,132.17
169,2021-11-29,18300,1288697.713,675273.364,75.54,127.57,131.9
169,2021-11-29,18300,1288696.721,675272.8514,76.65,127.8,132.13
169,2021-11-29,18300,1288695.89,675272.4219,77.58,127.41,131.74
169,2021-11-29,18300,1288695.095,675272.0109,78.47,127.07,131.4
169,2021-11-29,18300,1288694.826,675271.8724,78.77,127.26,131.59
169,2021-11-29,18300,1288693.995,675271.4429,79.7,127.11,131.44
169,2021-11-29,18300,1288692.735,675270.7918,81.11,127.28,131.61
169,2021-11-29,18300,1288691.162,675269.979,82.87,127.38,131.71
169,2021-11-29,18300,1288690.715,675269.7481,83.37,126.19,130.52
169,2021-11-29,18300,1288690.429,675269.6004,83.69,127.33,131.66
169,2021-11-29,18300,1288689.831,675269.291,84.36,126.56,130.89
169,2021-11-29,18300,1288688.49,675268.5983,85.86,127.86,132.19
169,2021-11-29,18300,1288688.392,675268.5475,85.97,127.52,131.85
169,2021-11-29,18300,1288688.329,675268.5152,86.04,127.16,131.49
169,2021-11-29,18300,1288688.106,675268.3997,86.29,128.17,132.5
169,2021-11-29,18300,1288687.954,675268.3212,86.46,127.43,131.76
169,2021-11-29,18300,1288687.319,675267.9933,87.17,128.07,132.4
169,2021-11-29,18300,1288686.542,675267.5916,88.04,127.75,132.08
169,2021-11-29,18300,1288685.514,675267.0605,89.19,128.04,132.37
169,2021-11-29,18300,1288685.452,675267.0282,89.26,128.08,132.41
169,2021-11-29,18300,1288685.344,675266.9728,89.38,128.35,132.68
169,2021-11-29,18300,1288685.201,675266.8989,89.54,128.15,132.48
169,2021-11-29,18300,1288684.96,675266.7742,89.81,127.73,132.06
169,2021-11-29,18300,1288684.629,675266.6033,90.18,127.75,132.08
169,2021-11-29,18300,1288683.816,675266.1831,91.09,128.34,132.67
169,2021-11-29,18300,1288683.199,675265.8644,91.78,128.24,132.57
169,2021-11-29,18300,1288683.074,675265.7998,91.92,128.31,132.64
169,2021-11-29,18300,1288682.994,675265.7582,92.01,129.22,133.55
169,2021-11-29,18300,1288682.413,675265.4581,92.66,128.06,132.39
169,2021-11-29,18300,1288681.591,675265.0332,93.58,128.14,132.47
169,2021-11-29,18300,1288681.01,675264.7331,94.23,128.11,132.44
169,2021-11-29,18300,1288680.608,675264.5252,94.68,127.97,132.3
169,2021-11-29,18300,1288679.589,675263.9988,95.82,128.67,133
169,2021-11-29,18300,1288678.901,675263.6432,96.59,129.97,134.3
169,2021-11-29,18300,1288678.49,675263.4308,97.05,129.69,134.02
169,2021-11-29,18300,1288677.372,675262.8535,98.3,129.51,133.84
169,2021-11-29,18300,1288676.461,675262.3825,99.32,129.61,133.94
169,2021-11-29,18300,1288676.094,675262.1932,99.73,131.02,135.35
169,2021-11-29,18300,1288675.934,675262.1101,99.91,130.92,135.25
169,2021-11-29,18300,1288675.88,675262.0824,99.97,130.37,134.7
169,2021-11-29,18300,1288675.871,675262.0777,99.98,131.15,135.48
169,2021-11-29,18300,1288675.8,675262.0408,100.06,130.32,134.65
169,2021-11-29,18300,1288675.585,675261.93,100.3,131.47,135.8
169,2021-11-29,18300,1288674.781,675261.5143,101.2,131.18,135.51
169,2021-11-29,18300,1288674.602,675261.422,101.4,131.25,135.58
169,2021-11-29,18300,1288674.271,675261.2511,101.77,131.06,135.39
169,2021-11-29,18300,1288672.806,675260.4938,103.41,131.38,135.71
169,2021-11-29,18300,1288671.715,675259.9304,104.63,131.71,136.04
169,2021-11-29,18300,1288670.84,675259.4778,105.61,131.78,136.11
169,2021-11-29,18300,1288670.714,675259.4132,105.75,131.68,136.01
169,2021-11-29,18300,1288670.384,675259.2423,106.12,131.64,135.97
169,2021-11-29,18300,1288669.249,675258.6558,107.39,131.92,136.25
169,2021-11-29,18300,1288667.89,675257.9539,108.91,132.31,136.64
169,2021-11-29,18300,1288666.88,675257.4321,110.04,132.37,136.7
169,2021-11-29,18300,1288666.326,675257.1458,110.66,131.96,136.29
169,2021-11-29,18300,1288666.031,675256.9934,110.99,131.96,136.29
169,2021-11-29,18300,1288665.665,675256.804,111.4,132.36,136.69
169,2021-11-29,18300,1288665.263,675256.5962,111.85,131.85,136.18
169,2021-11-29,18300,1288665.022,675256.4715,112.12,131.76,136.09
169,2021-11-29,18300,1288664.047,675255.9682,113.21,132.6,136.93
169,2021-11-29,18300,1288663.985,675255.9359,113.28,131.95,136.28
169,2021-11-29,18300,1288663.967,675255.9266,113.3,131.93,136.26
169,2021-11-29,18300,1288663.958,675255.922,113.31,132.19,136.52
169,2021-11-29,18300,1288663.529,675255.7003,113.79,132,136.33
169,2021-11-29,18300,1288662.555,675255.197,114.88,131.84,136.17
169,2021-11-29,18300,1288661.42,675254.6105,116.15,132.66,136.99
169,2021-11-29,18300,1288660.884,675254.3334,116.75,132.41,136.74
169,2021-11-29,18300,1288660.687,675254.2318,116.97,132.2,136.53
169,2021-11-29,18300,1288659.078,675253.4006,118.77,132.56,136.89
169,2021-11-29,18300,1288657.693,675252.6848,120.32,132.08,136.41
169,2021-11-29,18300,1288657.059,675252.357,121.03,132.47,136.8
169,2021-11-29,18300,1288656.201,675251.9136,121.99,132.9,137.23
169,2021-11-29,18300,1288655.754,675251.6827,122.49,133.01,137.34
169,2021-11-29,18300,1288655.611,675251.6088,122.65,132.69,137.02
169,2021-11-29,18300,1288654.699,675251.1378,123.67,132.73,137.06
169,2021-11-29,18300,1288653.091,675250.3066,125.47,132.97,137.3
169,2021-11-29,18300,1288651.5,675249.4846,127.25,132.99,137.32
169,2021-11-29,18300,1288649.998,675248.7088,128.93,133.66,137.99
169,2021-11-29,18300,1288648.318,675247.8406,130.81,133.35,137.68
169,2021-11-29,18300,1288647.854,675247.6005,131.33,133.57,137.9
169,2021-11-29,18300,1288647.621,675247.4804,131.59,133.22,137.55
169,2021-11-29,18300,1288647.076,675247.1987,132.2,133.73,138.06
169,2021-11-29,18300,1288646.361,675246.8293,133,134.02,138.35
169,2021-11-29,18300,1288645.029,675246.1412,134.49,134.13,138.46
169,2021-11-29,18300,1288644.404,675245.8179,135.19,134.3,138.63
169,2021-11-29,18300,1288642.777,675244.9775,137.01,134.79,139.12
169,2021-11-29,18300,1288641.419,675244.2755,138.53,135.06,139.39
169,2021-11-29,18300,1288640.615,675243.8599,139.43,135.03,139.36
169,2021-11-29,18300,1288640.472,675243.786,139.59,134.98,139.31
169,2021-11-29,18300,1288639.998,675243.5413,140.12,135.16,139.49
169,2021-11-29,18300,1288639.086,675243.0703,141.14,135.21,139.54
169,2021-11-29,18300,1288637.344,675242.1698,143.09,135.46,139.79
169,2021-11-29,18300,1288635.833,675241.3893,144.78,135.69,140.02
169,2021-11-29,18300,1288634.35,675240.6227,146.44,135.81,140.14
169,2021-11-29,18300,1288633.402,675240.1332,147.5,136.05,140.38
169,2021-11-29,18300,1288631.454,675239.1265,149.68,136.15,140.48
169,2021-11-29,18300,1288630.024,675238.3877,151.28,136.32,140.65
169,2021-11-29,18300,1288627.656,675237.1639,153.93,136.78,141.11
169,2021-11-29,18300,1288624.939,675235.76,156.97,136.86,141.19
169,2021-11-29,18300,1288622.526,675234.5132,159.67,136.99,141.32
169,2021-11-29,18300,1288620.56,675233.4973,161.87,137.04,141.37
169,2021-11-29,18300,1288618.96,675232.6706,163.66,137.25,141.58
169,2021-11-29,18300,1288618.066,675232.2088,164.66,137.13,141.46
169,2021-11-29,18300,1288616.931,675231.6224,165.93,137.07,141.4
169,2021-11-29,18300,1288616.413,675231.3545,166.51,137.23,141.56
169,2021-11-29,18300,1288615.966,675231.1236,167.01,137.31,141.64
169,2021-11-29,18300,1288615.314,675230.7865,167.74,137.27,141.6
169,2021-11-29,18300,1288614.527,675230.3801,168.62,137.35,141.68
169,2021-11-29,18300,1288613.821,675230.0153,169.41,137.52,141.85
169,2021-11-29,18300,1288613.258,675229.7244,170.04,137.55,141.88
169,2021-11-29,18300,1288612.445,675229.3042,170.95,137.48,141.81
169,2021-11-29,18300,1288611.9,675229.0225,171.56,137.68,142.01
169,2021-11-29,18300,1288610.863,675228.4868,172.72,138.38,142.71
169,2021-11-29,18300,1288610.818,675228.4637,172.77,137.77,142.1
169,2021-11-29,18300,1288610.658,675228.3806,172.95,138.25,142.58
169,2021-11-29,18300,1288610.613,675228.3575,173,138.33,142.66
169,2021-11-29,18300,1288610.238,675228.1635,173.42,138.41,142.74
169,2021-11-29,18300,1288610.095,675228.0896,173.58,137.98,142.31
169,2021-11-29,18300,1288609.996,675228.0388,173.69,138.39,142.72
169,2021-11-29,18300,1288609.603,675227.8356,174.13,138.24,142.57
169,2021-11-29,18300,1288609.389,675227.7248,174.37,138.32,142.65
169,2021-11-29,18300,1288609.192,675227.6232,174.59,138.43,142.76
169,2021-11-29,18300,1288608.727,675227.3831,175.11,138.46,142.79
169,2021-11-29,18300,1288608.2,675227.1106,175.7,138.48,142.81
169,2021-11-29,18300,1288608.191,675227.106,175.71,138.14,142.47
169,2021-11-29,18300,1288607.932,675226.9721,176,138.36,142.69
169,2021-11-29,18300,1288607.86,675226.9351,176.08,138.43,142.76
169,2021-11-29,18300,1288607.708,675226.8566,176.25,138.41,142.74
169,2021-11-29,18300,1288607.521,675226.7597,176.46,138.44,142.77
169,2021-11-29,18300,1288607.387,675226.6904,176.61,138.63,142.96
169,2021-11-29,18300,1288607.315,675226.6535,176.69,138.5,142.83
169,2021-11-29,18300,1288607.074,675226.5288,176.96,138.5,142.83
169,2021-11-29,18300,1288606.976,675226.478,177.07,138.5,142.83
169,2021-11-29,18300,1288606.886,675226.4318,177.17,138.59,142.92
169,2021-11-29,18300,1288606.868,675226.4226,177.19,138.5,142.83
169,2021-11-29,18300,1288606.752,675226.3625,177.32,138.5,142.83
169,2021-11-29,18300,1288606.654,675226.3117,177.43,138.35,142.68
169,2021-11-29,18300,1288566.437,675205.531,222.43,144.28,148.61
170,2021-12-01,18500,1288779.378,675323.8688,-15,144.14,148.47
170,2021-12-01,18500,1288766.193,675316.6952,0,129.4,133.73
170,2021-12-01,18500,1288765.929,675316.5517,0.3,129.14,133.47
170,2021-12-01,18500,1288765.736,675316.4465,0.52,129.33,133.66
170,2021-12-01,18500,1288765.622,675316.3843,0.65,127.96,132.29
170,2021-12-01,18500,1288765.543,675316.3413,0.74,129.48,133.81
170,2021-12-01,18500,1288765.341,675316.2313,0.97,129.69,134.02
170,2021-12-01,18500,1288765.209,675316.1596,1.12,129.5,133.83
170,2021-12-01,18500,1288765.138,675316.1213,1.2,128.88,133.21
170,2021-12-01,18500,1288764.875,675315.9778,1.5,129.79,134.12
170,2021-12-01,18500,1288764.708,675315.887,1.69,128.44,132.77
170,2021-12-01,18500,1288764.576,675315.8152,1.84,129.68,134.01
170,2021-12-01,18500,1288764.47,675315.7578,1.96,128.66,132.99
170,2021-12-01,18500,1288764.409,675315.7244,2.03,128.04,132.37
170,2021-12-01,18500,1288764.391,675315.7148,2.05,128.47,132.8
170,2021-12-01,18500,1288764.207,675315.6144,2.26,129.99,134.32
170,2021-12-01,18500,1288763.231,675315.0835,3.37,129.16,133.49
170,2021-12-01,18500,1288763.082,675315.0022,3.54,128.35,132.68
170,2021-12-01,18500,1288763.073,675314.9974,3.55,127.71,132.04
170,2021-12-01,18500,1288762.95,675314.9305,3.69,128.4,132.73
170,2021-12-01,18500,1288762.897,675314.9018,3.75,128.46,132.79
170,2021-12-01,18500,1288762.317,675314.5862,4.41,128.05,132.38
170,2021-12-01,18500,1288762.115,675314.4762,4.64,127.43,131.76
170,2021-12-01,18500,1288762.062,675314.4475,4.7,127.95,132.28
170,2021-12-01,18500,1288761.948,675314.3853,4.83,128.07,132.4
170,2021-12-01,18500,1288761.833,675314.3231,4.96,127.56,131.89
170,2021-12-01,18500,1288761.684,675314.2418,5.13,128.1,132.43
170,2021-12-01,18500,1288761.622,675314.2083,5.2,127.6,131.93
170,2021-12-01,18500,1288761.535,675314.1605,5.3,128.55,132.88
170,2021-12-01,18500,1288761.429,675314.1031,5.42,128.1,132.43
170,2021-12-01,18500,1288760.761,675313.7397,6.18,127.53,131.86
170,2021-12-01,18500,1288759.425,675313.0128,7.7,127.11,131.44
170,2021-12-01,18500,1288758.027,675312.2524,9.29,126.96,131.29
170,2021-12-01,18500,1288756.691,675311.5254,10.81,126.89,131.22
170,2021-12-01,18500,1288756.551,675311.4489,10.97,125.99,130.32
170,2021-12-01,18500,1288756.507,675311.425,11.02,127.35,131.68
170,2021-12-01,18500,1288755.663,675310.9659,11.98,126.82,131.15
170,2021-12-01,18500,1288753.773,675309.9377,14.13,126.63,130.96
170,2021-12-01,18500,1288752.077,675309.0147,16.06,126.28,130.61
170,2021-12-01,18500,1288750.222,675308.0056,18.17,126.33,130.66
170,2021-12-01,18500,1288749.079,675307.3839,19.47,126.11,130.44
170,2021-12-01,18500,1288747.822,675306.7,20.9,125.76,130.09
170,2021-12-01,18500,1288746.24,675305.8392,22.7,126,130.33
170,2021-12-01,18500,1288744.772,675305.0405,24.37,125.99,130.32
170,2021-12-01,18500,1288743.322,675304.2514,26.02,126,130.33
170,2021-12-01,18500,1288741.854,675303.4528,27.69,125.86,130.19
170,2021-12-01,18500,1288740.219,675302.5633,29.55,125.48,129.81
170,2021-12-01,18500,1288739.059,675301.932,30.87,126.1,130.43
170,2021-12-01,18500,1288738.136,675301.4298,31.92,125.72,130.05
170,2021-12-01,18500,1288736.818,675300.7125,33.42,125.55,129.88
170,2021-12-01,18500,1288736.431,675300.502,33.86,125.97,130.3
170,2021-12-01,18500,1288735.49,675299.9903,34.93,126.14,130.47
170,2021-12-01,18500,1288733.873,675299.1104,36.77,125.7,130.03
170,2021-12-01,18500,1288732.651,675298.4456,38.16,126.41,130.74
170,2021-12-01,18500,1288732.572,675298.4026,38.25,126.06,130.39
170,2021-12-01,18500,1288732.502,675298.3643,38.33,125.71,130.04
170,2021-12-01,18500,1288732.194,675298.1969,38.68,125.59,129.92
170,2021-12-01,18500,1288731.966,675298.0726,38.94,125.49,129.82
170,2021-12-01,18500,1288731.148,675297.6278,39.87,126.54,130.87
170,2021-12-01,18500,1288729.478,675296.7192,41.77,126.92,131.25
170,2021-12-01,18500,1288728.045,675295.9397,43.4,126.79,131.12
170,2021-12-01,18500,1288727.782,675295.7962,43.7,126.92,131.25
170,2021-12-01,18500,1288726.903,675295.3179,44.7,126.69,131.02
170,2021-12-01,18500,1288726.191,675294.9306,45.51,126.12,130.45
170,2021-12-01,18500,1288725.874,675294.7584,45.87,127.67,132
170,2021-12-01,18500,1288724.477,675293.998,47.46,127.6,131.93
170,2021-12-01,18500,1288724.336,675293.9215,47.62,128.23,132.56
170,2021-12-01,18500,1288723.624,675293.5341,48.43,128.83,133.16
170,2021-12-01,18500,1288722.71,675293.0367,49.47,127.68,132.01
170,2021-12-01,18500,1288722.279,675292.8024,49.96,127.81,132.14
170,2021-12-01,18500,1288722.27,675292.7976,49.97,128.15,132.48
170,2021-12-01,18500,1288722.007,675292.6542,50.27,127.59,131.92
170,2021-12-01,18500,1288721.163,675292.195,51.23,129.38,133.71
170,2021-12-01,18500,1288718.886,675290.9564,53.82,128.99,133.32
170,2021-12-01,18500,1288717.955,675290.4495,54.88,129.2,133.53
170,2021-12-01,18500,1288717.41,675290.153,55.5,129.62,133.95
170,2021-12-01,18500,1288716.504,675289.6604,56.53,129.57,133.9
170,2021-12-01,18500,1288715.696,675289.2204,57.45,129.65,133.98
170,2021-12-01,18500,1288714.553,675288.5987,58.75,129.28,133.61
170,2021-12-01,18500,1288713.322,675287.9292,60.15,130.43,134.76
170,2021-12-01,18500,1288712.795,675287.6422,60.75,129.8,134.13
170,2021-12-01,18500,1288711.775,675287.0875,61.91,130.28,134.61
170,2021-12-01,18500,1288710.299,675286.284,63.59,130.27,134.6
170,2021-12-01,18500,1288708.567,675285.3419,65.56,130.22,134.55
170,2021-12-01,18500,1288707.732,675284.8876,66.51,130.08,134.41
170,2021-12-01,18500,1288706.721,675284.3376,67.66,130.09,134.42
170,2021-12-01,18500,1288705.473,675283.6585,69.08,130.04,134.37
170,2021-12-01,18500,1288704.937,675283.3668,69.69,129.31,133.64
170,2021-12-01,18500,1288704.796,675283.2903,69.85,130.49,134.82
170,2021-12-01,18500,1288704.787,675283.2855,69.86,129.26,133.59
170,2021-12-01,18500,1288704.436,675283.0942,70.26,130.47,134.8
170,2021-12-01,18500,1288702.801,675282.2047,72.12,130.49,134.82
170,2021-12-01,18500,1288701.878,675281.7025,73.17,130.95,135.28
170,2021-12-01,18500,1288701.148,675281.3056,74,131.19,135.52
170,2021-12-01,18500,1288700.428,675280.9134,74.82,131.58,135.91
170,2021-12-01,18500,1288699.285,675280.2917,76.12,131.48,135.81
170,2021-12-01,18500,1288697.597,675279.3735,78.04,132.1,136.43
170,2021-12-01,18500,1288695.655,675278.3166,80.25,131.47,135.8
170,2021-12-01,18500,1288694.82,675277.8623,81.2,132.18,136.51
170,2021-12-01,18500,1288693.66,675277.231,82.52,131.3,135.63
170,2021-12-01,18500,1288691.699,675276.1645,84.75,132.33,136.66
170,2021-12-01,18500,1288689.581,675275.012,87.16,131.47,135.8
170,2021-12-01,18500,1288687.48,675273.869,89.55,131.8,136.13
170,2021-12-01,18500,1288686.399,675273.2807,90.78,132.2,136.53
170,2021-12-01,18500,1288685.344,675272.7068,91.98,132.53,136.86
170,2021-12-01,18500,1288685.256,675272.659,92.08,132.14,136.47
170,2021-12-01,18500,1288685.177,675272.616,92.17,132.41,136.74
170,2021-12-01,18500,1288684.896,675272.4629,92.49,132.26,136.59
170,2021-12-01,18500,1288684.87,675272.4486,92.52,132.28,136.61
170,2021-12-01,18500,1288684.536,675272.2669,92.9,132.01,136.34
170,2021-12-01,18500,1288684.219,675272.0947,93.26,131.9,136.23
170,2021-12-01,18500,1288683.956,675271.9512,93.56,131.94,136.27
170,2021-12-01,18500,1288682.707,675271.2721,94.98,132.21,136.54
170,2021-12-01,18500,1288681.424,675270.5739,96.44,132.56,136.89
170,2021-12-01,18500,1288680.281,675269.9522,97.74,132.2,136.53
170,2021-12-01,18500,1288679.323,675269.4309,98.83,132.17,136.5
170,2021-12-01,18500,1288678.515,675268.9909,99.75,132.45,136.78
170,2021-12-01,18500,1288677.056,675268.1971,101.41,132.51,136.84
170,2021-12-01,18500,1288676.713,675268.0105,101.8,133,137.33
170,2021-12-01,18500,1288675.289,675267.2358,103.42,132.53,136.86
170,2021-12-01,18500,1288674.287,675266.6906,104.56,132.08,136.41
170,2021-12-01,18500,1288672.441,675265.6863,106.66,132.47,136.8
170,2021-12-01,18500,1288670.876,675264.835,108.44,133.22,137.55
170,2021-12-01,18500,1288670.648,675264.7107,108.7,132.98,137.31
170,2021-12-01,18500,1288669.83,675264.2659,109.63,132.8,137.13
170,2021-12-01,18500,1288669.241,675263.9455,110.3,133.15,137.48
170,2021-12-01,18500,1288668.424,675263.5008,111.23,133.14,137.47
170,2021-12-01,18500,1288666.763,675262.5969,113.12,133.03,137.36
170,2021-12-01,18500,1288664.416,675261.32,115.79,133.11,137.44
170,2021-12-01,18500,1288662.895,675260.4926,117.52,133.26,137.59
170,2021-12-01,18500,1288661.234,675259.5888,119.41,133.71,138.04
170,2021-12-01,18500,1288659.871,675258.8475,120.96,133.88,138.21
170,2021-12-01,18500,1288658.676,675258.1971,122.32,133.44,137.77
170,2021-12-01,18500,1288657.665,675257.6471,123.47,133.02,137.35
170,2021-12-01,18500,1288657.243,675257.4176,123.95,133.6,137.93
170,2021-12-01,18500,1288656.039,675256.7624,125.32,133.92,138.25
170,2021-12-01,18500,1288654.545,675255.9494,127.02,134.43,138.76
170,2021-12-01,18500,1288653.56,675255.4138,128.14,134.6,138.93
170,2021-12-01,18500,1288650.809,675253.9169,131.27,135.04,139.37
170,2021-12-01,18500,1288648.119,675252.4535,134.33,135.03,139.36
170,2021-12-01,18500,1288646.379,675251.5066,136.31,134.91,139.24
170,2021-12-01,18500,1288644.683,675250.5836,138.24,134.76,139.09
170,2021-12-01,18500,1288643.241,675249.7992,139.88,134.93,139.26
170,2021-12-01,18500,1288641.782,675249.0054,141.54,135.24,139.57
170,2021-12-01,18500,1288640.49,675248.3024,143.01,135.2,139.53
170,2021-12-01,18500,1288639.523,675247.7763,144.11,135.72,140.05
170,2021-12-01,18500,1288638.363,675247.145,145.43,135.63,139.96
170,2021-12-01,18500,1288637.194,675246.509,146.76,135.78,140.11
170,2021-12-01,18500,1288636.165,675245.9494,147.93,136.11,140.44
170,2021-12-01,18500,1288633.88,675244.706,150.53,136.41,140.74
170,2021-12-01,18500,1288631.515,675243.4195,153.22,136.71,141.04
170,2021-12-01,18500,1288629.608,675242.3818,155.39,137.36,141.69
170,2021-12-01,18500,1288627.56,675241.2675,157.72,137.53,141.86
170,2021-12-01,18500,1288625.995,675240.4162,159.5,137.83,142.16
170,2021-12-01,18500,1288622.778,675238.6659,163.16,138.06,142.39
170,2021-12-01,18500,1288620.915,675237.652,165.28,138.18,142.51
170,2021-12-01,18500,1288618.841,675236.5234,167.64,138.32,142.65
170,2021-12-01,18500,1288615.799,675234.8687,171.1,138.21,142.54
170,2021-12-01,18500,1288614.182,675233.9887,172.94,138.16,142.49
170,2021-12-01,18500,1288613.25,675233.4818,174,138.13,142.46
170,2021-12-01,18500,1288611.835,675232.7118,175.61,138.06,142.39
170,2021-12-01,18500,1288611.22,675232.377,176.31,138.21,142.54
170,2021-12-01,18500,1288610.499,675231.9849,177.13,138.28,142.61
170,2021-12-01,18500,1288609.216,675231.2866,178.59,138.29,142.62
170,2021-12-01,18500,1288608.337,675230.8084,179.59,138.37,142.7
170,2021-12-01,18500,1288606.728,675229.9332,181.42,138.57,142.9
170,2021-12-01,18500,1288604.276,675228.5989,184.21,138.66,142.99
170,2021-12-01,18500,1288604.091,675228.4985,184.42,138.5,142.83
170,2021-12-01,18500,1288604.003,675228.4507,184.52,138.67,143
170,2021-12-01,18500,1288603.59,675228.2259,184.99,138.62,142.95
170,2021-12-01,18500,1288603.467,675228.159,185.13,138.52,142.85
170,2021-12-01,18500,1288603.467,675228.159,185.13,138.64,142.97
170,2021-12-01,18500,1288603.423,675228.1351,185.18,138.53,142.86
170,2021-12-01,18500,1288603.274,675228.0538,185.35,138.69,143.02
170,2021-12-01,18500,1288603.247,675228.0394,185.38,138.49,142.82
170,2021-12-01,18500,1288603.203,675228.0155,185.43,138.56,142.89
170,2021-12-01,18500,1288603.107,675227.9629,185.54,138.55,142.88
170,2021-12-01,18500,1288602.957,675227.8816,185.71,138.66,142.99
170,2021-12-01,18500,1288602.957,675227.8816,185.71,138.62,142.95
170,2021-12-01,18500,1288602.931,675227.8672,185.74,138.55,142.88
170,2021-12-01,18500,1288602.861,675227.829,185.82,138.66,142.99
170,2021-12-01,18500,1288602.738,675227.762,185.96,138.67,143
170,2021-12-01,18500,1288602.571,675227.6712,186.15,138.62,142.95
170,2021-12-01,18500,1288602.289,675227.5181,186.47,138.58,142.91
170,2021-12-01,18500,1288602.184,675227.4607,186.59,138.76,143.09
170,2021-12-01,18500,1288602.008,675227.3651,186.79,138.64,142.97
170,2021-12-01,18500,1288601.481,675227.0782,187.39,138.64,142.97
170,2021-12-01,18500,1288601.481,675227.0782,187.39,138.66,142.99
170,2021-12-01,18500,1288600.98,675226.8056,187.96,138.63,142.96
170,2021-12-01,18500,1288561.434,675205.2896,232.95,144.14,148.47
172,2021-12-13,4280,1288766.326,675341.4361,-8,141.29,145.62
172,2021-12-13,4280,1288759.508,675337.2345,0,135.08,139.41
172,2021-12-13,4280,1288759.499,675337.2292,0.01,135.1,139.43
172,2021-12-13,4280,1288759.499,675337.2292,0.01,135.2,139.53
172,2021-12-13,4280,1288759.499,675337.2292,0.01,135.31,139.64
172,2021-12-13,4280,1288759.414,675337.1767,0.11,135.5,139.83
172,2021-12-13,4280,1288759.269,675337.0874,0.28,135.47,139.8
172,2021-12-13,4280,1288758.954,675336.8931,0.65,135.2,139.53
172,2021-12-13,4280,1288758.604,675336.6778,1.06,135.43,139.76
172,2021-12-13,4280,1288758.314,675336.4992,1.4,135,139.33
172,2021-12-13,4280,1288757.99,675336.2996,1.78,134.9,139.23
172,2021-12-13,4280,1288757.547,675336.0265,2.3,134.82,139.15
172,2021-12-13,4280,1288757.206,675335.8165,2.7,134.16,138.49
172,2021-12-13,4280,1288756.951,675335.6589,3,133.93,138.26
172,2021-12-13,4280,1288756.721,675335.5171,3.27,134.22,138.55
172,2021-12-13,4280,1288756.703,675335.5066,3.29,134.09,138.42
172,2021-12-13,4280,1288756.695,675335.5013,3.3,133.91,138.24
172,2021-12-13,4280,1288756.61,675335.4488,3.4,134.09,138.42
172,2021-12-13,4280,1288756.61,675335.4488,3.4,134.7,139.03
172,2021-12-13,4280,1288756.61,675335.4488,3.4,134.63,138.96
172,2021-12-13,4280,1288756.61,675335.4488,3.4,135.51,139.84
172,2021-12-13,4280,1288756.61,675335.4488,3.4,135.6,139.93
172,2021-12-13,4280,1288756.61,675335.4488,3.4,134.75,139.08
172,2021-12-13,4280,1288756.567,675335.4226,3.45,133.82,138.15
172,2021-12-13,4280,1288756.567,675335.4226,3.45,134.4,138.73
172,2021-12-13,4280,1288756.533,675335.4015,3.49,133.83,138.16
172,2021-12-13,4280,1288755.63,675334.8448,4.55,133.26,137.59
172,2021-12-13,4280,1288755.186,675334.5717,5.07,133.42,137.75
172,2021-12-13,4280,1288754.649,675334.2409,5.7,134.03,138.36
172,2021-12-13,4280,1288753.72,675333.6684,6.79,134.22,138.55
172,2021-12-13,4280,1288752.783,675333.0907,7.89,132.12,136.45
172,2021-12-13,4280,1288751.854,675332.5182,8.98,132.75,137.08
172,2021-12-13,4280,1288750.524,675331.6989,10.54,131.3,135.63
172,2021-12-13,4280,1288748.803,675330.638,12.56,130.69,135.02
172,2021-12-13,4280,1288747.499,675329.8344,14.09,130.41,134.74
172,2021-12-13,4280,1288746.024,675328.9258,15.82,130.62,134.95
172,2021-12-13,4280,1288744.021,675327.6916,18.17,130.47,134.8
172,2021-12-13,4280,1288741.021,675325.8429,21.69,130.35,134.68
172,2021-12-13,4280,1288738.541,675324.3146,24.6,130.3,134.63
172,2021-12-13,4280,1288734.833,675322.0299,28.95,129.67,134
172,2021-12-13,4280,1288732.14,675320.3703,32.11,129.12,133.45
172,2021-12-13,4280,1288729.967,675319.031,34.66,128.73,133.06
172,2021-12-13,4280,1288728.219,675317.9544,36.71,129.17,133.5
172,2021-12-13,4280,1288726.711,675317.0248,38.48,128.34,132.67
172,2021-12-13,4280,1288725.407,675316.2212,40.01,129.08,133.41
172,2021-12-13,4280,1288724.529,675315.6803,41.04,128.41,132.74
172,2021-12-13,4280,1288723.711,675315.1761,42,129.11,133.44
172,2021-12-13,4280,1288723.148,675314.8294,42.66,129.21,133.54
172,2021-12-13,4280,1288721.989,675314.1152,44.02,128.56,132.89
172,2021-12-13,4280,1288720.958,675313.4797,45.23,129.27,133.6
172,2021-12-13,4280,1288719.731,675312.7234,46.67,128.81,133.14
172,2021-12-13,4280,1288718.682,675312.0774,47.9,129.42,133.75
172,2021-12-13,4280,1288717.583,675311.3999,49.19,129.11,133.44
172,2021-12-13,4280,1288716.611,675310.8011,50.33,129.17,133.5
172,2021-12-13,4280,1288715.409,675310.0606,51.74,129.53,133.86
172,2021-12-13,4280,1288713.824,675309.0837,53.6,129.73,134.06
172,2021-12-13,4280,1288712.273,675308.1279,55.42,130.01,134.34
172,2021-12-13,4280,1288710.807,675307.2245,57.14,130.5,134.83
172,2021-12-13,4280,1288709.375,675306.3422,58.82,131.01,135.34
172,2021-12-13,4280,1288708.097,675305.5544,60.32,131.33,135.66
172,2021-12-13,4280,1288706.511,675304.5775,62.18,131.68,136.01
172,2021-12-13,4280,1288705.378,675303.879,63.51,131.9,136.23
172,2021-12-13,4280,1288704.363,675303.254,64.7,132.06,136.39
172,2021-12-13,4280,1288703.059,675302.4505,66.23,132.41,136.74
172,2021-12-13,4280,1288701.559,675301.5261,67.99,132.73,137.06
172,2021-12-13,4280,1288699.582,675300.3076,70.31,133.09,137.42
172,2021-12-13,4280,1288698.031,675299.3518,72.13,133.27,137.6
172,2021-12-13,4280,1288696.437,675298.3696,74,133.31,137.64
172,2021-12-13,4280,1288695.286,675297.6606,75.35,133.23,137.56
172,2021-12-13,4280,1288694.247,675297.0199,76.57,133.51,137.84
172,2021-12-13,4280,1288693.028,675296.2688,78,133.79,138.12
172,2021-12-13,4280,1288691.715,675295.46,79.54,134.05,138.38
172,2021-12-13,4280,1288690.71,675294.8403,80.72,134.24,138.57
172,2021-12-13,4280,1288689.772,675294.2626,81.82,134.3,138.63
172,2021-12-13,4280,1288688.775,675293.6481,82.99,134.37,138.7
172,2021-12-13,4280,1288687.548,675292.8918,84.43,134.34,138.67
172,2021-12-13,4280,1288686.687,675292.3614,85.44,134.27,138.6
172,2021-12-13,4280,1288685.937,675291.8992,86.32,134.4,138.73
172,2021-12-13,4280,1288684.948,675291.2899,87.48,134.4,138.73
172,2021-12-13,4280,1288683.678,675290.5074,88.97,134.7,139.03
172,2021-12-13,4280,1288682.246,675289.6251,90.65,134.74,139.07
172,2021-12-13,4280,1288681.189,675288.9738,91.89,134.88,139.21
172,2021-12-13,4280,1288680.167,675288.3436,93.09,134.95,139.28
172,2021-12-13,4280,1288679.059,675287.6608,94.39,134.83,139.16
172,2021-12-13,4280,1288678.411,675287.2617,95.15,134.83,139.16
172,2021-12-13,4280,1288677.865,675286.9255,95.79,134.91,139.24
172,2021-12-13,4280,1288677.201,675286.5159,96.57,135.14,139.47
172,2021-12-13,4280,1288676.442,675286.0484,97.46,134.98,139.31
172,2021-12-13,4280,1288675.752,675285.623,98.27,135.07,139.4
172,2021-12-13,4280,1288674.84,675285.0611,99.34,134.97,139.3
172,2021-12-13,4280,1288674.073,675284.5884,100.24,135.11,139.44
172,2021-12-13,4280,1288673.433,675284.1945,100.99,135.14,139.47
172,2021-12-13,4280,1288672.3,675283.496,102.32,135.32,139.65
172,2021-12-13,4280,1288671.499,675283.0023,103.26,135.4,139.73
172,2021-12-13,4280,1288670.51,675282.393,104.42,135.48,139.81
172,2021-12-13,4280,1288669.649,675281.8626,105.43,135.59,139.92
172,2021-12-13,4280,1288668.882,675281.3899,106.33,135.47,139.8
172,2021-12-13,4280,1288667.604,675280.6021,107.83,135.68,140.01
172,2021-12-13,4280,1288666.589,675279.9771,109.02,135.78,140.11
172,2021-12-13,4280,1288665.694,675279.4257,110.07,135.88,140.21
172,2021-12-13,4280,1288664.706,675278.8164,111.23,136.02,140.35
172,2021-12-13,4280,1288663.76,675278.2335,112.34,136.07,140.4
172,2021-12-13,4280,1288663.069,675277.808,113.15,136.04,140.37
172,2021-12-13,4280,1288662.626,675277.5349,113.67,136.12,140.45
172,2021-12-13,4280,1288662.243,675277.2986,114.12,136.13,140.46
172,2021-12-13,4280,1288661.995,675277.1463,114.41,136.06,140.39
172,2021-12-13,4280,1288661.365,675276.7576,115.15,136.1,140.43
172,2021-12-13,4280,1288660.478,675276.2114,116.19,136.07,140.4
172,2021-12-13,4280,1288659.856,675275.828,116.92,136.02,140.35
172,2021-12-13,4280,1288658.833,675275.1978,118.12,136.2,140.53
172,2021-12-13,4280,1288657.87,675274.6043,119.25,136.25,140.58
172,2021-12-13,4280,1288656.95,675274.0371,120.33,136.28,140.61
172,2021-12-13,4280,1288655.126,675272.9132,122.47,136.23,140.56
172,2021-12-13,4280,1288653.541,675271.9363,124.33,136.18,140.51
172,2021-12-13,4280,1288651.93,675270.9437,126.22,136.33,140.66
172,2021-12-13,4280,1288650.379,675269.9878,128.04,136.24,140.57
172,2021-12-13,4280,1288649.219,675269.2735,129.4,136.23,140.56
172,2021-12-13,4280,1288648.427,675268.7851,130.33,136.37,140.7
172,2021-12-13,4280,1288647.523,675268.2284,131.39,136.29,140.62
172,2021-12-13,4280,1288646.518,675267.6086,132.57,136.36,140.69
172,2021-12-13,4280,1288645.137,675266.7578,134.19,136.36,140.69
172,2021-12-13,4280,1288643.91,675266.0015,135.63,136.33,140.66
172,2021-12-13,4280,1288642.767,675265.2978,136.97,136.4,140.73
172,2021-12-13,4280,1288641.83,675264.72,138.07,136.47,140.8
172,2021-12-13,4280,1288640.833,675264.1056,139.24,136.51,140.84
172,2021-12-13,4280,1288639.691,675263.4018,140.58,136.54,140.87
172,2021-12-13,4280,1288638.71,675262.7978,141.73,136.55,140.88
172,2021-12-13,4280,1288637.645,675262.1413,142.98,136.69,141.02
172,2021-12-13,4280,1288636.776,675261.6056,144,136.69,141.02
172,2021-12-13,4280,1288635.983,675261.1172,144.93,136.75,141.08
172,2021-12-13,4280,1288634.628,675260.2821,146.52,136.79,141.12
172,2021-12-13,4280,1288633.631,675259.6676,147.69,136.91,141.24
172,2021-12-13,4280,1288632.676,675259.0794,148.81,136.94,141.27
172,2021-12-13,4280,1288631.423,675258.3073,150.28,137.01,141.34
172,2021-12-13,4280,1288630.187,675257.5458,151.73,137.16,141.49
172,2021-12-13,4280,1288628.662,675256.6057,153.52,137.32,141.65
172,2021-12-13,4280,1288627.469,675255.8704,154.92,137.39,141.72
172,2021-12-13,4280,1288626.42,675255.2244,156.15,137.54,141.87
172,2021-12-13,4280,1288625.5,675254.6572,157.23,137.61,141.94
172,2021-12-13,4280,1288624.775,675254.2108,158.08,137.64,141.97
172,2021-12-13,4280,1288624.128,675253.8116,158.84,137.72,142.05
172,2021-12-13,4280,1288623.48,675253.4125,159.6,137.78,142.11
172,2021-12-13,4280,1288622.824,675253.0081,160.37,137.78,142.11
172,2021-12-13,4280,1288622.235,675252.6457,161.06,137.84,142.17
172,2021-12-13,4280,1288621.545,675252.2203,161.87,137.89,142.22
172,2021-12-13,4280,1288621.008,675251.8894,162.5,137.93,142.26
172,2021-12-13,4280,1288620.403,675251.5165,163.21,137.94,142.27
172,2021-12-13,4280,1288619.474,675250.944,164.3,138.02,142.35
172,2021-12-13,4280,1288618.528,675250.3611,165.41,138.11,142.44
172,2021-12-13,4280,1288617.377,675249.652,166.76,138.19,142.52
172,2021-12-13,4280,1288616.372,675249.0323,167.94,138.28,142.61
172,2021-12-13,4280,1288615.477,675248.4808,168.99,138.27,142.6
172,2021-12-13,4280,1288614.795,675248.0607,169.79,138.28,142.61
172,2021-12-13,4280,1288613.925,675247.525,170.81,138.32,142.65
172,2021-12-13,4280,1288612.886,675246.8842,172.03,138.4,142.73
172,2021-12-13,4280,1288611.837,675246.2382,173.26,138.38,142.71
172,2021-12-13,4280,1288610.653,675245.5082,174.65,138.39,142.72
172,2021-12-13,4280,1288609.323,675244.6889,176.21,138.42,142.75
172,2021-12-13,4280,1288608.3,675244.0587,177.41,138.43,142.76
172,2021-12-13,4280,1288607.133,675243.3391,178.78,138.44,142.77
172,2021-12-13,4280,1288605.871,675242.5618,180.26,138.46,142.79
172,2021-12-13,4280,1288604.618,675241.7898,181.73,138.44,142.77
172,2021-12-13,4280,1288603.331,675240.9967,183.24,138.46,142.79
172,2021-12-13,4280,1288602.368,675240.4033,184.37,138.5,142.83
172,2021-12-13,4280,1288601.439,675239.8308,185.46,138.47,142.8
172,2021-12-13,4280,1288600.331,675239.148,186.76,138.5,142.83
172,2021-12-13,4280,1288599.487,675238.6281,187.75,138.53,142.86
172,2021-12-13,4280,1288598.379,675237.9453,189.05,138.56,142.89
172,2021-12-13,4280,1288597.519,675237.4149,190.06,138.56,142.89
172,2021-12-13,4280,1288596.385,675236.7163,191.39,138.56,142.89
172,2021-12-13,4280,1288595.311,675236.0546,192.65,138.6,142.93
172,2021-12-13,4280,1288594.186,675235.3613,193.97,138.61,142.94
172,2021-12-13,4280,1288593.121,675234.7048,195.22,138.64,142.97
172,2021-12-13,4280,1288592.303,675234.2006,196.18,138.66,142.99
172,2021-12-13,4280,1288591.518,675233.7175,197.1,138.7,143.03
172,2021-12-13,4280,1288590.564,675233.1292,198.22,138.66,142.99
172,2021-12-13,4280,1288590.069,675232.8246,198.8,138.76,143.09
172,2021-12-13,4280,1288589.345,675232.3782,199.65,138.69,143.02
172,2021-12-13,4280,1288588.936,675232.1261,200.13,138.7,143.03
172,2021-12-13,4280,1288588.297,675231.7322,200.88,138.7,143.03
172,2021-12-13,4280,1288587.7,675231.3646,201.58,138.66,142.99
172,2021-12-13,4280,1288587.359,675231.1545,201.98,138.68,143.01
172,2021-12-13,4280,1288586.848,675230.8394,202.58,138.65,142.98
172,2021-12-13,4280,1288586.294,675230.498,203.23,138.66,142.99
172,2021-12-13,4280,1288585.552,675230.041,204.1,138.65,142.98
172,2021-12-13,4280,1288585.092,675229.7574,204.64,138.67,143
172,2021-12-13,4280,1288584.436,675229.353,205.41,138.62,142.95
172,2021-12-13,4280,1288583.745,675228.9276,206.22,138.61,142.94
172,2021-12-13,4280,1288583.294,675228.6493,206.75,138.6,142.93
172,2021-12-13,4280,1288582.885,675228.3972,207.23,138.6,142.93
172,2021-12-13,4280,1288582.612,675228.2291,207.55,138.56,142.89
172,2021-12-13,4280,1288582.356,675228.0715,207.85,138.55,142.88
172,2021-12-13,4280,1288582.109,675227.9192,208.14,138.57,142.9
172,2021-12-13,4280,1288581.836,675227.7512,208.46,138.55,142.88
172,2021-12-13,4280,1288581.623,675227.6199,208.71,138.56,142.89
172,2021-12-13,4280,1288581.47,675227.5253,208.89,138.57,142.9
172,2021-12-13,4280,1288581.274,675227.4045,209.12,138.58,142.91
172,2021-12-13,4280,1288581.086,675227.289,209.34,138.62,142.95
172,2021-12-13,4280,1288580.899,675227.1735,209.56,138.58,142.91
172,2021-12-13,4280,1288580.694,675227.0474,209.8,138.6,142.93
172,2021-12-13,4280,1288580.387,675226.8583,210.16,138.61,142.94
172,2021-12-13,4280,1288580.157,675226.7165,210.43,138.61,142.94
172,2021-12-13,4280,1288579.876,675226.5432,210.76,138.61,142.94
172,2021-12-13,4280,1288579.578,675226.3594,211.11,138.64,142.97
172,2021-12-13,4280,1288579.356,675226.2228,211.37,138.64,142.97
172,2021-12-13,4280,1288579.169,675226.1073,211.59,138.65,142.98
172,2021-12-13,4280,1288578.972,675225.9865,211.82,138.66,142.99
172,2021-12-13,4280,1288578.862,675225.9182,211.95,138.7,143.03
172,2021-12-13,4280,1288578.691,675225.8132,212.15,138.59,142.92
172,2021-12-13,4280,1288578.58,675225.7449,212.28,138.65,142.98
172,2021-12-13,4280,1288578.384,675225.6241,212.51,138.66,142.99
172,2021-12-13,4280,1288578.197,675225.5086,212.73,138.69,143.02
172,2021-12-13,4280,1288578.009,675225.393,212.95,138.7,143.03
172,2021-12-13,4280,1288577.856,675225.2985,213.13,138.74,143.07
172,2021-12-13,4280,1288577.762,675225.2407,213.24,138.69,143.02
172,2021-12-13,4280,1288577.677,675225.1882,213.34,138.69,143.02
172,2021-12-13,4280,1288577.609,675225.1462,213.42,138.68,143.01
172,2021-12-13,4280,1288577.575,675225.1252,213.46,138.72,143.05
172,2021-12-13,4280,1288577.558,675225.1147,213.48,138.72,143.05
172,2021-12-13,4280,1288577.549,675225.1094,213.49,138.68,143.01
172,2021-12-13,4280,1288577.524,675225.0937,213.52,138.72,143.05
172,2021-12-13,4280,1288577.489,675225.0726,213.56,138.72,143.05
172,2021-12-13,4280,1288577.438,675225.0411,213.62,138.72,143.05
172,2021-12-13,4280,1288577.379,675225.0044,213.69,138.73,143.06
172,2021-12-13,4280,1288577.293,675224.9519,213.79,138.73,143.06
172,2021-12-13,4280,1288577.157,675224.8678,213.95,138.77,143.1
172,2021-12-13,4280,1288566.929,675218.5654,225.95,141.29,145.62
